"id_data","nomor_sumber","nama_rumah","harga","luas_tanah","luas_bangunan","kamar_tidur","kamar_mandi","jumlah_garasi","garasi","harga_per_m2_tanah","harga_per_m2_bangunan","flag_data_tidak_valid","flag_outlier_iqr_harga","flag_outlier_iqr_luas_tanah","flag_outlier_iqr_luas_bangunan","flag_outlier_iqr_kamar_tidur","flag_outlier_iqr_kamar_mandi","flag_outlier_iqr_jumlah_garasi","flag_outlier_iqr"
"RMT0001",1,"Rumah Murah Hook Tebet Timur, Tebet, Jakarta Selatan",3800000000,220,220,3,3,0,"tidak_ada",17272727.27,17272727.27,FALSE,FALSE,FALSE,FALSE,FALSE,FALSE,FALSE,FALSE
"RMT0002",2,"Rumah Modern di Tebet dekat Stasiun, Tebet, Jakarta Selatan",4600000000,137,180,4,3,2,"ada",33576642.34,25555555.56,FALSE,FALSE,FALSE,FALSE,FALSE,FALSE,FALSE,FALSE
"RMT0003",3,"Rumah Mewah 2 Lantai Hanya 3 Menit Ke Tebet, Tebet, Jakarta Selatan",3000000000,250,267,4,4,4,"ada",12000000,11235955.06,FALSE,FALSE,FALSE,FALSE,FALSE,FALSE,TRUE,TRUE
"RMT0004",4,"Rumah Baru Tebet, Tebet, Jakarta Selatan",430000000,25,40,2,2,0,"tidak_ada",17200000,10750000,FALSE,FALSE,FALSE,FALSE,TRUE,FALSE,FALSE,TRUE
"RMT0005",5,"Rumah Bagus Tebet komp Gudang Peluru lt 350m, Tebet, Jakarta Selatan",9000000000,355,400,6,5,3,"ada",25352112.68,22500000,FALSE,FALSE,FALSE,FALSE,FALSE,FALSE,FALSE,FALSE
"RMT0006",6,"Rumah Mewah Modern Murah 3 lantai di Tebet Jakarta Selatan, Tebet, Jakarta Selatan",4970000000,154,300,5,3,3,"ada",32272727.27,16566666.67,FALSE,FALSE,FALSE,FALSE,FALSE,FALSE,FALSE,FALSE
"RMT0007",7,"Rumah lama di Tebet, dekat MT Haryono dan tol dalam kota, jalan 1 mobil hanya 30M dr jln besar, Tebet, Jakarta Selatan",2600000000,150,120,3,2,1,"ada",17333333.33,21666666.67,FALSE,FALSE,FALSE,FALSE,FALSE,FALSE,FALSE,FALSE
"RMT0008",8,"RUMAH BAGUS KEREN JALAN LEBAR DI AREA & KAWASAN TERBAIK TEBET, Tebet, Jakarta Selatan",10500000000,247,350,4,4,0,"tidak_ada",42510121.46,30000000,FALSE,FALSE,FALSE,FALSE,FALSE,FALSE,FALSE,FALSE
"RMT0009",9,"Minimalis Baru Jalan 1 Mobil Akses Mudah Dekat ke Jalan Lebar, Tebet, Jakarta Selatan",3250000000,90,125,3,3,0,"tidak_ada",36111111.11,26000000,FALSE,FALSE,FALSE,FALSE,FALSE,FALSE,FALSE,FALSE
"RMT0010",10,"Minimalis Baru Jalan 2 Mobil Tebet Timur, Tebet, Jakarta Selatan",4500000000,96,250,5,4,1,"ada",46875000,18000000,FALSE,FALSE,FALSE,FALSE,FALSE,FALSE,FALSE,FALSE
"RMT0011",11,"Brand New house di Tebet Barat, Tebet, Jakarta Selatan",3600000000,110,154,3,3,3,"ada",32727272.73,23376623.38,FALSE,FALSE,FALSE,FALSE,FALSE,FALSE,FALSE,FALSE
"RMT0012",12,"Rumah Mewah di TEBET, Tebet, Jakarta Selatan",9500000000,240,450,4,4,1,"ada",39583333.33,21111111.11,FALSE,FALSE,FALSE,FALSE,FALSE,FALSE,FALSE,FALSE
"RMT0013",13,"Rumah bagus di tebet, jakarta selatan, Tebet, Jakarta Selatan",10500000000,118,218,3,3,2,"ada",88983050.85,48165137.61,FALSE,FALSE,FALSE,FALSE,FALSE,FALSE,FALSE,FALSE
"RMT0014",14,"#BAWAHNJOP#MURAH#CASHONLY#LELANG# RUMAH ASEM BARIS RAYAI COCOK UNTUK USAHA DEKAT SAAS, Tebet, Jakarta Selatan",12500000000,979,200,4,2,6,"ada",12768130.75,62500000,FALSE,FALSE,TRUE,FALSE,FALSE,FALSE,TRUE,TRUE
"RMT0015",15,"Rukan Baru Siap Pakai di Tebet Jakarta Selatan, Tebet, Jakarta Selatan",4600000000,137,180,5,4,2,"ada",33576642.34,25555555.56,FALSE,FALSE,FALSE,FALSE,FALSE,FALSE,FALSE,FALSE
"RMT0016",16,"Rumah bebas banjir di kebon baru tebet, Tebet, Jakarta Selatan",3000000000,144,126,4,2,2,"ada",20833333.33,23809523.81,FALSE,FALSE,FALSE,FALSE,FALSE,FALSE,FALSE,FALSE
"RMT0017",17,"Rumah jalan 2 mobil, Tebet, Jakarta Selatan",6000000000,150,400,5,4,1,"ada",40000000,15000000,FALSE,FALSE,FALSE,FALSE,FALSE,FALSE,FALSE,FALSE
"RMT0018",18,"Rumah standard hitung tanah di tebet dalam jakarta selatan, Tebet, Jakarta Selatan",7500000000,253,150,5,2,2,"ada",29644268.77,50000000,FALSE,FALSE,FALSE,FALSE,FALSE,FALSE,FALSE,FALSE
"RMT0019",19,"RUMAH MEWAH CANTIK DI MENTENG DALAM TEBET JAKARTA SELATAN, Tebet, Jakarta Selatan",18000000000,251,200,5,3,3,"ada",71713147.41,90000000,FALSE,TRUE,FALSE,FALSE,FALSE,FALSE,FALSE,TRUE
"RMT0020",20,"BRAND NEW 3 LANTAI DENGAN FASILITAS KOLAM RENANG DI TEBET - JAKSEL, Tebet, Jakarta Selatan",9700000000,248,450,5,5,4,"ada",39112903.23,21555555.56,FALSE,FALSE,FALSE,FALSE,FALSE,FALSE,TRUE,TRUE
"RMT0021",21,"Rumah mewah 2 Lantai Murah full furnished bebas banjir di lokasi strategis rasamala tebet jakarta selatan, Tebet, Jakarta Selatan",14000000000,700,300,8,5,2,"ada",20000000,46666666.67,FALSE,FALSE,TRUE,FALSE,TRUE,FALSE,FALSE,TRUE
"RMT0022",22,"Rumah di Tebet timur, Tebet, Jakarta Selatan",8000000000,218,315,7,3,2,"ada",36697247.71,25396825.4,FALSE,FALSE,FALSE,FALSE,TRUE,FALSE,FALSE,TRUE
"RMT0023",23,"Rumah di Tebet, kebon baru, Tebet, Jakarta Selatan",700000000,75,75,2,3,0,"tidak_ada",9333333.33,9333333.33,FALSE,FALSE,FALSE,FALSE,TRUE,FALSE,FALSE,TRUE
"RMT0024",24,"Rumah di Tebet , kebon baru , jakarta selatan, Tebet, Jakarta Selatan",5500000000,230,350,5,5,3,"ada",23913043.48,15714285.71,FALSE,FALSE,FALSE,FALSE,FALSE,FALSE,FALSE,FALSE
"RMT0025",25,"Rumah 1.5 Lt Di Asem Baris Tebet Jakarta Selatan, Tebet, Jakarta Selatan",11000000000,695,650,9,6,2,"ada",15827338.13,16923076.92,FALSE,FALSE,TRUE,FALSE,TRUE,TRUE,FALSE,TRUE
"RMT0026",26,"Rumah siap huni, Tebet, Jakarta Selatan",4000000000,199,250,8,2,2,"ada",20100502.51,16000000,FALSE,FALSE,FALSE,FALSE,TRUE,FALSE,FALSE,TRUE
"RMT0027",27,"Rumah Baru, Bagus, di tebet Barat, Jajarta Selatan, Tebet, Jakarta Selatan",3900000000,130,210,3,4,2,"ada",30000000,18571428.57,FALSE,FALSE,FALSE,FALSE,FALSE,FALSE,FALSE,FALSE
"RMT0028",28,"Rumah Minimalis Plus Mini Swimming Pool , Tebet, Tebet, Jakarta Selatan",6500000000,200,300,5,5,4,"ada",32500000,21666666.67,FALSE,FALSE,FALSE,FALSE,FALSE,FALSE,TRUE,TRUE
"RMT0029",29,"Rumah Bagus Siap Huni, Tebet, Jakarta Selatan",5800000000,200,175,6,4,2,"ada",29000000,33142857.14,FALSE,FALSE,FALSE,FALSE,FALSE,FALSE,FALSE,FALSE
"RMT0030",30,"Rumah Brand New Minimalis Elegan 2 Lantai Lokasi Strategis 5 Menit Ke Stasiun di Tebet, Tebet, Jakarta Selatan",3200000000,110,140,3,3,2,"ada",29090909.09,22857142.86,FALSE,FALSE,FALSE,FALSE,FALSE,FALSE,FALSE,FALSE
"RMT0031",31,"Rumah Daerah Tebet, Tebet, Jakarta Selatan",8800000000,230,400,5,5,2,"ada",38260869.57,22000000,FALSE,FALSE,FALSE,FALSE,FALSE,FALSE,FALSE,FALSE
"RMT0032",32,"Rumah Mewah Furnished Tebet Barat Swimming Poll Akses Patra Kuningan, Tebet, Jakarta Selatan",42000000000,600,900,7,7,1,"ada",70000000,46666666.67,FALSE,TRUE,TRUE,TRUE,TRUE,TRUE,FALSE,TRUE
"RMT0033",33,"Rumah pinggir jalan daerah tebet masuk mobil, Tebet, Jakarta Selatan",1100000000,102,102,2,1,0,"tidak_ada",10784313.73,10784313.73,FALSE,FALSE,FALSE,FALSE,TRUE,TRUE,FALSE,TRUE
"RMT0034",34,"Rumah mewah hook siap huni dan terawat di gudang peluru tebet, Tebet, Jakarta Selatan",10900000000,428,646,5,5,2,"ada",25467289.72,16873065.02,FALSE,FALSE,FALSE,FALSE,FALSE,FALSE,FALSE,FALSE
"RMT0035",35,"Rumah tebet, Tebet, Jakarta Selatan",3600000000,200,145,8,8,1,"ada",18000000,24827586.21,FALSE,FALSE,FALSE,FALSE,TRUE,TRUE,FALSE,TRUE
"RMT0036",36,"Rumah baru Minimalis, Tebet, Jakarta Selatan",4000000000,120,220,4,4,3,"ada",33333333.33,18181818.18,FALSE,FALSE,FALSE,FALSE,FALSE,FALSE,FALSE,FALSE
"RMT0037",37,"Rumah mewah murah dalam komplek di tebet, Tebet, Jakarta Selatan",6000000000,222,325,6,5,0,"tidak_ada",27027027.03,18461538.46,FALSE,FALSE,FALSE,FALSE,FALSE,FALSE,FALSE,FALSE
"RMT0038",38,"Rumah Minimalis 3 Lantai lokasi strategis bebas banjir ada mini kolam renang di tebet jakarta selatan, Tebet, Jakarta Selatan",6500000000,200,300,5,5,1,"ada",32500000,21666666.67,FALSE,FALSE,FALSE,FALSE,FALSE,FALSE,FALSE,FALSE
"RMT0039",39,"Rumah Siap Huni Hadap Timur di Tebet, Tebet, Jakarta Selatan",4500000000,154,250,6,3,1,"ada",29220779.22,18000000,FALSE,FALSE,FALSE,FALSE,FALSE,FALSE,FALSE,FALSE
"RMT0040",40,"Rumah Minimalis di Tebet Jakarta Selatan, Tebet, Jakarta Selatan",4500000000,105,247,5,5,1,"ada",42857142.86,18218623.48,FALSE,FALSE,FALSE,FALSE,FALSE,FALSE,FALSE,FALSE
"RMT0041",41,"rumah 2 lantai , jalan depan 1 mobil , SHM , Tebet timur , Jakarta Selatan, Tebet, Jakarta Selatan",4000000000,140,200,4,4,2,"ada",28571428.57,20000000,FALSE,FALSE,FALSE,FALSE,FALSE,FALSE,FALSE,FALSE
"RMT0042",42,"FATHUR TEBET RUMAH BAGUS lt 90m2 LOKASI BAGUS. HUB FATHUR:0818398080, Tebet, Jakarta Selatan",2600000000,90,150,3,2,2,"ada",28888888.89,17333333.33,FALSE,FALSE,FALSE,FALSE,FALSE,FALSE,FALSE,FALSE
"RMT0043",43,"Rumah tua layak huni, HITUNG TANAH di Tebet Barat, Jakarta Selatan, Tebet, Jakarta Selatan",5500000000,239,210,8,5,1,"ada",23012552.3,26190476.19,FALSE,FALSE,FALSE,FALSE,TRUE,FALSE,FALSE,TRUE
"RMT0044",44,"Di Juaal Cepat Rumah Mewah Di Menteng Dalam Fully Furnished dan Bangun Kualitas Terbaik hrg 15 M, Tebet, Jakarta Selatan",15000000000,643,339,7,5,5,"ada",23328149.3,44247787.61,FALSE,FALSE,TRUE,FALSE,TRUE,FALSE,TRUE,TRUE
"RMT0045",45,"Rumah 2 Lt bagus dan TERMURAH Akses Jalan 2 Mobil di Tebet Utara, Tebet, jakarta Selatan, Tebet, Jakarta Selatan",3500000000,100,190,5,4,2,"ada",35000000,18421052.63,FALSE,FALSE,FALSE,FALSE,FALSE,FALSE,FALSE,FALSE
"RMT0046",46,"Rumah tebet jakarta selatan, Tebet, Jakarta Selatan",6000000000,240,450,9,9,0,"tidak_ada",25000000,13333333.33,FALSE,FALSE,FALSE,FALSE,TRUE,TRUE,FALSE,TRUE
"RMT0047",47,"RUMAH MURAH DI JAKARTA SELATAN, Tebet, Jakarta Selatan",8000000000,232,300,6,5,0,"tidak_ada",34482758.62,26666666.67,FALSE,FALSE,FALSE,FALSE,FALSE,FALSE,FALSE,FALSE
"RMT0048",48,"Rumah Layak Huni, Tebet, Jakarta Selatan",9500000000,305,352,4,3,0,"tidak_ada",31147540.98,26988636.36,FALSE,FALSE,FALSE,FALSE,FALSE,FALSE,FALSE,FALSE
"RMT0049",49,"Rumah Modern Minimalis 3 Lantai Full Furnished di Tebet Jakarta Selatan, Tebet, Jakarta Selatan",4300000000,146,135,6,6,1,"ada",29452054.79,31851851.85,FALSE,FALSE,FALSE,FALSE,FALSE,TRUE,FALSE,TRUE
"RMT0050",50,"TEBET RUMAH MURAH 135m HUB FATHUR: 0818398080-PR 22726, Tebet, Jakarta Selatan",3800000000,135,200,3,4,0,"tidak_ada",28148148.15,19000000,FALSE,FALSE,FALSE,FALSE,FALSE,FALSE,FALSE,FALSE
"RMT0051",51,"Rumah baru & mewah di Tebet Jaksel, Tebet, Jakarta Selatan",41000000000,600,850,7,7,0,"tidak_ada",68333333.33,48235294.12,FALSE,TRUE,TRUE,TRUE,TRUE,TRUE,FALSE,TRUE
"RMT0052",52,"Rumah Tebet Dalam Jakarta Selatan, Tebet, Jakarta Selatan",4000000000,175,190,4,2,1,"ada",22857142.86,21052631.58,FALSE,FALSE,FALSE,FALSE,FALSE,FALSE,FALSE,FALSE
"RMT0053",53,"rumah lama layak huni strategis dekat jalan tebet raya, Tebet, Jakarta Selatan",2500000000,90,120,4,1,1,"ada",27777777.78,20833333.33,FALSE,FALSE,FALSE,FALSE,FALSE,TRUE,FALSE,TRUE
"RMT0054",54,"Rumah Huk, Tebet ,SHM+IMB ,menteng dalem , jakarta Selatan, Tebet, Jakarta Selatan",4750000000,196,180,5,5,1,"ada",24234693.88,26388888.89,FALSE,FALSE,FALSE,FALSE,FALSE,FALSE,FALSE,FALSE
"RMT0055",55,"Rumah di tebet, Jakarta Selatan, dekat tol, Tebet, Jakarta Selatan",23000000000,610,750,8,6,4,"ada",37704918.03,30666666.67,FALSE,TRUE,TRUE,TRUE,TRUE,TRUE,TRUE,TRUE
"RMT0056",56,"Rumah Cantik 3 Lt @Brand New Akses Jalan 2 Mobil TERMURAH di Tebet Timur, Tebet, Jakarta Selatan",4400000000,96,250,6,5,2,"ada",45833333.33,17600000,FALSE,FALSE,FALSE,FALSE,FALSE,FALSE,FALSE,FALSE
"RMT0057",57,"Rumah cantik, minimalis , strategis & murah di Tebet, Tebet, Jakarta Selatan",4500000000,140,220,5,4,2,"ada",32142857.14,20454545.45,FALSE,FALSE,FALSE,FALSE,FALSE,FALSE,FALSE,FALSE
"RMT0058",58,"hunian asri diselatan jakarta, Tebet, Jakarta Selatan",5000000000,180,250,5,3,2,"ada",27777777.78,20000000,FALSE,FALSE,FALSE,FALSE,FALSE,FALSE,FALSE,FALSE
"RMT0059",59,"Rumah Mewah Cantik Asri Siap Huni Di Gudang Peluru Tebet Jakarta Selatan, Tebet, Jakarta Selatan",13000000000,393,200,5,3,1,"ada",33078880.41,65000000,FALSE,FALSE,FALSE,FALSE,FALSE,FALSE,FALSE,FALSE
"RMT0060",60,"Rumah ditebet barat1, Tebet, Jakarta Selatan",4150000000,135,216,5,4,1,"ada",30740740.74,19212962.96,FALSE,FALSE,FALSE,FALSE,FALSE,FALSE,FALSE,FALSE
"RMT0061",61,"Rumah Tebet Barat Dalam XB, Tebet, Jakarta Selatan",3800000000,130,260,6,3,2,"ada",29230769.23,14615384.62,FALSE,FALSE,FALSE,FALSE,FALSE,FALSE,FALSE,FALSE
"RMT0062",62,"Rumah Tercantik dilokasi strategis, Tebet, Jakarta Selatan",18000000000,410,300,5,3,0,"tidak_ada",43902439.02,60000000,FALSE,TRUE,FALSE,FALSE,FALSE,FALSE,FALSE,TRUE
"RMT0063",63,"Rumah Bagus dan Minimalis Tebet, Tebet, Jakarta Selatan",8100000000,240,245,3,3,2,"ada",33750000,33061224.49,FALSE,FALSE,FALSE,FALSE,FALSE,FALSE,FALSE,FALSE
"RMT0064",64,"Rumah terawat siap huni bagus jalanan dua mobil di Tebet, Tebet, Jakarta Selatan",5250000000,108,147,4,3,2,"ada",48611111.11,35714285.71,FALSE,FALSE,FALSE,FALSE,FALSE,FALSE,FALSE,FALSE
"RMT0065",65,"Rumah Asri Dan Sangat Strateaigis Di Tebet, Tebet, Jakarta Selatan",4500000000,145,120,6,4,2,"ada",31034482.76,37500000,FALSE,FALSE,FALSE,FALSE,FALSE,FALSE,FALSE,FALSE
"RMT0066",66,"Rumah Lokasi Strategis Dekat Jalan Raya di Tebet, Tebet, Jakarta Selatan",6200000000,200,170,8,5,2,"ada",31000000,36470588.24,FALSE,FALSE,FALSE,FALSE,TRUE,FALSE,FALSE,TRUE
"RMT0067",67,"rumah tebet, bonus apartemen dan mobil, Tebet, Jakarta Selatan",6500000000,200,250,6,3,2,"ada",32500000,26000000,FALSE,FALSE,FALSE,FALSE,FALSE,FALSE,FALSE,FALSE
"RMT0068",68,"Rumah Baru Murah di Tebet Timur Jakarta Selatan, Tebet, Jakarta Selatan",3500000000,112,170,4,5,2,"ada",31250000,20588235.29,FALSE,FALSE,FALSE,FALSE,FALSE,FALSE,FALSE,FALSE
"RMT0069",69,"Rumah Terawat Akses One Get One, Tebet, Jakarta Selatan",3199000000,149,150,3,2,0,"tidak_ada",21469798.66,21326666.67,FALSE,FALSE,FALSE,FALSE,FALSE,FALSE,FALSE,FALSE
"RMT0070",70,"Rumah Tebet Jalan 2 Mobil Lokasi Strategis, Tebet, Jakarta Selatan",3200000000,130,150,3,2,1,"ada",24615384.62,21333333.33,FALSE,FALSE,FALSE,FALSE,FALSE,FALSE,FALSE,FALSE
"RMT0071",71,"RUMAH BARU MURAH SIAP HUNI DI TEBET TIMUR JAKRTA - YUNIA , 081282940124, Tebet, Jakarta Selatan",3799000000,130,200,3,3,1,"ada",29223076.92,18995000,FALSE,FALSE,FALSE,FALSE,FALSE,FALSE,FALSE,FALSE
"RMT0072",72,"Rumah Bagus, Siap Huni, Tebet, Jakarta Selatan",6000000000,198,250,7,4,2,"ada",30303030.3,24000000,FALSE,FALSE,FALSE,FALSE,TRUE,FALSE,FALSE,TRUE
"RMT0073",73,"Rumah Second Hook Lokasi Premium Di Tebet - YUNIA 081282940124, Tebet, Jakarta Selatan",9790000000,393,403,5,3,2,"ada",24910941.48,24292803.97,FALSE,FALSE,FALSE,FALSE,FALSE,FALSE,FALSE,FALSE
"RMT0074",74,"rumah tinggal tempati., Tebet, Jakarta Selatan",5500000000,270,170,6,3,1,"ada",20370370.37,32352941.18,FALSE,FALSE,FALSE,FALSE,FALSE,FALSE,FALSE,FALSE
"RMT0075",75,"Rumah Tebet Murah Lokasi Strategis Ramai Jakarta Selatan, Tebet, Jakarta Selatan",3350000000,135,120,4,3,1,"ada",24814814.81,27916666.67,FALSE,FALSE,FALSE,FALSE,FALSE,FALSE,FALSE,FALSE
"RMT0076",76,"rumah dua lantai kebon baru TEBET JAKARTA SELATAN, Tebet, Jakarta Selatan",750000000,80,78,3,2,0,"tidak_ada",9375000,9615384.62,FALSE,FALSE,FALSE,FALSE,FALSE,FALSE,FALSE,FALSE
"RMT0077",77,"RUMAH TEBET 165m2 SIAP HUNI HUB : 081280069222 FIFI PR-15815, Tebet, Jakarta Selatan",3500000000,165,250,6,4,2,"ada",21212121.21,14000000,FALSE,FALSE,FALSE,FALSE,FALSE,FALSE,FALSE,FALSE
"RMT0078",78,"Rumah Baru Minimalis daerah Tebet Timur, Tebet, Jakarta Selatan",4700000000,137,180,4,3,2,"ada",34306569.34,26111111.11,FALSE,FALSE,FALSE,FALSE,FALSE,FALSE,FALSE,FALSE
"RMT0079",79,"Rumah baru 2 lantai siap huni di tebet dengan harga terjangkau, Tebet, Jakarta Selatan",3500000000,112,170,3,4,1,"ada",31250000,20588235.29,FALSE,FALSE,FALSE,FALSE,FALSE,FALSE,FALSE,FALSE
"RMT0080",80,"RUMAH KOKOH AMAN DAN STRATEGIS DI TEBET, Tebet, Jakarta Selatan",2850000000,90,160,4,2,1,"ada",31666666.67,17812500,FALSE,FALSE,FALSE,FALSE,FALSE,FALSE,FALSE,FALSE
"RMT0081",81,"Rumah baru di Tebet Posisi hoek, Tebet, Jakarta Selatan",3500000000,110,160,3,3,2,"ada",31818181.82,21875000,FALSE,FALSE,FALSE,FALSE,FALSE,FALSE,FALSE,FALSE
"RMT0082",82,"rumah cantik di Tebet, Tebet, Jakarta Selatan",3100000000,137,120,5,2,0,"tidak_ada",22627737.23,25833333.33,FALSE,FALSE,FALSE,FALSE,FALSE,FALSE,FALSE,FALSE
"RMT0083",83,"Rumah Tebet Mas Indah, Tebet, Jakarta Selatan, Tebet, Jakarta Selatan",13000000000,245,196,7,3,1,"ada",53061224.49,66326530.61,FALSE,FALSE,FALSE,FALSE,TRUE,FALSE,FALSE,TRUE
"RMT0084",84,"Rumah 2 lantai ber carport 2 SHM di tebet jakarta selatan, Tebet, Jakarta Selatan",4300000000,112,170,4,5,2,"ada",38392857.14,25294117.65,FALSE,FALSE,FALSE,FALSE,FALSE,FALSE,FALSE,FALSE
"RMT0085",85,"Tebet Rumah Siap Huni Aman Dalam Komplek, Tebet, Jakarta Selatan",5500000000,140,180,3,4,0,"tidak_ada",39285714.29,30555555.56,FALSE,FALSE,FALSE,FALSE,FALSE,FALSE,FALSE,FALSE
"RMT0086",86,"Rumah Mewah 2 Lantai Siap Huni Desain Apik Di Tebet Barat Jakarta Selatan, Tebet, Jakarta Selatan",6750000000,210,350,4,4,1,"ada",32142857.14,19285714.29,FALSE,FALSE,FALSE,FALSE,FALSE,FALSE,FALSE,FALSE
"RMT0087",87,"Rumah Lokasi Strategis Di Tebet, Tebet, Jakarta Selatan",3200000000,104,200,4,3,1,"ada",30769230.77,16000000,FALSE,FALSE,FALSE,FALSE,FALSE,FALSE,FALSE,FALSE
"RMT0088",88,"Dijual Rumah Siap Huni di Komp Gudang Peluru, Tebet, Jakarta Selatan lt 282m2, Lebar Jalan 3 Mobil,Hubungi 0813-1838-1838 / 0878-7838-1838., Tebet, Jakarta Selatan",8250000000,282,460,6,5,2,"ada",29255319.15,17934782.61,FALSE,FALSE,FALSE,FALSE,FALSE,FALSE,FALSE,FALSE
"RMT0089",89,"Rumah Tebet Dekat Stasiun Tebet, Tebet, Jakarta Selatan",3250000000,130,150,5,2,1,"ada",25000000,21666666.67,FALSE,FALSE,FALSE,FALSE,FALSE,FALSE,FALSE,FALSE
"RMT0090",90,"Rumah Tebet, Tebet, Jakarta Selatan",3499000000,150,110,3,2,0,"tidak_ada",23326666.67,31809090.91,FALSE,FALSE,FALSE,FALSE,FALSE,FALSE,FALSE,FALSE
"RMT0091",91,"Rumah Minimalis di Tebet Jakarta Selatan, Tebet, Jakarta Selatan",5000000000,335,330,8,4,1,"ada",14925373.13,15151515.15,FALSE,FALSE,FALSE,FALSE,TRUE,FALSE,FALSE,TRUE
"RMT0092",92,"Rumah Mewah di Tebet Barat Jakarta Selatan, Tebet, Jakarta Selatan",9500000000,247,445,6,5,2,"ada",38461538.46,21348314.61,FALSE,FALSE,FALSE,FALSE,FALSE,FALSE,FALSE,FALSE
"RMT0093",93,"Rumah second semi cluster di Tebet Timur Dalam Jaksel, Tebet, Jakarta Selatan",3400000000,104,140,4,3,1,"ada",32692307.69,24285714.29,FALSE,FALSE,FALSE,FALSE,FALSE,FALSE,FALSE,FALSE
"RMT0094",94,"Rumah Bagus,Cantik Sangat Murah, Tebet, Jakarta Selatan",5000000000,160,325,9,6,2,"ada",31250000,15384615.38,FALSE,FALSE,FALSE,FALSE,TRUE,TRUE,FALSE,TRUE
"RMT0095",95,"Rumah Di Kebon Baru, Tebet, Tebet, Jakarta Selatan",5600000000,225,250,5,3,2,"ada",24888888.89,22400000,FALSE,FALSE,FALSE,FALSE,FALSE,FALSE,FALSE,FALSE
"RMT0096",96,"BEST PRICE Rumah di Tebet, akses jalan 2 mobil, Jakarta Selatan, Tebet, Jakarta Selatan",4500000000,135,180,4,3,1,"ada",33333333.33,25000000,FALSE,FALSE,FALSE,FALSE,FALSE,FALSE,FALSE,FALSE
"RMT0097",97,"Rumah strategis di Kebon baru, Tebet, Jakarta Selatan",10800000000,400,500,6,5,3,"ada",27000000,21600000,FALSE,FALSE,FALSE,FALSE,FALSE,FALSE,FALSE,FALSE
"RMT0098",98,"Rumah Termurah di Tebet Utara Jakarta Selatan, Tebet, Jakarta Selatan",2600000000,91,210,5,4,1,"ada",28571428.57,12380952.38,FALSE,FALSE,FALSE,FALSE,FALSE,FALSE,FALSE,FALSE
"RMT0099",99,"Rumah Murah dibawah harga dekat Mal Kota Casablanca Jakarta Selatan, Tebet, Jakarta Selatan",3600000000,127,180,4,4,1,"ada",28346456.69,20000000,FALSE,FALSE,FALSE,FALSE,FALSE,FALSE,FALSE,FALSE
"RMT0100",100,"brand new rumah minimalis di tebet dekat sekolah dan TOl, Tebet, Jakarta Selatan",3450000000,112,170,3,4,2,"ada",30803571.43,20294117.65,FALSE,FALSE,FALSE,FALSE,FALSE,FALSE,FALSE,FALSE
"RMT0101",101,"Rumah 1,5 Lantai di Tebet Timur Jakarta Selatan, Tebet, Jakarta Selatan",7400000000,257,200,4,3,1,"ada",28793774.32,37000000,FALSE,FALSE,FALSE,FALSE,FALSE,FALSE,FALSE,FALSE
"RMT0102",102,"Rumah Bagus di Menteng Dalam, Tebet, Jakarta Selatan",10000000000,282,400,8,4,3,"ada",35460992.91,25000000,FALSE,FALSE,FALSE,FALSE,TRUE,FALSE,FALSE,TRUE
"RMT0103",103,"Rumah mewah bebas banjir murah di tebet, Tebet, Jakarta Selatan",15000000000,1225,800,6,9,2,"ada",12244897.96,18750000,FALSE,FALSE,TRUE,TRUE,FALSE,TRUE,FALSE,TRUE
"RMT0104",104,"Rumah di tebet utara lt752 pinggir jalan raya, Tebet, Jakarta Selatan",30000000000,752,800,6,4,0,"tidak_ada",39893617.02,37500000,FALSE,TRUE,TRUE,TRUE,FALSE,FALSE,FALSE,TRUE
"RMT0105",105,"Rumah minimalis di Tebet, Tebet, Jakarta Selatan",3500000000,108,170,5,3,3,"ada",32407407.41,20588235.29,FALSE,FALSE,FALSE,FALSE,FALSE,FALSE,FALSE,FALSE
"RMT0106",106,"rumah siap huni 2lantai akses jalan 2mobil di asembaris tebet, Tebet, Jakarta Selatan",1700000000,80,100,3,2,0,"tidak_ada",21250000,17000000,FALSE,FALSE,FALSE,FALSE,FALSE,FALSE,FALSE,FALSE
"RMT0107",107,"Rumah Strategis Dan Minimalis Di Tebet, Tebet, Jakarta Selatan",3500000000,141,250,5,3,2,"ada",24822695.04,14000000,FALSE,FALSE,FALSE,FALSE,FALSE,FALSE,FALSE,FALSE
"RMT0108",108,"rumah siap huni akses jalan 2motor lokasi asembaris, Tebet, Jakarta Selatan",1300000000,90,100,3,2,0,"tidak_ada",14444444.44,13000000,FALSE,FALSE,FALSE,FALSE,FALSE,FALSE,FALSE,FALSE
"RMT0109",109,"Rumah Tebet Barat 2Lantai siap huni strategis area!, Tebet, Jakarta Selatan",2800000000,90,160,5,3,1,"ada",31111111.11,17500000,FALSE,FALSE,FALSE,FALSE,FALSE,FALSE,FALSE,FALSE
"RMT0110",110,"Rumah Cozy Interior Cantik Dekat Ke Jalan Raya di Kebon Baru Tebet, Tebet, Jakarta Selatan",5000000000,160,325,5,5,0,"tidak_ada",31250000,15384615.38,FALSE,FALSE,FALSE,FALSE,FALSE,FALSE,FALSE,FALSE
"RMT0111",111,"Butuh Cepat, Rumah Bagus Di Tebet, Tebet, Jakarta Selatan",3200000000,80,150,5,3,1,"ada",40000000,21333333.33,FALSE,FALSE,FALSE,FALSE,FALSE,FALSE,FALSE,FALSE
"RMT0112",112,"Rumah Siap Huni di Jl Tebet Raya,Lingkungan Tenang dan Nyaman, Untuk informasi lebih lanjut Hubungi 0813-1838-1838 / 0878-7838-1838, Tebet, Jakarta Selatan",11000000000,305,275,5,3,1,"ada",36065573.77,40000000,FALSE,FALSE,FALSE,FALSE,FALSE,FALSE,FALSE,FALSE
"RMT0113",113,"Rumah bagus Full Furnish, Tebet, Jakarta Selatan",5000000000,150,320,5,5,1,"ada",33333333.33,15625000,FALSE,FALSE,FALSE,FALSE,FALSE,FALSE,FALSE,FALSE
"RMT0114",114,"Rumah Bagus di Tebet Barat, Jakarta - Selatan, Tebet, Jakarta Selatan",2200000000,98,70,2,1,0,"tidak_ada",22448979.59,31428571.43,FALSE,FALSE,FALSE,FALSE,TRUE,TRUE,FALSE,TRUE
"RMT0115",115,"Rumah Tua Di Tebet, Tebet, Jakarta Selatan",5600000000,192,156,5,2,2,"ada",29166666.67,35897435.9,FALSE,FALSE,FALSE,FALSE,FALSE,FALSE,FALSE,FALSE
"RMT0116",116,"Dijual Sangat Murah Rumah Di Tebet Timur Lokasi Premium Dan Strategis - Jakarta Selatan",3800000000,180,211,5,4,3,"ada",21111111.11,18009478.67,FALSE,FALSE,FALSE,FALSE,FALSE,FALSE,FALSE,FALSE
"RMT0117",117,"Rumah Lama Tebet Timur",4000000000,146,200,3,1,1,"ada",27397260.27,20000000,FALSE,FALSE,FALSE,FALSE,FALSE,TRUE,FALSE,TRUE
"RMT0118",118,"Edisi Turun Harga Masa Covid19 BU Rumah Mewah di Menteng Dalam, Tebet, Jakarta Selatan. Full Furnish",15000000000,692,800,5,4,4,"ada",21676300.58,18750000,FALSE,FALSE,TRUE,TRUE,FALSE,FALSE,TRUE,TRUE
"RMT0119",119,"Rumah Dijual Tebet",3850000000,130,200,4,4,2,"ada",29615384.62,19250000,FALSE,FALSE,FALSE,FALSE,FALSE,FALSE,FALSE,FALSE
"RMT0120",120,"Rumah Siap Huni Jln 2 Mbl Nyaman",4200000000,140,160,4,3,2,"ada",30000000,26250000,FALSE,FALSE,FALSE,FALSE,FALSE,FALSE,FALSE,FALSE
"RMT0121",121,"TEBET BARAT - Rumah Besar Akses 2 Mobil. SHM",5990000000,210,350,5,4,3,"ada",28523809.52,17114285.71,FALSE,FALSE,FALSE,FALSE,FALSE,FALSE,FALSE,FALSE
"RMT0122",122,"Rumah siap huni di tebet timur jakarta selatan",4000000000,152,180,4,3,2,"ada",26315789.47,22222222.22,FALSE,FALSE,FALSE,FALSE,FALSE,FALSE,FALSE,FALSE
"RMT0123",123,"Rumah baru lux furnish di kawasan elit tebet jakarta selatan",42000000000,600,850,5,5,5,"ada",70000000,49411764.71,FALSE,TRUE,TRUE,TRUE,FALSE,FALSE,TRUE,TRUE
"RMT0124",124,"Rumah Baru Di Tebet",9500000000,240,340,4,3,2,"ada",39583333.33,27941176.47,FALSE,FALSE,FALSE,FALSE,FALSE,FALSE,FALSE,FALSE
"RMT0125",125,"Rumah siap huni baru di tebet jakarta selatan",4000000000,140,190,4,4,2,"ada",28571428.57,21052631.58,FALSE,FALSE,FALSE,FALSE,FALSE,FALSE,FALSE,FALSE
"RMT0126",126,"Di Kebun Baru Rumah Terawat, Area Strategis",4000000000,230,139,4,4,1,"ada",17391304.35,28776978.42,FALSE,FALSE,FALSE,FALSE,FALSE,FALSE,FALSE,FALSE
"RMT0127",127,"Di jual Rumah Cantik Bangunan 2 Lantai di Tebet",7000000000,282,400,8,4,3,"ada",24822695.04,17500000,FALSE,FALSE,FALSE,FALSE,TRUE,FALSE,FALSE,TRUE
"RMT0128",128,"Rumah Tua di Tebet",4525000000,161,100,4,2,1,"ada",28105590.06,45250000,FALSE,FALSE,FALSE,FALSE,FALSE,FALSE,FALSE,FALSE
"RMT0129",129,"Di Jual Cepat Rumah Mewah Konsep Minimalis Modern Di Tebet Jak Sel",25000000000,550,485,5,6,2,"ada",45454545.45,51546391.75,FALSE,TRUE,TRUE,FALSE,FALSE,TRUE,FALSE,TRUE
"RMT0130",130,"Rumah Huni Di Kawasan Utama Tebet",19900000000,450,346,5,5,2,"ada",44222222.22,57514450.87,FALSE,TRUE,FALSE,FALSE,FALSE,FALSE,FALSE,TRUE
"RMT0131",131,"Rumah Lama Jalan Lebar",15000000000,578,400,6,3,2,"ada",25951557.09,37500000,FALSE,FALSE,TRUE,FALSE,FALSE,FALSE,FALSE,TRUE
"RMT0132",132,"Tebet Rumah Harga Menarik Jalan Dua Mobil Dekat Kasan Kuliner Tebet",3600000000,146,170,3,3,1,"ada",24657534.25,21176470.59,FALSE,FALSE,FALSE,FALSE,FALSE,FALSE,FALSE,FALSE
"RMT0133",133,"Dijual Rumah Cantik Murah Siap Huni Di Tebet Timur, Tebet Jakarta Selatan",3950000000,148,200,4,3,1,"ada",26689189.19,19750000,FALSE,FALSE,FALSE,FALSE,FALSE,FALSE,FALSE,FALSE
"RMT0134",134,"Dijual Rumah Brand New di Jl Tebet Timur Dalam",3900000000,130,200,3,2,2,"ada",30000000,19500000,FALSE,FALSE,FALSE,FALSE,FALSE,FALSE,FALSE,FALSE
"RMT0135",135,"TEBET - Siap Huni di Jalan 1 Mobil, Bagus",3850000000,137,236,4,3,2,"ada",28102189.78,16313559.32,FALSE,FALSE,FALSE,FALSE,FALSE,FALSE,FALSE,FALSE
"RMT0136",136,"Dijual Rumah Lokasi Sangat Strategis",9200000000,695,450,8,6,2,"ada",13237410.07,20444444.44,FALSE,FALSE,TRUE,FALSE,TRUE,TRUE,FALSE,TRUE
"RMT0137",137,"TEBET Akses 3 Mobil, Rumah Siap Huni",5950000000,200,220,3,3,2,"ada",29750000,27045454.55,FALSE,FALSE,FALSE,FALSE,FALSE,FALSE,FALSE,FALSE
"RMT0138",138,"Dijual Cepat rumah di Bukit Duri Tebet SHM",7500000000,280,500,4,4,1,"ada",26785714.29,15000000,FALSE,FALSE,FALSE,FALSE,FALSE,FALSE,FALSE,FALSE
"RMT0139",139,"Dijual Rumah Tebet Timur Lokasi Premium Nyaman Dekat Taman Honda Jalan 1 Mobil",3100000000,103,200,3,3,1,"ada",30097087.38,15500000,FALSE,FALSE,FALSE,FALSE,FALSE,FALSE,FALSE,FALSE
"RMT0140",140,"Dijual Rumah Second Siap Huni Strategis di Tebet Jaksel",7000000000,182,400,4,3,2,"ada",38461538.46,17500000,FALSE,FALSE,FALSE,FALSE,FALSE,FALSE,FALSE,FALSE
"RMT0141",141,"Rumah Tua Hitung Tanah di menteng Dalam Tebet",25000000000,840,550,5,3,6,"ada",29761904.76,45454545.45,FALSE,TRUE,TRUE,FALSE,FALSE,FALSE,TRUE,TRUE
"RMT0142",142,"Dijual Rumah di Tebet",11000000000,344,280,3,3,2,"ada",31976744.19,39285714.29,FALSE,FALSE,FALSE,FALSE,FALSE,FALSE,FALSE,FALSE
"RMT0143",143,"Rumah baru siap huni di tebet jakarta selatan",4350000000,132,180,4,3,2,"ada",32954545.45,24166666.67,FALSE,FALSE,FALSE,FALSE,FALSE,FALSE,FALSE,FALSE
"RMT0144",144,"Rumah Di Asem Baris, Tebet",25000000000,1069,355,5,4,4,"ada",23386342.38,70422535.21,FALSE,TRUE,TRUE,FALSE,FALSE,FALSE,TRUE,TRUE
"RMT0145",145,"Rumah Cantik Menawan Siap Huni Di Tebet Timur Jakarta Selatan",4300000000,155,250,5,3,2,"ada",27741935.48,17200000,FALSE,FALSE,FALSE,FALSE,FALSE,FALSE,FALSE,FALSE
"RMT0146",146,"TEBET Rumah Mewah Siap Huni Lingkungan Aman dan Nyaman",8800000000,230,400,6,6,2,"ada",38260869.57,22000000,FALSE,FALSE,FALSE,FALSE,FALSE,TRUE,FALSE,TRUE
"RMT0147",147,"3 Bedrooms House Tebet, Jakarta Selatan, DKI Jakarta",13000000000,384,216,3,3,2,"ada",33854166.67,60185185.19,FALSE,FALSE,FALSE,FALSE,FALSE,FALSE,FALSE,FALSE
"RMT0148",148,"Di Jual Rumah Brand New Di Tebet",4700000000,150,250,4,3,2,"ada",31333333.33,18800000,FALSE,FALSE,FALSE,FALSE,FALSE,FALSE,FALSE,FALSE
"RMT0149",149,"TEBET Rumah Baru Siap Huni Jalan Dua Mobil Lebar Dekat Jalan Raya",7200000000,161,250,3,3,2,"ada",44720496.89,28800000,FALSE,FALSE,FALSE,FALSE,FALSE,FALSE,FALSE,FALSE
"RMT0150",150,"Dijual Cepat Rumah Minimalis Modern siap huni Di Kebon Baru, Tebet Jakarta Selatan",3500000000,120,192,5,4,2,"ada",29166666.67,18229166.67,FALSE,FALSE,FALSE,FALSE,FALSE,FALSE,FALSE,FALSE
"RMT0151",151,"TEBET Rumah Mewah dan Terawat Lokasi Premium Akses Mudah Jalan Tiga Mobil",7900000000,225,380,5,3,2,"ada",35111111.11,20789473.68,FALSE,FALSE,FALSE,FALSE,FALSE,FALSE,FALSE,FALSE
"RMT0152",152,"TEBET MENTENG DALAM - Rumah Cantik, Minimalis, SHM",2800000000,103,150,3,3,2,"ada",27184466.02,18666666.67,FALSE,FALSE,FALSE,FALSE,FALSE,FALSE,FALSE,FALSE
"RMT0153",153,"TEBET DALAM - Rumah Brand New Minimalis SHM",2600000000,75,130,3,3,1,"ada",34666666.67,20000000,FALSE,FALSE,FALSE,FALSE,FALSE,FALSE,FALSE,FALSE
"RMT0154",154,"Rumah Siap Huni di Tebet Timur 1, Jalan Lebar 3 Mobil",5900000000,202,250,5,4,2,"ada",29207920.79,23600000,FALSE,FALSE,FALSE,FALSE,FALSE,FALSE,FALSE,FALSE
"RMT0155",155,"Dijual Rumah Sipa Huni Dengan Harga Murah di Kebon Baru Tebet Jakarta",850000000,69,78,4,2,0,"tidak_ada",12318840.58,10897435.9,FALSE,FALSE,FALSE,FALSE,FALSE,FALSE,FALSE,FALSE
"RMT0156",156,"jl. Tebet timur dalam",3600000000,180,250,4,2,0,"tidak_ada",20000000,14400000,FALSE,FALSE,FALSE,FALSE,FALSE,FALSE,FALSE,FALSE
"RMT0157",157,"Rumah Tebet Timur Hitung Tanah 338m2",6850000000,338,219,5,3,3,"ada",20266272.19,31278538.81,FALSE,FALSE,FALSE,FALSE,FALSE,FALSE,FALSE,FALSE
"RMT0158",158,"Rumah Baru, Di Asembaris, Kebon Baru Tebet, Jakarta Selatan",4500000000,226,325,6,4,1,"ada",19911504.42,13846153.85,FALSE,FALSE,FALSE,FALSE,FALSE,FALSE,FALSE,FALSE
"RMT0159",159,"Rumah Layak Huni Di Tebet Jual Cpt Jalan 1 Mobil 30m Dari Jln Besar",2600000000,150,120,3,2,1,"ada",17333333.33,21666666.67,FALSE,FALSE,FALSE,FALSE,FALSE,FALSE,FALSE,FALSE
"RMT0160",160,"Rumah Mewah Di Komplek Kebon Baru",5750000000,240,350,7,5,0,"tidak_ada",23958333.33,16428571.43,FALSE,FALSE,FALSE,FALSE,TRUE,FALSE,FALSE,TRUE
"RMT0161",161,"Rumah Baru Renovasi Siap Huni Teebet (Best Price)",2999000000,140,140,5,3,1,"ada",21421428.57,21421428.57,FALSE,FALSE,FALSE,FALSE,FALSE,FALSE,FALSE,FALSE
"RMT0162",162,"Rumah Cantik Brand New 3 lantai siap huni",5000000000,127,180,5,4,2,"ada",39370078.74,27777777.78,FALSE,FALSE,FALSE,FALSE,FALSE,FALSE,FALSE,FALSE
"RMT0163",163,"Rumah hoek di Tebet Barat",4000000000,135,200,7,4,2,"ada",29629629.63,20000000,FALSE,FALSE,FALSE,FALSE,TRUE,FALSE,FALSE,TRUE
"RMT0164",164,"Rumah brand new siap huni di Tebet Timur",3500000000,112,150,4,4,1,"ada",31250000,23333333.33,FALSE,FALSE,FALSE,FALSE,FALSE,FALSE,FALSE,FALSE
"RMT0165",165,"The Classic Luxury House With Pool @Brand New near Cassablanca Area, Palbatu, Jakarta Selatan",6100000000,130,375,5,4,3,"ada",46923076.92,16266666.67,FALSE,FALSE,FALSE,FALSE,FALSE,FALSE,FALSE,FALSE
"RMT0166",166,"Rumah Super Mewah Tebet Jakarta Selatan Harga Siap Nego",30000000000,498,800,5,5,5,"ada",60240963.86,37500000,FALSE,TRUE,FALSE,TRUE,FALSE,FALSE,TRUE,TRUE
"RMT0167",167,"Rumah Siap Huni di Jl. Tebet Utara",6500000000,181,250,8,4,2,"ada",35911602.21,26000000,FALSE,FALSE,FALSE,FALSE,TRUE,FALSE,FALSE,TRUE
"RMT0168",168,"Rumah Minimalis Tebet Dekat Jalan 2 Mobil",3750000000,112,150,3,5,2,"ada",33482142.86,25000000,FALSE,FALSE,FALSE,FALSE,FALSE,FALSE,FALSE,FALSE
"RMT0169",169,"Rumah Minimalis Tebet 2 Lantai Dekat Pusat Bisnis Tebet, Jaksel",6300000000,133,200,4,3,2,"ada",47368421.05,31500000,FALSE,FALSE,FALSE,FALSE,FALSE,FALSE,FALSE,FALSE
"RMT0170",170,"Rumah Siap Huni Dalam Komplek Nyaman Tebet-Jakarta Selatan",15000000000,387,480,4,4,3,"ada",38759689.92,31250000,FALSE,FALSE,FALSE,FALSE,FALSE,FALSE,FALSE,FALSE
"RMT0171",171,"Rumah Minimalis Tebet 90 Meter, Dekat Jalan 2 Mobil",2650000000,90,125,3,4,2,"ada",29444444.44,21200000,FALSE,FALSE,FALSE,FALSE,FALSE,FALSE,FALSE,FALSE
"RMT0172",172,"Rumah Siap Huni Dengan Luas Tanah 360 Meter Jalan Lebar, Bebas Banjir Tebet-Jakarta Selatan",18500000000,360,800,5,7,5,"ada",51388888.89,23125000,FALSE,TRUE,FALSE,TRUE,FALSE,TRUE,TRUE,TRUE
"RMT0173",173,"Rumah Mediterania Jalan Lebar Lokasi Strategis Tebet Jakarta Selatan",14500000000,307,500,3,4,2,"ada",47231270.36,29000000,FALSE,FALSE,FALSE,FALSE,FALSE,FALSE,FALSE,FALSE
"RMT0174",174,"Rumah Cantik Siap Huni Jalan Lebar Di Kawasan Premium Tebet, Jaksel",8750000000,202,350,4,5,3,"ada",43316831.68,25000000,FALSE,FALSE,FALSE,FALSE,FALSE,FALSE,FALSE,FALSE
"RMT0175",175,"Rumah Siap Huni Jalan 2 Mobil, Jarang Ada, Sertifikat Hak Milik",5800000000,138,200,5,4,2,"ada",42028985.51,29000000,FALSE,FALSE,FALSE,FALSE,FALSE,FALSE,FALSE,FALSE
"RMT0176",176,"Rumah Siap Huni Di Tebet Timur, Jalan Lebar, Dengan Kolam Renang Outdoor",15000000000,310,250,4,5,2,"ada",48387096.77,60000000,FALSE,FALSE,FALSE,FALSE,FALSE,FALSE,FALSE,FALSE
"RMT0177",177,"Rumah Hitung Tanah Di Jalan Lebar, Kawasan Nyaman, Paling Murah!!",15000000000,580,400,5,4,3,"ada",25862068.97,37500000,FALSE,FALSE,TRUE,FALSE,FALSE,FALSE,FALSE,TRUE
"RMT0178",178,"Rumah Di Jalan 1 Mobil Kawasan Nyaman Tebet Timur, Jakarta Selatan",2300000000,90,100,2,2,1,"ada",25555555.56,23000000,FALSE,FALSE,FALSE,FALSE,TRUE,FALSE,FALSE,TRUE
"RMT0179",179,"Tebet Barat Rumah Bagus Siap Huni, jakarta Selatan",3950000000,166,200,4,4,3,"ada",23795180.72,19750000,FALSE,FALSE,FALSE,FALSE,FALSE,FALSE,FALSE,FALSE
"RMT0180",180,"Tebet Rumah Lama Murah, Jakarta Selatan",2750000000,135,120,3,2,1,"ada",20370370.37,22916666.67,FALSE,FALSE,FALSE,FALSE,FALSE,FALSE,FALSE,FALSE
"RMT0181",181,"Tebet Barat Rumah Murah Strategis Area, Jakarta Selatan",3250000000,146,251,8,8,2,"ada",22260273.97,12948207.17,FALSE,FALSE,FALSE,FALSE,TRUE,TRUE,FALSE,TRUE
"RMT0182",182,"Rumah Cantik Siap Huni",2590000000,76,170,3,3,2,"ada",34078947.37,15235294.12,FALSE,FALSE,FALSE,FALSE,FALSE,FALSE,FALSE,FALSE
"RMT0183",183,"Regensi Tebet Mas",4500000000,140,140,5,4,2,"ada",32142857.14,32142857.14,FALSE,FALSE,FALSE,FALSE,FALSE,FALSE,FALSE,FALSE
"RMT0184",184,"Rumah bagus SIAP HUNI Akses Jalan 2 Mobil One Way di Tebet Timur",4500000000,148,200,5,4,2,"ada",30405405.41,22500000,FALSE,FALSE,FALSE,FALSE,FALSE,FALSE,FALSE,FALSE
"RMT0185",185,"5 Bedrooms House Tebet, Jakarta Selatan, DKI Jakarta",7150000000,162,250,5,3,2,"ada",44135802.47,28600000,FALSE,FALSE,FALSE,FALSE,FALSE,FALSE,FALSE,FALSE
"RMT0186",186,"Rumah Siap Huni Dijual Tebet Timur Tebet Jakarta Selatan",10500000000,189,200,5,2,0,"tidak_ada",55555555.56,52500000,FALSE,FALSE,FALSE,FALSE,FALSE,FALSE,FALSE,FALSE
"RMT0187",187,"Rumah Bagus 2 Lt Akses Jalan Lebar di Tebet Utara, Jakarta Selatan",6500000000,125,245,4,3,3,"ada",52000000,26530612.24,FALSE,FALSE,FALSE,FALSE,FALSE,FALSE,FALSE,FALSE
"RMT0188",188,"Rumah mewah siap huni di tebet barat jakarta selatan",6750000000,210,350,4,4,1,"ada",32142857.14,19285714.29,FALSE,FALSE,FALSE,FALSE,FALSE,FALSE,FALSE,FALSE
"RMT0189",189,"Rumah Siap Huni Tebet Barat Tebet Jakarta Selatan",9500000000,304,280,5,5,0,"tidak_ada",31250000,33928571.43,FALSE,FALSE,FALSE,FALSE,FALSE,FALSE,FALSE,FALSE
"RMT0190",190,"Rumah Tebet Barat Dalam LT480 Jakarta Selatan",23000000000,600,480,10,4,2,"ada",38333333.33,47916666.67,FALSE,TRUE,TRUE,FALSE,TRUE,FALSE,FALSE,TRUE
"RMT0191",191,"Rumah Siap Huni di Tebet Timur 1, Jalan Lebar 3 Mobil",6500000000,222,200,6,2,2,"ada",29279279.28,32500000,FALSE,FALSE,FALSE,FALSE,FALSE,FALSE,FALSE,FALSE
"RMT0192",192,"Rumah di Tebet Utara Jalan 2 Mobil, Lingkungan Nyaman dan Lokasi Strategis Akses Mudah Dijangkau",3600000000,146,170,4,3,1,"ada",24657534.25,21176470.59,FALSE,FALSE,FALSE,FALSE,FALSE,FALSE,FALSE,FALSE
"RMT0193",193,"Dijual Rumah Mewah 2 Lantai di Tebet Barat, Jalan 3 Mobil, Lingkungan Nyaman dan Aman",8800000000,230,400,6,6,2,"ada",38260869.57,22000000,FALSE,FALSE,FALSE,FALSE,FALSE,TRUE,FALSE,TRUE
"RMT0194",194,"TEBET TIMUR LT 135 M2 - Rumah Termurah, Hitung Tanah Saja",1900000000,135,135,3,3,2,"ada",14074074.07,14074074.07,FALSE,FALSE,FALSE,FALSE,FALSE,FALSE,FALSE,FALSE
"RMT0195",195,"Rumah Mewah Brand New Jalan Utama Tebet Timur Dalam",29000000000,672,980,5,6,4,"ada",43154761.9,29591836.73,FALSE,TRUE,TRUE,TRUE,FALSE,TRUE,TRUE,TRUE
"RMT0196",196,"Rumah Termurah di Tebet Barat Jakarta Selatan",2550000000,90,150,4,4,2,"ada",28333333.33,17000000,FALSE,FALSE,FALSE,FALSE,FALSE,FALSE,FALSE,FALSE
"RMT0197",197,"Rumah Baru di Tebet Barat Jakarta Selatan",3300000000,90,120,5,4,2,"ada",36666666.67,27500000,FALSE,FALSE,FALSE,FALSE,FALSE,FALSE,FALSE,FALSE
"RMT0198",198,"TEBET Rumah Siap Huni Desain Rumah Rumah Bagus dan Nyaman",3100000000,90,200,3,3,1,"ada",34444444.44,15500000,FALSE,FALSE,FALSE,FALSE,FALSE,FALSE,FALSE,FALSE
"RMT0199",199,"TEBET BARAT Rumah Siap Huni Lokasi Premium Jalan Tiga Mobil",5950000000,200,220,5,4,1,"ada",29750000,27045454.55,FALSE,FALSE,FALSE,FALSE,FALSE,FALSE,FALSE,FALSE
"RMT0200",200,"TEBET Rumah Siap Huni Lokasi Sangat Bagus Aman dan Nyaman JARANG ADA",6100000000,204,250,5,3,2,"ada",29901960.78,24400000,FALSE,FALSE,FALSE,FALSE,FALSE,FALSE,FALSE,FALSE
"RMT0201",201,"TEBET Rumah Baru Siap Huni Lokasi Premium Nyaman Untuk Tempat Tinggal",3200000000,87,150,4,3,2,"ada",36781609.2,21333333.33,FALSE,FALSE,FALSE,FALSE,FALSE,FALSE,FALSE,FALSE
"RMT0202",202,"TEBET Rumah Siap Huni Kondisi Relatif Baru",2500000000,78,140,4,3,1,"ada",32051282.05,17857142.86,FALSE,FALSE,FALSE,FALSE,FALSE,FALSE,FALSE,FALSE
"RMT0203",203,"Brand New Townhouse Mewah Di Dekat Patra Kuningan",12500000000,208,600,4,5,4,"ada",60096153.85,20833333.33,FALSE,FALSE,FALSE,FALSE,FALSE,FALSE,TRUE,TRUE
"RMT0204",204,"Rumah Besar,Siap Huni Di Tebet Jakarta Selatan",8000000000,230,152,3,3,1,"ada",34782608.7,52631578.95,FALSE,FALSE,FALSE,FALSE,FALSE,FALSE,FALSE,FALSE
"RMT0205",205,"Rumah Murah Siap Huni di Jl. Palbatu III Tebet",690000000,50,90,3,1,0,"tidak_ada",13800000,7666666.67,FALSE,FALSE,FALSE,FALSE,FALSE,TRUE,FALSE,TRUE
"RMT0206",206,"Rumah 2 Tingkat Menteng Dalam Tebet Jakarta Selatan",15000000000,501,500,6,3,0,"tidak_ada",29940119.76,30000000,FALSE,FALSE,FALSE,FALSE,FALSE,FALSE,FALSE,FALSE
"RMT0207",207,"Rumah Lama Hitung Tanah Supomo Tebet Jakarta Selatan",9000000000,230,200,6,3,2,"ada",39130434.78,45000000,FALSE,FALSE,FALSE,FALSE,FALSE,FALSE,FALSE,FALSE
"RMT0208",208,"Di Jual Di Bawah Harga Pasaran Rumah Siap Huni Di Tebet Timur Jaksel",4000000000,155,180,4,3,2,"ada",25806451.61,22222222.22,FALSE,FALSE,FALSE,FALSE,FALSE,FALSE,FALSE,FALSE
"RMT0209",209,"Dijual rumah di tebet jakarta selatan strategis dekat jl. mt. haryono",3750000000,135,200,5,3,3,"ada",27777777.78,18750000,FALSE,FALSE,FALSE,FALSE,FALSE,FALSE,FALSE,FALSE
"RMT0210",210,"Dijual Murah Rumah Mewah di Tebet Utara Jakarta Selatan",22000000000,619,1080,7,6,4,"ada",35541195.48,20370370.37,FALSE,TRUE,TRUE,TRUE,TRUE,TRUE,TRUE,TRUE
"RMT0211",211,"Rumah murah asem baris",2100000000,120,160,6,3,1,"ada",17500000,13125000,FALSE,FALSE,FALSE,FALSE,FALSE,FALSE,FALSE,FALSE
"RMT0212",212,"Rumah tebet",8700000000,261,160,4,4,2,"ada",33333333.33,54375000,FALSE,FALSE,FALSE,FALSE,FALSE,FALSE,FALSE,FALSE
"RMT0213",213,"Rumah dijual, Tebet timur dalam, Jakarta Selatan",2900000000,135,175,4,2,0,"tidak_ada",21481481.48,16571428.57,FALSE,FALSE,FALSE,FALSE,FALSE,FALSE,FALSE,FALSE
"RMT0214",214,"Di Jual Rumah Cantik di TEBET",3500000000,140,235,5,4,1,"ada",25000000,14893617.02,FALSE,FALSE,FALSE,FALSE,FALSE,FALSE,FALSE,FALSE
"RMT0215",215,"Rumah pinggir jalan, Asem baris , Tebet , Jakarta Selatan",5500000000,270,170,6,3,1,"ada",20370370.37,32352941.18,FALSE,FALSE,FALSE,FALSE,FALSE,FALSE,FALSE,FALSE
"RMT0216",216,"Dijual rumah baru minimalis di Di Tebet Jakarta Selatan",3500000000,86,120,5,4,1,"ada",40697674.42,29166666.67,FALSE,FALSE,FALSE,FALSE,FALSE,FALSE,FALSE,FALSE
"RMT0217",217,"Rumah Onprogress 2,5 Lantai Di Asem Baris Tebet Dekat Station Cawang",2500000000,100,200,3,3,2,"ada",25000000,12500000,FALSE,FALSE,FALSE,FALSE,FALSE,FALSE,FALSE,FALSE
"RMT0218",218,"Tebet Rumah Jalan 2 Mobil Harga Menarik",3600000000,146,170,4,3,2,"ada",24657534.25,21176470.59,FALSE,FALSE,FALSE,FALSE,FALSE,FALSE,FALSE,FALSE
"RMT0219",219,"Dijual Cepat Rumah Di Kebon Baru, Tebet",2400000000,154,147,3,2,1,"ada",15584415.58,16326530.61,FALSE,FALSE,FALSE,FALSE,FALSE,FALSE,FALSE,FALSE
"RMT0220",220,"Dijual Cepat Rumah Bagus Di Tebet",38000000000,720,500,6,6,3,"ada",52777777.78,76000000,FALSE,TRUE,TRUE,FALSE,FALSE,TRUE,FALSE,TRUE
"RMT0221",221,"Rumah Asri Dijual Cepat Di Tebet",4900000000,158,179,4,4,2,"ada",31012658.23,27374301.68,FALSE,FALSE,FALSE,FALSE,FALSE,FALSE,FALSE,FALSE
"RMT0222",222,"Rumah Asri Di Tebet Dijual Cepat",3250000000,145,250,8,8,2,"ada",22413793.1,13000000,FALSE,FALSE,FALSE,FALSE,TRUE,TRUE,FALSE,TRUE
"RMT0223",223,"Rumah Asri Di Tebet, Dijual Cepat",10000000000,306,600,6,5,3,"ada",32679738.56,16666666.67,FALSE,FALSE,FALSE,FALSE,FALSE,FALSE,FALSE,FALSE
"RMT0224",224,"Rumah Dijual Di Tebet",12500000000,189,250,6,4,2,"ada",66137566.14,50000000,FALSE,FALSE,FALSE,FALSE,FALSE,FALSE,FALSE,FALSE
"RMT0225",225,"Rumah Dijual Di Tebet",5500000000,150,200,5,3,1,"ada",36666666.67,27500000,FALSE,FALSE,FALSE,FALSE,FALSE,FALSE,FALSE,FALSE
"RMT0226",226,"Rumah Asri Di Tebet",6000000000,159,150,5,4,2,"ada",37735849.06,40000000,FALSE,FALSE,FALSE,FALSE,FALSE,FALSE,FALSE,FALSE
"RMT0227",227,"Rumah Asri Di Tebet",16000000000,405,300,6,4,0,"tidak_ada",39506172.84,53333333.33,FALSE,FALSE,FALSE,FALSE,FALSE,FALSE,FALSE,FALSE
"RMT0228",228,"Rumah Di Tebet, Dijual Cepat",5000000000,130,200,5,4,1,"ada",38461538.46,25000000,FALSE,FALSE,FALSE,FALSE,FALSE,FALSE,FALSE,FALSE
"RMT0229",229,"Rumah Asri Di Tebet Dijual",6000000000,173,340,5,4,2,"ada",34682080.92,17647058.82,FALSE,FALSE,FALSE,FALSE,FALSE,FALSE,FALSE,FALSE
"RMT0230",230,"Rumah Dijual Di Tebet",5600000000,192,156,6,2,2,"ada",29166666.67,35897435.9,FALSE,FALSE,FALSE,FALSE,FALSE,FALSE,FALSE,FALSE
"RMT0231",231,"Rumah Asri Di Tebet - Dijual Cepat",3750000000,180,300,5,3,2,"ada",20833333.33,12500000,FALSE,FALSE,FALSE,FALSE,FALSE,FALSE,FALSE,FALSE
"RMT0232",232,"Rumah Asri Di Kebon Baru, Tebet - Dijual Cepat",5600000000,225,250,5,3,2,"ada",24888888.89,22400000,FALSE,FALSE,FALSE,FALSE,FALSE,FALSE,FALSE,FALSE
"RMT0233",233,"Rumah Asri Di Tebet - Dijual Cepat",3200000000,80,150,5,3,1,"ada",40000000,21333333.33,FALSE,FALSE,FALSE,FALSE,FALSE,FALSE,FALSE,FALSE
"RMT0234",234,"Dijual Rumah Minimalis Siap Huni Daerah Tebet, Jakarta Selatan",2500000000,77,140,3,3,1,"ada",32467532.47,17857142.86,FALSE,FALSE,FALSE,FALSE,FALSE,FALSE,FALSE,FALSE
"RMT0235",235,"Dijual Rumah Lama Layak Huni Daerah Tebet , Jakarta Selatan",9900000000,340,200,4,4,1,"ada",29117647.06,49500000,FALSE,FALSE,FALSE,FALSE,FALSE,FALSE,FALSE,FALSE
"RMT0236",236,"Rumah baru tebet timur",3800000000,130,200,3,3,2,"ada",29230769.23,19000000,FALSE,FALSE,FALSE,FALSE,FALSE,FALSE,FALSE,FALSE
"RMT0237",237,"Dijual Rumah Komplek Tebet Barat Lokasi Premium Nyaman Jalan Lebar",9500000000,368,300,4,3,3,"ada",25815217.39,31666666.67,FALSE,FALSE,FALSE,FALSE,FALSE,FALSE,FALSE,FALSE
"RMT0238",238,"Dijual Rumah Komplek Gudang Peluru Lokasi Premium Nyaman Jalan 3 Mobil",10000000000,273,350,4,3,4,"ada",36630036.63,28571428.57,FALSE,FALSE,FALSE,FALSE,FALSE,FALSE,TRUE,TRUE
"RMT0239",239,"Dijual Rumah Cantik Tebet Lokasi Premium Nyaman Jalan 2 Mobil",12500000000,350,465,6,6,2,"ada",35714285.71,26881720.43,FALSE,FALSE,FALSE,FALSE,FALSE,TRUE,FALSE,TRUE
"RMT0240",240,"Rumah Tua Hook di Tebet, Jakarta Selatan. Akses Mobil dan Ada Garasi",2700000000,150,135,4,2,3,"ada",18000000,20000000,FALSE,FALSE,FALSE,FALSE,FALSE,FALSE,FALSE,FALSE
"RMT0241",241,"Tebet barat rumah modern minimalis private pool, jakarta selatan",9800000000,248,400,5,5,3,"ada",39516129.03,24500000,FALSE,FALSE,FALSE,FALSE,FALSE,FALSE,FALSE,FALSE
"RMT0242",242,"TEBET BARAT RAYA Rumah Hitung Tanah Cocok Tinggal, Kantor dan Usaha, Bisa Belah 2 Dekat Taman Honda",11500000000,300,400,9,6,6,"ada",38333333.33,28750000,FALSE,FALSE,FALSE,FALSE,TRUE,TRUE,TRUE,TRUE
"RMT0243",243,"Rumah Siap Huni di Tebet Dalam IV, Jln 1 Mobil Dekat ke 3 Mobil, Sudah Sertifikat",2600000000,142,120,4,2,1,"ada",18309859.15,21666666.67,FALSE,FALSE,FALSE,FALSE,FALSE,FALSE,FALSE,FALSE
"RMT0244",244,"Dijual Cepat Rumah Kavling di Tebet Ready 3 Unit",3100000000,86,120,5,4,2,"ada",36046511.63,25833333.33,FALSE,FALSE,FALSE,FALSE,FALSE,FALSE,FALSE,FALSE
"RMT0245",245,"Rumah Tebet Saharjo",4650000000,135,320,6,5,1,"ada",34444444.44,14531250,FALSE,FALSE,FALSE,FALSE,FALSE,FALSE,FALSE,FALSE
"RMT0246",246,"Rumah Cantik Tebet",8750000000,200,250,4,4,2,"ada",43750000,35000000,FALSE,FALSE,FALSE,FALSE,FALSE,FALSE,FALSE,FALSE
"RMT0247",247,"Dijual Rumah Cantik Tebet Brand New Lokasi Premium Nyaman Jalan Lebar",7200000000,161,250,3,3,2,"ada",44720496.89,28800000,FALSE,FALSE,FALSE,FALSE,FALSE,FALSE,FALSE,FALSE
"RMT0248",248,"Dijual Rumah Lama Tebet Dalam Lokasi Strategis Tenang Jalan 2 Mobil",8000000000,300,250,3,3,2,"ada",26666666.67,32000000,FALSE,FALSE,FALSE,FALSE,FALSE,FALSE,FALSE,FALSE
"RMT0249",249,"3 Bedrooms House Tebet, Jakarta Selatan, DKI Jakarta",750000000,78,80,3,1,0,"tidak_ada",9615384.62,9375000,FALSE,FALSE,FALSE,FALSE,FALSE,TRUE,FALSE,TRUE
"RMT0250",250,"KEBON BARU Rumah Hitung Tanah Jalan Dua Mobil Lingkungan Nyaman",5000000000,335,250,7,5,1,"ada",14925373.13,20000000,FALSE,FALSE,FALSE,FALSE,TRUE,FALSE,FALSE,TRUE
"RMT0251",251,"TEBET - SIAP HUNI di Jalan 2 Mobil",8500000000,256,260,5,5,2,"ada",33203125,32692307.69,FALSE,FALSE,FALSE,FALSE,FALSE,FALSE,FALSE,FALSE
"RMT0252",252,"Rumah Komersial area Tebet Raya",28000000000,775,1000,5,3,5,"ada",36129032.26,28000000,FALSE,TRUE,TRUE,TRUE,FALSE,FALSE,TRUE,TRUE
"RMT0253",253,"Rumah Tebet Siap Huni Kompleks Gudang Peluru Tebet",9500000000,345,400,5,3,1,"ada",27536231.88,23750000,FALSE,FALSE,FALSE,FALSE,FALSE,FALSE,FALSE,FALSE
"RMT0254",254,"Dijual Rumah Second Akses 1 Mobil di Tebet Dalam Jakarta Selatan",3800000000,140,200,4,3,1,"ada",27142857.14,19000000,FALSE,FALSE,FALSE,FALSE,FALSE,FALSE,FALSE,FALSE
"RMT0255",255,"Rumah Minimalis Jalan 1 Mobil Tebet",2650000000,90,125,3,3,2,"ada",29444444.44,21200000,FALSE,FALSE,FALSE,FALSE,FALSE,FALSE,FALSE,FALSE
"RMT0256",256,"Dijual Rumah Cantik Tebet Lokasi Strategis Nyaman Jalan 2 Mobil",12000000000,244,230,5,4,3,"ada",49180327.87,52173913.04,FALSE,FALSE,FALSE,FALSE,FALSE,FALSE,FALSE,FALSE
"RMT0257",257,"Rumah Hitung Tanah di Komplek Kejaksaan Tebet Barat, Belakang Gelael, Dekat Pintu Tol MT Haryono",3300000000,154,170,5,3,2,"ada",21428571.43,19411764.71,FALSE,FALSE,FALSE,FALSE,FALSE,FALSE,FALSE,FALSE
"RMT0258",258,"Rumah di Tebet Timur Dalam I, Jln Besar 3 Mobil, Seberang Electronic City, Lebar Muka 8 Meter",3900000000,146,260,3,1,1,"ada",26712328.77,15000000,FALSE,FALSE,FALSE,FALSE,FALSE,TRUE,FALSE,TRUE
"RMT0259",259,"Rumah Tua Akses Jalan 2 Mobil Di Tebet Barat Jakarta Selatan",7800000000,253,200,4,3,3,"ada",30830039.53,39000000,FALSE,FALSE,FALSE,FALSE,FALSE,FALSE,FALSE,FALSE
"RMT0260",260,"Rumah Brand New Di Tebet Barat",4700000000,150,200,4,4,2,"ada",31333333.33,23500000,FALSE,FALSE,FALSE,FALSE,FALSE,FALSE,FALSE,FALSE
"RMT0261",261,"For Sale Boarding House at Tebet & Furnished HSE-A0494",7500000000,200,444,10,10,2,"ada",37500000,16891891.89,FALSE,FALSE,FALSE,FALSE,TRUE,TRUE,FALSE,TRUE
"RMT0262",262,"Rumah Lama Di Tebet Barat",16000000000,400,400,5,4,4,"ada",40000000,40000000,FALSE,FALSE,FALSE,FALSE,FALSE,FALSE,TRUE,TRUE
"RMT0263",263,"Jual Segera, Rumah Hitung Tanah Di Tebet Dalam",2600000000,142,120,3,2,1,"ada",18309859.15,21666666.67,FALSE,FALSE,FALSE,FALSE,FALSE,FALSE,FALSE,FALSE
"RMT0264",264,"rumah siap huni dalam kompleks Tebet Mas, Tebet, Jakarta Selatan",13000000000,322,250,4,3,2,"ada",40372670.81,52000000,FALSE,FALSE,FALSE,FALSE,FALSE,FALSE,FALSE,FALSE
"RMT0265",265,"Rumah 100% Baru Di Tebet, Murah, Jalan 2 Mobil, Tebet, Jakarta Selatan",4500000000,96,250,4,5,2,"ada",46875000,18000000,FALSE,FALSE,FALSE,FALSE,FALSE,FALSE,FALSE,FALSE
"RMT0266",266,"rumah siap huni di lokasi kebon baru, tebet, jakarta selatan",3850000000,186,200,3,2,2,"ada",20698924.73,19250000,FALSE,FALSE,FALSE,FALSE,FALSE,FALSE,FALSE,FALSE
"RMT0267",267,"Rumah siap huni dijual, murah, tebet, Jakarta Selatan",1900000000,133,125,3,3,1,"ada",14285714.29,15200000,FALSE,FALSE,FALSE,FALSE,FALSE,FALSE,FALSE,FALSE
"RMT0268",268,"Di Jual Cepat Rumah Di Tebet",15000000000,384,500,4,3,3,"ada",39062500,30000000,FALSE,FALSE,FALSE,FALSE,FALSE,FALSE,FALSE,FALSE
"RMT0269",269,"Rumah tua hitung tanah di Tebet Timur",8000000000,221,168,5,3,2,"ada",36199095.02,47619047.62,FALSE,FALSE,FALSE,FALSE,FALSE,FALSE,FALSE,FALSE
"RMT0270",270,"Rumah Bagus Dalam Kompleks Prime Tebet",15000000000,378,480,5,4,1,"ada",39682539.68,31250000,FALSE,FALSE,FALSE,FALSE,FALSE,FALSE,FALSE,FALSE
"RMT0271",271,"Minimalis Jalan 1 Mobil Tebet Dekat Sekolah 115",2700000000,90,125,3,3,2,"ada",30000000,21600000,FALSE,FALSE,FALSE,FALSE,FALSE,FALSE,FALSE,FALSE
"RMT0272",272,"Tebet Rumah Mewah, Design Klasik, Siap Huni",18000000000,361,800,5,4,1,"ada",49861495.84,22500000,FALSE,TRUE,FALSE,TRUE,FALSE,FALSE,FALSE,TRUE
"RMT0273",273,"Dijual Rumah Di Tebet Jakarta Selatan 5 Kmr 300m2 Luas Harga Best",6500000000,248,300,5,4,0,"tidak_ada",26209677.42,21666666.67,FALSE,FALSE,FALSE,FALSE,FALSE,FALSE,FALSE,FALSE
"RMT0274",274,"Minimalis Baru Jalan 2 Mobil Tebet Timur",4500000000,96,250,5,4,1,"ada",46875000,18000000,FALSE,FALSE,FALSE,FALSE,FALSE,FALSE,FALSE,FALSE
"RMT0275",275,"Rumah Siap Huni Tebet",6500000000,222,200,4,2,1,"ada",29279279.28,32500000,FALSE,FALSE,FALSE,FALSE,FALSE,FALSE,FALSE,FALSE
"RMT0276",277,"Rumah Baru, Mewah & Strategis Di Tebet Barat, JakSel",4000000000,120,150,4,3,1,"ada",33333333.33,26666666.67,FALSE,FALSE,FALSE,FALSE,FALSE,FALSE,FALSE,FALSE
"RMT0277",278,"Rumah bagus layout nyaman banyak bonus, harga bagus di Tebet",4000000000,135,250,4,5,1,"ada",29629629.63,16000000,FALSE,FALSE,FALSE,FALSE,FALSE,FALSE,FALSE,FALSE
"RMT0278",279,"Rumah cantik dgn layout nyaman, siap huni di Tebet",2700000000,91,210,5,3,0,"tidak_ada",29670329.67,12857142.86,FALSE,FALSE,FALSE,FALSE,FALSE,FALSE,FALSE,FALSE
"RMT0279",280,"Dijual Rumah Siap Huni di Tebet, Jakarta Selatan",9000000000,353,470,9,6,3,"ada",25495750.71,19148936.17,FALSE,FALSE,FALSE,FALSE,TRUE,TRUE,FALSE,TRUE
"RMT0280",281,"Tebet Timur Rumah Lama",7500000000,288,200,4,2,1,"ada",26041666.67,37500000,FALSE,FALSE,FALSE,FALSE,FALSE,FALSE,FALSE,FALSE
"RMT0281",282,"Rumah Model Villa Taman Lebar Di Tebet Jaksel",5500000000,454,200,3,4,1,"ada",12114537.44,27500000,FALSE,FALSE,FALSE,FALSE,FALSE,FALSE,FALSE,FALSE
"RMT0282",283,"Dijual Rumah Secondary Luas di tebent Lokasi Strategis",23000000000,565,350,5,3,4,"ada",40707964.6,65714285.71,FALSE,TRUE,TRUE,FALSE,FALSE,FALSE,TRUE,TRUE
"RMT0283",284,"Dijual Rumah Mnmls Ada Mini Swpool Tebet Jaksel",65000000000,200,300,5,7,4,"ada",325000000,216666666.67,FALSE,TRUE,FALSE,FALSE,FALSE,TRUE,TRUE,TRUE
"RMT0284",285,"Rumah Tebet Barat",8250000000,230,400,6,4,2,"ada",35869565.22,20625000,FALSE,FALSE,FALSE,FALSE,FALSE,FALSE,FALSE,FALSE
"RMT0285",286,"Rumah Rasamala Turun Harga Rmh Siap Huni Blkg Bidakara Jaksel",8500000000,205,300,4,4,4,"ada",41463414.63,28333333.33,FALSE,FALSE,FALSE,FALSE,FALSE,FALSE,TRUE,TRUE
"RMT0286",287,"Dijual Rumah 2 Lt Tebet Jaksel, Jl 2 Mobil",10750000000,189,200,5,4,3,"ada",56878306.88,53750000,FALSE,FALSE,FALSE,FALSE,FALSE,FALSE,FALSE,FALSE
"RMT0287",288,"Dijual rumah di Kebun Baru, Tebet Jakarta Selatan",2458000000,135,165,4,3,1,"ada",18207407.41,14896969.7,FALSE,FALSE,FALSE,FALSE,FALSE,FALSE,FALSE,FALSE
"RMT0288",289,"TEBET, LAPANGAN ROS, BUKIT DURI, JAKARTA SELATAN",3500000000,153,125,3,2,1,"ada",22875816.99,28000000,FALSE,FALSE,FALSE,FALSE,FALSE,FALSE,FALSE,FALSE
"RMT0289",290,"House mewah tebet",30000000000,312,815,10,7,1,"ada",96153846.15,36809815.95,FALSE,TRUE,FALSE,TRUE,TRUE,TRUE,FALSE,TRUE
"RMT0290",291,"Dijual Rumah Komplek Gudang Peluru Lokasi Premium Nyaman Jalan 2 Mobil",5500000000,216,280,4,3,3,"ada",25462962.96,19642857.14,FALSE,FALSE,FALSE,FALSE,FALSE,FALSE,FALSE,FALSE
"RMT0291",292,"Dijual Rumah 2lantai Di Tebet Barat Dalam Strategis Dekat Perkantoran",10000000000,368,300,4,4,4,"ada",27173913.04,33333333.33,FALSE,FALSE,FALSE,FALSE,FALSE,FALSE,TRUE,TRUE
"RMT0292",293,"Rumah tebet timur raya, depan taman tebet",25900000000,1039,600,7,5,10,"ada",24927815.21,43166666.67,FALSE,TRUE,TRUE,FALSE,TRUE,FALSE,TRUE,TRUE
"RMT0293",294,"Rumah Siap Huni Tebet Timur",2999000000,102,102,3,3,2,"ada",29401960.78,29401960.78,FALSE,FALSE,FALSE,FALSE,FALSE,FALSE,FALSE,FALSE
"RMT0294",295,"Turun Harga Rumah Mewah Tebet Jakarta Selatan",5899000000,130,350,6,6,3,"ada",45376923.08,16854285.71,FALSE,FALSE,FALSE,FALSE,FALSE,TRUE,FALSE,TRUE
"RMT0295",296,"Cluster Cipinang Mal Bassura",3245000000,152,120,4,4,4,"ada",21348684.21,27041666.67,FALSE,FALSE,FALSE,FALSE,FALSE,FALSE,TRUE,TRUE
"RMT0296",297,"Rumah Siap Huni Tebet",5750000128,183,320,6,3,3,"ada",31420765.73,17968750.4,FALSE,FALSE,FALSE,FALSE,FALSE,FALSE,FALSE,FALSE
"RMT0297",298,"Tebet Rumah Bagus Dijual",6500000000,213,300,5,4,4,"ada",30516431.92,21666666.67,FALSE,FALSE,FALSE,FALSE,FALSE,FALSE,TRUE,TRUE
"RMT0298",299,"Dijual rumah di tebet, jalan depan rumah 2 mobil, dekat dari jalan raya",6500000000,181,220,8,6,1,"ada",35911602.21,29545454.55,FALSE,FALSE,FALSE,FALSE,TRUE,TRUE,FALSE,TRUE
"RMT0299",300,"4 Bedrooms House Tebet, Jakarta Selatan, DKI Jakarta",4800000000,170,250,4,4,3,"ada",28235294.12,19200000,FALSE,FALSE,FALSE,FALSE,FALSE,FALSE,FALSE,FALSE
"RMT0300",301,"Rumah Model Minimalis jalan Lebar",16000000000,420,500,4,4,4,"ada",38095238.1,32000000,FALSE,FALSE,FALSE,FALSE,FALSE,FALSE,TRUE,TRUE
"RMT0301",302,"Tebet Dalam Rumah Siap Huni Dalam Komplek",13000000000,312,380,4,3,2,"ada",41666666.67,34210526.32,FALSE,FALSE,FALSE,FALSE,FALSE,FALSE,FALSE,FALSE
"RMT0302",303,"Rumah Siap Huni Dijual Jalan 2 Mobil",7000000000,283,180,4,3,2,"ada",24734982.33,38888888.89,FALSE,FALSE,FALSE,FALSE,FALSE,FALSE,FALSE,FALSE
"RMT0303",304,"4 Bedrooms House Tebet, Jakarta Selatan, DKI Jakarta",2800000000,90,250,4,3,2,"ada",31111111.11,11200000,FALSE,FALSE,FALSE,FALSE,FALSE,FALSE,FALSE,FALSE
"RMT0304",305,"3 Bedrooms House Tebet, Jakarta Selatan, DKI Jakarta",1850000000,90,80,3,2,0,"tidak_ada",20555555.56,23125000,FALSE,FALSE,FALSE,FALSE,FALSE,FALSE,FALSE,FALSE
"RMT0305",306,"Dijual Rumah Tebet Timur Raya Depan Taman Honda",20999999488,613,613,9,4,2,"ada",34257747.94,34257747.94,FALSE,TRUE,TRUE,FALSE,TRUE,FALSE,FALSE,TRUE
"RMT0306",307,"Dijual Rumah Tebet Lokasi Strategis Nyaman Depan Taman Jalan 1 Mobil",4300000000,205,117,4,3,3,"ada",20975609.76,36752136.75,FALSE,FALSE,FALSE,FALSE,FALSE,FALSE,FALSE,FALSE
"RMT0307",308,"Dijual Rumah Tebet Timur Lokasi Premium Nyaman Jalan 2 Mobil",4300000000,145,200,3,3,2,"ada",29655172.41,21500000,FALSE,FALSE,FALSE,FALSE,FALSE,FALSE,FALSE,FALSE
"RMT0308",309,"Dijual Rumah Hitung Tanah Asem Baris Raya Lokasi Strategis Aman Jalan Raya",5500000000,266,300,6,4,4,"ada",20676691.73,18333333.33,FALSE,FALSE,FALSE,FALSE,FALSE,FALSE,TRUE,TRUE
"RMT0309",310,"Jual Rumah Di Tebet Jakarta Selatan",9000000000,353,470,9,6,3,"ada",25495750.71,19148936.17,FALSE,FALSE,FALSE,FALSE,TRUE,TRUE,FALSE,TRUE
"RMT0310",311,"Rumah Bagus Akses Jalan 2 Mobil TERMURAH di Tebet Utara, Jaksel",3500000000,100,190,5,4,2,"ada",35000000,18421052.63,FALSE,FALSE,FALSE,FALSE,FALSE,FALSE,FALSE,FALSE
"RMT0311",312,"Rumah Megah SIAP HUNI TERMURAH di Tebet Timur, Jakarta Selatan",12999000000,429,400,9,5,5,"ada",30300699.3,32497500,FALSE,FALSE,FALSE,FALSE,TRUE,FALSE,TRUE,TRUE
"RMT0312",313,"Rumah Siap Huni Di Asem Baris Kebon Baru Tebet Jakarta Selatan",2300000000,135,160,4,3,1,"ada",17037037.04,14375000,FALSE,FALSE,FALSE,FALSE,FALSE,FALSE,FALSE,FALSE
"RMT0313",314,"Tebet rumah dijual jalan 2 mobil lebar lokasi strategis",7100000000,256,200,5,3,3,"ada",27734375,35500000,FALSE,FALSE,FALSE,FALSE,FALSE,FALSE,FALSE,FALSE
"RMT0314",315,"Rumah Cantik, Asri Dan Nyaman Tebet Utara",7000000000,180,350,3,3,0,"tidak_ada",38888888.89,20000000,FALSE,FALSE,FALSE,FALSE,FALSE,FALSE,FALSE,FALSE
"RMT0315",316,"Rumah Bagus Murah Sekali Cocok Utk Tempat Tinggal Dan Kost2an Tebet",1500000000,170,200,7,2,0,"tidak_ada",8823529.41,7500000,FALSE,FALSE,FALSE,FALSE,TRUE,FALSE,FALSE,TRUE
"RMT0316",317,"Kb. Baru, Tebet, Kota Jakarta Selatan, Daerah Khusus Ibukota Jakarta 12830, Indonesia",1500000000,80,100,4,2,0,"tidak_ada",18750000,15000000,FALSE,FALSE,FALSE,FALSE,FALSE,FALSE,FALSE,FALSE
"RMT0317",318,"Rumah Sederhana Siap Huni Lokasi Strategis Tebet Barat Jaksel",3500000000,135,150,4,2,0,"tidak_ada",25925925.93,23333333.33,FALSE,FALSE,FALSE,FALSE,FALSE,FALSE,FALSE,FALSE
"RMT0318",319,"Rumah Siap Huni 2lantai Akses 2mbl Lokasi Tebet Barat",4000000000,100,150,3,3,1,"ada",40000000,26666666.67,FALSE,FALSE,FALSE,FALSE,FALSE,FALSE,FALSE,FALSE
"RMT0319",320,"Rumah Siap Huni Akses jalan 2 mobil di asem baris tebet",4000000000,126,144,4,2,3,"ada",31746031.75,27777777.78,FALSE,FALSE,FALSE,FALSE,FALSE,FALSE,FALSE,FALSE
"RMT0320",321,"Dijual rumah tua perlu renovasi akses jalan 2mobil lokasi dekat lapangsn bola pspt",3750000000,135,150,3,2,1,"ada",27777777.78,25000000,FALSE,FALSE,FALSE,FALSE,FALSE,FALSE,FALSE,FALSE
"RMT0321",322,"Rumah Bagus Siap Huni Di Tebet Timur Dalam Jak Sel",4000000000,140,150,4,2,2,"ada",28571428.57,26666666.67,FALSE,FALSE,FALSE,FALSE,FALSE,FALSE,FALSE,FALSE
"RMT0322",323,"Rumah Mewah 3 Lantai Jalan Swadaya I Tebet ( FA)",6000000000,260,450,7,4,1,"ada",23076923.08,13333333.33,FALSE,FALSE,FALSE,FALSE,TRUE,FALSE,FALSE,TRUE
"RMT0323",324,"Rumah Baru 2 Lt Dekat Taman dan Pasar Tebet Barat PALING MURAH di Tebet Barat, Jakarta",2550000000,90,150,4,4,2,"ada",28333333.33,17000000,FALSE,FALSE,FALSE,FALSE,FALSE,FALSE,FALSE,FALSE
"RMT0324",325,"Dijual Rumah Second Strategis Tanah Luas di Tebet",23000000000,565,350,5,3,4,"ada",40707964.6,65714285.71,FALSE,TRUE,TRUE,FALSE,FALSE,FALSE,TRUE,TRUE
"RMT0325",326,"Rumah Clasic Asem Baris Tebet Jakarta Selatan Hitung Tanah Saja Setrategis Dekat Mt Haryono",9200000000,695,650,9,6,1,"ada",13237410.07,14153846.15,FALSE,FALSE,TRUE,FALSE,TRUE,TRUE,FALSE,TRUE
"RMT0326",327,"Rumah lama hitung Tanah di Tebet",7500000000,253,180,3,2,1,"ada",29644268.77,41666666.67,FALSE,FALSE,FALSE,FALSE,FALSE,FALSE,FALSE,FALSE
"RMT0327",328,"Rumah Tebet Hitung Tanah",14250000000,393,350,5,4,1,"ada",36259541.98,40714285.71,FALSE,FALSE,FALSE,FALSE,FALSE,FALSE,FALSE,FALSE
"RMT0328",329,"Brand New House Di Lokasi Iconic Tebet",4000000000,135,216,5,4,2,"ada",29629629.63,18518518.52,FALSE,FALSE,FALSE,FALSE,FALSE,FALSE,FALSE,FALSE
"RMT0329",330,"Tebet Rumah Minimalis",5850000000,138,220,4,3,2,"ada",42391304.35,26590909.09,FALSE,FALSE,FALSE,FALSE,FALSE,FALSE,FALSE,FALSE
"RMT0330",331,"Rumah Minimalis Bagus Tebet Timur",2700000000,90,160,3,3,1,"ada",30000000,16875000,FALSE,FALSE,FALSE,FALSE,FALSE,FALSE,FALSE,FALSE
"RMT0331",332,"Dijual Rumah Tebet Hitung Tanah Lokasi Strategis Jalan 1 Mobil",3250000000,157,200,7,3,1,"ada",20700636.94,16250000,FALSE,FALSE,FALSE,FALSE,TRUE,FALSE,FALSE,TRUE
"RMT0332",333,"Rumah tebet jalan lebar nyaman keamanan 24 jam dekat kemana mana",9800000000,247,350,4,3,2,"ada",39676113.36,28000000,FALSE,FALSE,FALSE,FALSE,FALSE,FALSE,FALSE,FALSE
"RMT0333",334,"Dijual Rumah Asri Komplek Tebet Mas Lokasi Premium Nyaman Jalan 2 Mobil",12000000000,237,350,4,3,2,"ada",50632911.39,34285714.29,FALSE,FALSE,FALSE,FALSE,FALSE,FALSE,FALSE,FALSE
"RMT0334",335,"Rumah dijual di Tebet Raya",18500000000,520,300,5,4,2,"ada",35576923.08,61666666.67,FALSE,TRUE,FALSE,FALSE,FALSE,FALSE,FALSE,TRUE
"RMT0335",336,"Rumah Mewah Di Tebet Turun Harga Menjadi Rp 14,5 M, Ada Swimmung Pool",14500000000,307,500,10,7,2,"ada",47231270.36,29000000,FALSE,FALSE,FALSE,FALSE,TRUE,TRUE,FALSE,TRUE
"RMT0336",337,"Rumah Di Jual Di Tebet",8200000000,260,300,4,4,3,"ada",31538461.54,27333333.33,FALSE,FALSE,FALSE,FALSE,FALSE,FALSE,FALSE,FALSE
"RMT0337",338,"Rumah Di Jual, Brand New, Tebet Barat",2700000000,92,120,3,3,2,"ada",29347826.09,22500000,FALSE,FALSE,FALSE,FALSE,FALSE,FALSE,FALSE,FALSE
"RMT0338",339,"Dijual Rumah minimalis di Bukit Duri, Tebet",2500000000,100,121,3,2,2,"ada",25000000,20661157.02,FALSE,FALSE,FALSE,FALSE,FALSE,FALSE,FALSE,FALSE
"RMT0339",340,"Rumah Hoek Tebet Jakarta Mewah, Lokasi Strategis Selangkah ke Masjid",9900000000,250,350,5,3,2,"ada",39600000,28285714.29,FALSE,FALSE,FALSE,FALSE,FALSE,FALSE,FALSE,FALSE
"RMT0340",341,"Rumah Tebet Jakarta Selatan, depan Lapangan, Dijual Cepat Harga BU",4200000000,160,285,5,6,1,"ada",26250000,14736842.11,FALSE,FALSE,FALSE,FALSE,FALSE,TRUE,FALSE,TRUE
"RMT0341",342,"Rumah Di Tengah Pusat Bisnis Dekat Jalan Gatot Subroto Jaksel",10000000000,535,353,10,10,7,"ada",18691588.79,28328611.9,FALSE,FALSE,FALSE,FALSE,TRUE,TRUE,TRUE,TRUE
"RMT0342",343,"Rumah Dalam Komplek Di Gudang Peluru - Tebet Blok N348",5000000000,217,220,3,3,1,"ada",23041474.65,22727272.73,FALSE,FALSE,FALSE,FALSE,FALSE,FALSE,FALSE,FALSE
"RMT0343",344,"Tebet, Siap Huni, jalan 2 mobil",4300000000,90,250,4,4,2,"ada",47777777.78,17200000,FALSE,FALSE,FALSE,FALSE,FALSE,FALSE,FALSE,FALSE
"RMT0344",345,"Rumah 2 Lantai Lokasi Strategis Akses 2 Mbl Asem Baris Tebet",3000000000,125,250,3,2,1,"ada",24000000,12000000,FALSE,FALSE,FALSE,FALSE,FALSE,FALSE,FALSE,FALSE
"RMT0345",346,"Rumah Lama Layak Huni Akses 2 Mbl Lapangan Ros Tebet Jaksel",3000000000,170,130,4,3,1,"ada",17647058.82,23076923.08,FALSE,FALSE,FALSE,FALSE,FALSE,FALSE,FALSE,FALSE
"RMT0346",347,"Rumah Baru Design Modern Posisi Hook Lokasi Tebet Timur",3400000000,110,170,4,4,2,"ada",30909090.91,20000000,FALSE,FALSE,FALSE,FALSE,FALSE,FALSE,FALSE,FALSE
"RMT0347",348,"rumah baru 2lantai siap huni akses jalan 1mobil lokasi tebet timur",3200000000,90,150,3,2,1,"ada",35555555.56,21333333.33,FALSE,FALSE,FALSE,FALSE,FALSE,FALSE,FALSE,FALSE
"RMT0348",349,"Rumah Siap Huni Akses 1mobil Lokasi Tebet Timur",3000000000,110,150,4,3,2,"ada",27272727.27,20000000,FALSE,FALSE,FALSE,FALSE,FALSE,FALSE,FALSE,FALSE
"RMT0349",350,"Rumah Baru Siap Huni Semi Furnish Akses 1mobil Lokasi Tebet Utara",3200000000,91,210,5,3,1,"ada",35164835.16,15238095.24,FALSE,FALSE,FALSE,FALSE,FALSE,FALSE,FALSE,FALSE
"RMT0350",351,"Dijual rumah baru Lokasi tbt timur",3300000000,90,150,3,2,1,"ada",36666666.67,22000000,FALSE,FALSE,FALSE,FALSE,FALSE,FALSE,FALSE,FALSE
"RMT0351",352,"Rumah Siap Huni Di Tebet, Lingkungan Nyaman",5700000000,190,250,4,3,1,"ada",30000000,22800000,FALSE,FALSE,FALSE,FALSE,FALSE,FALSE,FALSE,FALSE
"RMT0352",353,"Rumah Siap Huni Di Kebon Baru Jaksel",2100000000,125,188,6,4,1,"ada",16800000,11170212.77,FALSE,FALSE,FALSE,FALSE,FALSE,FALSE,FALSE,FALSE
"RMT0353",354,"Di jual Rumah di tebet",4000000000,175,89,3,3,2,"ada",22857142.86,44943820.22,FALSE,FALSE,FALSE,FALSE,FALSE,FALSE,FALSE,FALSE
"RMT0354",355,"good house at jaksel tebet",2200000000,220,120,5,3,1,"ada",10000000,18333333.33,FALSE,FALSE,FALSE,FALSE,FALSE,FALSE,FALSE,FALSE
"RMT0355",356,"goood house at jakarta selatan tebet",8500000000,300,234,5,4,1,"ada",28333333.33,36324786.32,FALSE,FALSE,FALSE,FALSE,FALSE,FALSE,FALSE,FALSE
"RMT0356",357,"good house at jakarta selatan tebet",1700000000,204,154,5,2,0,"tidak_ada",8333333.33,11038961.04,FALSE,FALSE,FALSE,FALSE,FALSE,FALSE,FALSE,FALSE
"RMT0357",358,"Jual Cepat Rumah Di Tebet",10500000000,247,350,5,5,3,"ada",42510121.46,30000000,FALSE,FALSE,FALSE,FALSE,FALSE,FALSE,FALSE,FALSE
"RMT0358",359,"Rumah Tebet Dekat Mall Kokas BU Harga Covid",1899000000,135,150,4,2,1,"ada",14066666.67,12660000,FALSE,FALSE,FALSE,FALSE,FALSE,FALSE,FALSE,FALSE
"RMT0359",360,"good house at tebet",1500000000,121,90,3,2,0,"tidak_ada",12396694.21,16666666.67,FALSE,FALSE,FALSE,FALSE,FALSE,FALSE,FALSE,FALSE
"RMT0360",361,"Rumah Tebet Barat Dalam Jakarta Selatan",9000000000,384,399,3,3,1,"ada",23437500,22556390.98,FALSE,FALSE,FALSE,FALSE,FALSE,FALSE,FALSE,FALSE
"RMT0361",362,"Dijual Termurah Rumah Siap Huni di Tebet Utara Jakarta Selatan",3500000000,100,180,5,4,1,"ada",35000000,19444444.44,FALSE,FALSE,FALSE,FALSE,FALSE,FALSE,FALSE,FALSE
"RMT0362",363,"TEBET MAS Rumah Nyaman Dalam Komplek Elit Dekat Taman JARANG ADA",13000000000,322,250,4,3,2,"ada",40372670.81,52000000,FALSE,FALSE,FALSE,FALSE,FALSE,FALSE,FALSE,FALSE
"RMT0363",364,"Dijual Rumah di Tebet Utara, akses 2 mobil, Jakarta Selatan",7800000000,261,160,3,4,2,"ada",29885057.47,48750000,FALSE,FALSE,FALSE,FALSE,FALSE,FALSE,FALSE,FALSE
"RMT0364",365,"Dijual Rumah Tebet Barat Lokasi Premium Tenang Jalan Lebar",8000000000,202,200,5,3,3,"ada",39603960.4,40000000,FALSE,FALSE,FALSE,FALSE,FALSE,FALSE,FALSE,FALSE
"RMT0365",366,"Dijual Murah Rumah Mewah di Tebet Utara Jakarta Selatan",8000000000,306,450,5,4,1,"ada",26143790.85,17777777.78,FALSE,FALSE,FALSE,FALSE,FALSE,FALSE,FALSE,FALSE
"RMT0366",367,"Rumah Lama Layak Huni Tebet Jak Sel",2900000000,135,90,2,1,1,"ada",21481481.48,32222222.22,FALSE,FALSE,FALSE,FALSE,TRUE,TRUE,FALSE,TRUE
"RMT0367",368,"Dijual rumah lama layak huni akses jalan lebar lokasi tebet timur",2950000000,135,125,2,1,0,"tidak_ada",21851851.85,23600000,FALSE,FALSE,FALSE,FALSE,TRUE,TRUE,FALSE,TRUE
"RMT0368",369,"Rumah Tua Butuh Renovasi di Tebet Timur Jak Sel",2600000000,130,80,2,1,0,"tidak_ada",20000000,32500000,FALSE,FALSE,FALSE,FALSE,TRUE,TRUE,FALSE,TRUE
"RMT0369",370,"Rumah Siap Huni Baru Renovasi Di Tebet Utara Jak Sel",2500000000,54,105,3,2,1,"ada",46296296.3,23809523.81,FALSE,FALSE,FALSE,FALSE,FALSE,FALSE,FALSE,FALSE
"RMT0370",371,"Di jual rumah 2nd siap huni akses gg motor tebet",2500000000,130,100,3,2,0,"tidak_ada",19230769.23,25000000,FALSE,FALSE,FALSE,FALSE,FALSE,FALSE,FALSE,FALSE
"RMT0371",372,"Rumah Siap Huni Model Minimalis Di Tebet Jakarta Selatan",2600000000,95,180,4,2,1,"ada",27368421.05,14444444.44,FALSE,FALSE,FALSE,FALSE,FALSE,FALSE,FALSE,FALSE
"RMT0372",373,"TEBET - Bagus Untuk Investasi di Jalan 1 Mobil",2700000000,142,120,3,2,1,"ada",19014084.51,22500000,FALSE,FALSE,FALSE,FALSE,FALSE,FALSE,FALSE,FALSE
"RMT0373",374,"Rumah di Tebet Jalan dua mobil bangunan lama",5000000000,220,100,2,1,0,"tidak_ada",22727272.73,50000000,FALSE,FALSE,FALSE,FALSE,TRUE,TRUE,FALSE,TRUE
"RMT0374",375,"Rumah dijual di Tebet",5900000000,134,340,5,4,3,"ada",44029850.75,17352941.18,FALSE,FALSE,FALSE,FALSE,FALSE,FALSE,FALSE,FALSE
"RMT0375",376,"Rumah huk di Tebet jalan satu mobil lebar",3000000000,150,250,3,3,2,"ada",20000000,12000000,FALSE,FALSE,FALSE,FALSE,FALSE,FALSE,FALSE,FALSE
"RMT0376",377,"Rumah baru di Tebet Barat dekat jalan dua mobil",3500000000,118,160,4,4,2,"ada",29661016.95,21875000,FALSE,FALSE,FALSE,FALSE,FALSE,FALSE,FALSE,FALSE
"RMT0377",378,"Rumah di Tebet Barat bagus terawat dekat fasum",3200000000,138,128,3,2,1,"ada",23188405.8,25000000,FALSE,FALSE,FALSE,FALSE,FALSE,FALSE,FALSE,FALSE
"RMT0378",379,"TEBET - Siap Huni, Bagus, Akses 2 Mobil",5300000000,145,200,3,3,2,"ada",36551724.14,26500000,FALSE,FALSE,FALSE,FALSE,FALSE,FALSE,FALSE,FALSE
"RMT0379",380,"TEBET - Depan Taman, Baru, Jalan 2 Mobil",6500000000,150,220,3,3,1,"ada",43333333.33,29545454.55,FALSE,FALSE,FALSE,FALSE,FALSE,FALSE,FALSE,FALSE
"RMT0380",381,"Jual Cepat Rumah Di Casablanca Jakarta Selatan",6000000000,284,300,7,3,3,"ada",21126760.56,20000000,FALSE,FALSE,FALSE,FALSE,TRUE,FALSE,FALSE,TRUE
"RMT0381",382,"Rumah Baru dijual di Tebet Barat, lokasi strategis",3500000000,135,200,3,3,2,"ada",25925925.93,17500000,FALSE,FALSE,FALSE,FALSE,FALSE,FALSE,FALSE,FALSE
"RMT0382",383,"Dijual Rumah Di Jl. Kebon Baru Utara, Tebet Jakarta Selatan",2780000000,120,192,5,4,2,"ada",23166666.67,14479166.67,FALSE,FALSE,FALSE,FALSE,FALSE,FALSE,FALSE,FALSE
"RMT0383",384,"For Sale..Rumah Di Tebet Timur",4900000000,135,215,9,8,0,"tidak_ada",36296296.3,22790697.67,FALSE,FALSE,FALSE,FALSE,TRUE,TRUE,FALSE,TRUE
"RMT0384",385,"Rumah baru 100% bergaya mewah tebet Jakarta selatan",3800000000,165,160,4,3,1,"ada",23030303.03,23750000,FALSE,FALSE,FALSE,FALSE,FALSE,FALSE,FALSE,FALSE
"RMT0385",386,"Dijual Rumah Baru Dengan Design Minimalis Di Tebet",4500000000,125,175,3,3,2,"ada",36000000,25714285.71,FALSE,FALSE,FALSE,FALSE,FALSE,FALSE,FALSE,FALSE
"RMT0386",387,"Dijual Rumah Brand New, Ada Taman, Lingkungan Tenang Di Tebet Barat",6500000000,230,350,4,4,2,"ada",28260869.57,18571428.57,FALSE,FALSE,FALSE,FALSE,FALSE,FALSE,FALSE,FALSE
"RMT0387",388,"Dijual Rumah Dalam Komplek Elit Tebet Mas Lokasi Paling Premium di Tebet",5500000000,140,300,3,3,2,"ada",39285714.29,18333333.33,FALSE,FALSE,FALSE,FALSE,FALSE,FALSE,FALSE,FALSE
"RMT0388",389,"Dijual Rumah di Tebet Utara, akses 2 mobil",7800000000,261,160,3,4,2,"ada",29885057.47,48750000,FALSE,FALSE,FALSE,FALSE,FALSE,FALSE,FALSE,FALSE
"RMT0389",390,"TERJUAL Rumah Di Bukit Duri Area Komersil",3900000000,250,150,4,2,2,"ada",15600000,26000000,FALSE,FALSE,FALSE,FALSE,FALSE,FALSE,FALSE,FALSE
"RMT0390",391,"DIJUAL CEPAT HARGA MURAH ( BU CEPAT) Rumah 700 m2 Di TEBET",9200000000,700,450,8,4,4,"ada",13142857.14,20444444.44,FALSE,FALSE,TRUE,FALSE,TRUE,FALSE,TRUE,TRUE
"RMT0391",392,"Dijual rumah siap huni 2lantai full strategis dekat kokas akes jalan2mobil lokasi menteng dalam",2200000000,82,150,5,2,2,"ada",26829268.29,14666666.67,FALSE,FALSE,FALSE,FALSE,FALSE,FALSE,FALSE,FALSE
"RMT0392",393,"Rumah Siap Huni Hanya 50m Dari Dan Ke Asem Baris Raya Tebet",2100000000,126,100,2,2,1,"ada",16666666.67,21000000,FALSE,FALSE,FALSE,FALSE,TRUE,FALSE,FALSE,TRUE
"RMT0393",394,"Rumah Siap Huni Akses 1mobil Di Tebet Timur",2450000000,135,150,5,2,0,"tidak_ada",18148148.15,16333333.33,FALSE,FALSE,FALSE,FALSE,FALSE,FALSE,FALSE,FALSE
"RMT0394",395,"Rumah Bagus Siap Huni Pinggir Jalan 2 Mbl Asem Baris Tebet",2150000000,135,120,3,2,1,"ada",15925925.93,17916666.67,FALSE,FALSE,FALSE,FALSE,FALSE,FALSE,FALSE,FALSE
"RMT0395",396,"Rumah Bagus Siap Huni Pinggir Jalan 2 Mbl Asem Baris Tebet",2300000000,150,130,4,1,0,"tidak_ada",15333333.33,17692307.69,FALSE,FALSE,FALSE,FALSE,FALSE,TRUE,FALSE,TRUE
"RMT0396",397,"Rumah siap huni lokasi strategis pinggir jalan raya asem baris jaksel",2000000000,94,120,2,2,0,"tidak_ada",21276595.74,16666666.67,FALSE,FALSE,FALSE,FALSE,TRUE,FALSE,FALSE,TRUE
"RMT0397",398,"Rumah Tua Dalam Lingkungan Yang Nyaman Di Kebon Baru Jakarta Selatan",2250000000,150,130,2,1,0,"tidak_ada",15000000,17307692.31,FALSE,FALSE,FALSE,FALSE,TRUE,TRUE,FALSE,TRUE
"RMT0398",399,"Dijual rumah di Asem baris, Akses jalan 2 mobil",2000000000,111,100,2,2,1,"ada",18018018.02,20000000,FALSE,FALSE,FALSE,FALSE,TRUE,FALSE,FALSE,TRUE
"RMT0399",400,"Rumah baru siap huni di tebet barat",4000000000,135,216,5,4,2,"ada",29629629.63,18518518.52,FALSE,FALSE,FALSE,FALSE,FALSE,FALSE,FALSE,FALSE
"RMT0400",401,"TEBET RAYA Rumah Layak Huni Dekan Stasiun",22000000000,448,350,6,7,2,"ada",49107142.86,62857142.86,FALSE,TRUE,FALSE,FALSE,FALSE,TRUE,FALSE,TRUE
"RMT0401",402,"Dijual Rumah Komplek Tebet Lokasi Premium Tenang Jalan Lebar",13000000000,384,216,3,3,2,"ada",33854166.67,60185185.19,FALSE,FALSE,FALSE,FALSE,FALSE,FALSE,FALSE,FALSE
"RMT0402",403,"Dijual Cepat Rumah Di Tebet Dalam",9000000000,353,470,9,6,0,"tidak_ada",25495750.71,19148936.17,FALSE,FALSE,FALSE,FALSE,TRUE,TRUE,FALSE,TRUE
"RMT0403",404,"Rumah Baru Model Minimalis Di Tebet Timur Jakarta Selatan",6200000000,138,260,6,5,0,"tidak_ada",44927536.23,23846153.85,FALSE,FALSE,FALSE,FALSE,FALSE,FALSE,FALSE,FALSE
"RMT0404",405,"Dijual Rumah Lama Hitung Tanah Di Tebet Jaksel, Lokasi TOP, Tenang, Asri",2400000000,149,120,3,2,0,"tidak_ada",16107382.55,20000000,FALSE,FALSE,FALSE,FALSE,FALSE,FALSE,FALSE,FALSE
"RMT0405",406,"TEBET RAYA Jalan Lebar Cocok Untuk Resto dan Kantor",15000000000,387,237,5,4,3,"ada",38759689.92,63291139.24,FALSE,FALSE,FALSE,FALSE,FALSE,FALSE,FALSE,FALSE
"RMT0406",407,"TEBET RAYA AREA KOMERSIL Rumah Siap Huni Bisa Dibangun 4 Lantai",22000000000,520,300,4,4,2,"ada",42307692.31,73333333.33,FALSE,TRUE,FALSE,FALSE,FALSE,FALSE,FALSE,TRUE
"RMT0407",408,"3 Bedrooms House Tebet, Jakarta Selatan, DKI Jakarta",2200000000,100,120,3,2,1,"ada",22000000,18333333.33,FALSE,FALSE,FALSE,FALSE,FALSE,FALSE,FALSE,FALSE
"RMT0408",409,"Jual Rumah Tebet 3-Lantai Akses 2 Mobil, Jakarta Selatan",5000000000,150,320,9,5,0,"tidak_ada",33333333.33,15625000,FALSE,FALSE,FALSE,FALSE,TRUE,FALSE,FALSE,TRUE
"RMT0409",410,"Rumah Second Terawat Dan Setrategis Tebet Jakarta Selatan",23000000000,565,350,5,3,4,"ada",40707964.6,65714285.71,FALSE,TRUE,TRUE,FALSE,FALSE,FALSE,TRUE,TRUE
"RMT0410",411,"Rumah tebet dekat mall kokas",2700000000,87,135,3,2,2,"ada",31034482.76,20000000,FALSE,FALSE,FALSE,FALSE,FALSE,FALSE,FALSE,FALSE
"RMT0411",412,"Rumah Baru di Jln Tebet Timur Jakarta Selatan",4595000000,136,170,5,4,2,"ada",33786764.71,27029411.76,FALSE,FALSE,FALSE,FALSE,FALSE,FALSE,FALSE,FALSE
"RMT0412",413,"Dijual Rumah di Jalan Palbatu, dekat kota kasablanka, jalan 2 mobil",1300000000,75,100,3,2,0,"tidak_ada",17333333.33,13000000,FALSE,FALSE,FALSE,FALSE,FALSE,FALSE,FALSE,FALSE
"RMT0413",414,"Dijual Cepat Rumah Hoek Tebet, jalan 2 mobil Harga Nego",12000000000,590,500,10,10,0,"tidak_ada",20338983.05,24000000,FALSE,FALSE,TRUE,FALSE,TRUE,TRUE,FALSE,TRUE
"RMT0414",415,"Dijual Rumah 1,5 Lantai Di Tebet Dalam",21000000000,500,300,4,3,4,"ada",42000000,70000000,FALSE,TRUE,FALSE,FALSE,FALSE,FALSE,TRUE,TRUE
"RMT0415",416,"Dijual Cepat Rumah Bagus di Tebet, Siap huni",3500000000,100,170,5,3,3,"ada",35000000,20588235.29,FALSE,FALSE,FALSE,FALSE,FALSE,FALSE,FALSE,FALSE
"RMT0416",417,"Dijual Rumah Baru di Tebet, Elite",3900000000,142,179,5,4,2,"ada",27464788.73,21787709.5,FALSE,FALSE,FALSE,FALSE,FALSE,FALSE,FALSE,FALSE
"RMT0417",418,"Dijual Brand New Rumah Tebet, Ada Swimming Pool",25000000000,619,700,5,4,10,"ada",40387722.13,35714285.71,FALSE,TRUE,TRUE,TRUE,FALSE,FALSE,TRUE,TRUE
"RMT0418",419,"Dijual Rumah Baru di Tebet, Jalan 1 mobil Lebar, Jakarta Selatan",3900000000,142,179,5,4,2,"ada",27464788.73,21787709.5,FALSE,FALSE,FALSE,FALSE,FALSE,FALSE,FALSE,FALSE
"RMT0419",420,"Dijual Rumah Elite di Tebet, Jakarta Selatan",1250000000,312,480,4,2,1,"ada",4006410.26,2604166.67,FALSE,FALSE,FALSE,FALSE,FALSE,FALSE,FALSE,FALSE
"RMT0420",421,"Dijual Rumah Baru di Tebet, siap huni",3900000000,130,230,3,4,3,"ada",30000000,16956521.74,FALSE,FALSE,FALSE,FALSE,FALSE,FALSE,FALSE,FALSE
"RMT0421",422,"Dijual Rumah Tebet Barat, Hitung Tanah Saja, Jarang Ada",3000000000,160,150,5,2,0,"tidak_ada",18750000,20000000,FALSE,FALSE,FALSE,FALSE,FALSE,FALSE,FALSE,FALSE
"RMT0422",423,"Dijual Rumah Cantik Tebet Lokasi Premium Nyaman Jalan Lebar",12000000000,303,240,6,6,4,"ada",39603960.4,50000000,FALSE,FALSE,FALSE,FALSE,FALSE,TRUE,TRUE,TRUE
"RMT0423",424,"Rumah Nyaman Jalan Lebar Strategis Di Kebon Baru Dekat Stasiun Tebet",5000000000,210,275,6,5,3,"ada",23809523.81,18181818.18,FALSE,FALSE,FALSE,FALSE,FALSE,FALSE,FALSE,FALSE
"RMT0424",425,"Rumah 2 Lantai Luas Murah Strategis Di Kebon Baru Dekat Stasiun Tebet",2300000000,132,150,4,3,1,"ada",17424242.42,15333333.33,FALSE,FALSE,FALSE,FALSE,FALSE,FALSE,FALSE,FALSE
"RMT0425",426,"Dijual Rumah Strategis Komplek Gudang Peluru Jakarta Selatan",9800000000,342,162,5,3,2,"ada",28654970.76,60493827.16,FALSE,FALSE,FALSE,FALSE,FALSE,FALSE,FALSE,FALSE
"RMT0426",427,"Rumah Murah Di Tebet Jaksel",6800000000,428,500,5,4,4,"ada",15887850.47,13600000,FALSE,FALSE,FALSE,FALSE,FALSE,FALSE,TRUE,TRUE
"RMT0427",428,"Rumah 2 Lantai Di Tebet Barat, Blakang Perkantoran Mt Haryono",11000000000,391,600,7,5,4,"ada",28132992.33,18333333.33,FALSE,FALSE,FALSE,FALSE,TRUE,FALSE,TRUE,TRUE
"RMT0428",429,"Rumah Di Pinggir Jalan Tebet Barat Raya, SHM, Investasi Bagus",11500000000,400,350,9,7,6,"ada",28750000,32857142.86,FALSE,FALSE,FALSE,FALSE,TRUE,TRUE,TRUE,TRUE
"RMT0429",430,"Dijual Cepat Rumah Tebet Barat Dalam Lokasi Strategis Jakarta Selatan",3600000000,163,130,3,2,2,"ada",22085889.57,27692307.69,FALSE,FALSE,FALSE,FALSE,FALSE,FALSE,FALSE,FALSE
"RMT0430",431,"Rumah Tebet Bebas banjir, dekat pintu tol",22500000000,610,700,6,4,1,"ada",36885245.9,32142857.14,FALSE,TRUE,TRUE,TRUE,FALSE,FALSE,FALSE,TRUE
"RMT0431",432,"Rumah Mewah Dan Sangat Strategis Di Tebet",9500000000,240,340,7,4,2,"ada",39583333.33,27941176.47,FALSE,FALSE,FALSE,FALSE,TRUE,FALSE,FALSE,TRUE
"RMT0432",433,"Tebet Mas, lokasi OK depan taman",13000000000,322,225,4,3,2,"ada",40372670.81,57777777.78,FALSE,FALSE,FALSE,FALSE,FALSE,FALSE,FALSE,FALSE
"RMT0433",434,"Rumah TEBET jak sel",10000000000,264,300,5,4,0,"tidak_ada",37878787.88,33333333.33,FALSE,FALSE,FALSE,FALSE,FALSE,FALSE,FALSE,FALSE
"RMT0434",435,"Rumah berada di kawasan elit di @Tebet Timur",5500000000,205,117,5,4,0,"tidak_ada",26829268.29,47008547.01,FALSE,FALSE,FALSE,FALSE,FALSE,FALSE,FALSE,FALSE
"RMT0435",436,"Rumah Di tebet Barat",3500000000,110,90,3,3,1,"ada",31818181.82,38888888.89,FALSE,FALSE,FALSE,FALSE,FALSE,FALSE,FALSE,FALSE
"RMT0436",437,"Rumah di tebet",3500000000,91,250,4,2,2,"ada",38461538.46,14000000,FALSE,FALSE,FALSE,FALSE,FALSE,FALSE,FALSE,FALSE
"RMT0437",438,"Rumah Murah Di Tebet Jakarta Selatan Baru ",3800000000,113,154,4,4,3,"ada",33628318.58,24675324.68,FALSE,FALSE,FALSE,FALSE,FALSE,FALSE,FALSE,FALSE
"RMT0438",439,"Rumah Siap Huni Di Tebet Lokasi Sangat Strategis Sekali",2800000000,90,250,3,3,1,"ada",31111111.11,11200000,FALSE,FALSE,FALSE,FALSE,FALSE,FALSE,FALSE,FALSE
"RMT0439",440,"Dijual Rumah Mewah Terawat Di Daerah Tebet Hrg Menarik",13750000000,429,600,6,4,1,"ada",32051282.05,22916666.67,FALSE,FALSE,FALSE,FALSE,FALSE,FALSE,FALSE,FALSE
"RMT0440",441,"Rumah Baru Tebet",6200000000,150,220,4,4,2,"ada",41333333.33,28181818.18,FALSE,FALSE,FALSE,FALSE,FALSE,FALSE,FALSE,FALSE
"RMT0441",442,"Dijual Rumah Asri, Tebet, Jakarta Selatan",4600000000,147,200,4,3,1,"ada",31292517.01,23000000,FALSE,FALSE,FALSE,FALSE,FALSE,FALSE,FALSE,FALSE
"RMT0442",443,"Rumah Lama di tebet berada di pusat kota jakarta selatan",12000000000,322,322,4,3,2,"ada",37267080.75,37267080.75,FALSE,FALSE,FALSE,FALSE,FALSE,FALSE,FALSE,FALSE
"RMT0443",444,"di jual rumah bagus tebet",2500000000,78,94,2,2,2,"ada",32051282.05,26595744.68,FALSE,FALSE,FALSE,FALSE,TRUE,FALSE,FALSE,TRUE
"RMT0444",445,"Rumah Lama Tebet Dijual Cepet Dengan Lokasi Strategis",2500000000,135,160,3,2,2,"ada",18518518.52,15625000,FALSE,FALSE,FALSE,FALSE,FALSE,FALSE,FALSE,FALSE
"RMT0445",446,"Rumah Besar Bangunan Kokoh Siap Huni Di Kebon Baru Tebet Jak Sel",9200000000,700,450,8,4,2,"ada",13142857.14,20444444.44,FALSE,FALSE,TRUE,FALSE,TRUE,FALSE,FALSE,TRUE
"RMT0446",447,"Dijual rumah hitung tanah di tebet dalam komplek jalan lebar",6500000000,217,217,3,2,2,"ada",29953917.05,29953917.05,FALSE,FALSE,FALSE,FALSE,FALSE,FALSE,FALSE,FALSE
"RMT0447",448,"Rumah Siap Huni Dan Bagus Dijual Kebon Baru Tebet Jakarta Selatan",12000000000,700,450,8,4,0,"tidak_ada",17142857.14,26666666.67,FALSE,FALSE,TRUE,FALSE,TRUE,FALSE,FALSE,TRUE
"RMT0448",449,"Rumah Siap Huni Dijual Jaya Mandala Jakarta Selatan",35000000000,469,599,4,3,0,"tidak_ada",74626865.67,58430717.86,FALSE,TRUE,FALSE,FALSE,FALSE,FALSE,FALSE,TRUE
"RMT0449",450,"Rumah Di Tebet Timur, Jalan 1 Mobil, Dekat 2 mobil",4200000000,143,120,6,3,2,"ada",29370629.37,35000000,FALSE,FALSE,FALSE,FALSE,FALSE,FALSE,FALSE,FALSE
"RMT0450",451,"Rumah Di Tebet Barat Dalam, Jalan 2 Mobil, Strategis",5500000000,221,200,5,2,2,"ada",24886877.83,27500000,FALSE,FALSE,FALSE,FALSE,FALSE,FALSE,FALSE,FALSE
"RMT0451",452,"Tebet rumah minimalis modern akses 2 mobil, jakarta selatan",3500000000,100,190,6,4,2,"ada",35000000,18421052.63,FALSE,FALSE,FALSE,FALSE,FALSE,FALSE,FALSE,FALSE
"RMT0452",453,"Rumah gang kebun baru tebet jakarta selatan",900000000,56,100,3,2,0,"tidak_ada",16071428.57,9000000,FALSE,FALSE,FALSE,FALSE,FALSE,FALSE,FALSE,FALSE
"RMT0453",454,"Rumah Dijual di Tebet Jakarta Selatan",3500000000,100,350,4,4,2,"ada",35000000,10000000,FALSE,FALSE,FALSE,FALSE,FALSE,FALSE,FALSE,FALSE
"RMT0454",455,"Rumah murah dan strategis di tebet timur jakarta selatan",7500000000,288,150,5,3,1,"ada",26041666.67,50000000,FALSE,FALSE,FALSE,FALSE,FALSE,FALSE,FALSE,FALSE
"RMT0455",456,"Rumah dua lantai di Tebet Barat Dalam Jakarta Selatan",3500000000,140,235,5,4,2,"ada",25000000,14893617.02,FALSE,FALSE,FALSE,FALSE,FALSE,FALSE,FALSE,FALSE
"RMT0456",457,"Rumah Jakarta Selatan Tebet",14000000000,475,200,5,3,0,"tidak_ada",29473684.21,70000000,FALSE,FALSE,FALSE,FALSE,FALSE,FALSE,FALSE,FALSE
"RMT0457",458,"Rumah Siap Huni LT 170 M2 TERMURAH di Tebet Dalam, Jakarta Selatan",3500000000,170,210,6,2,2,"ada",20588235.29,16666666.67,FALSE,FALSE,FALSE,FALSE,FALSE,FALSE,FALSE,FALSE
"RMT0458",459,"Newly House dekat Taman Akses JALAN 2 MOBIl bentuk tanah NGANTONG di Tebet Barat",4950000000,110,225,5,4,2,"ada",45000000,22000000,FALSE,FALSE,FALSE,FALSE,FALSE,FALSE,FALSE,FALSE
"RMT0459",460,"Rumah Cantik 3 Lt Semi FURNISH di Tebet Utara",2600000000,91,210,5,3,1,"ada",28571428.57,12380952.38,FALSE,FALSE,FALSE,FALSE,FALSE,FALSE,FALSE,FALSE
"RMT0460",461,"Dijual Rumah Baru Di Tebet Timur Harga Bagus",4200000000,165,200,4,2,0,"tidak_ada",25454545.45,21000000,FALSE,FALSE,FALSE,FALSE,FALSE,FALSE,FALSE,FALSE
"RMT0461",462,"Rumah Arsitektur Klasik Dijual Di Tebet Barat Harga Bagus",4200000000,100,150,4,4,0,"tidak_ada",42000000,28000000,FALSE,FALSE,FALSE,FALSE,FALSE,FALSE,FALSE,FALSE
"RMT0462",463,"Dijual Rumah 3 Lantai Cocok Untuk Tempat Tinggal Dan Usaha Kost",1300000000,125,332,7,7,0,"tidak_ada",10400000,3915662.65,FALSE,FALSE,FALSE,FALSE,TRUE,TRUE,FALSE,TRUE
"RMT0463",464,"Rumah siap huni di Tebet - RPA",8500000000,440,550,8,5,5,"ada",19318181.82,15454545.45,FALSE,FALSE,FALSE,FALSE,TRUE,FALSE,TRUE,TRUE
"RMT0464",465,"Brand New Rumah Soho Tebet",8750000000,137,180,4,4,2,"ada",63868613.14,48611111.11,FALSE,FALSE,FALSE,FALSE,FALSE,FALSE,FALSE,FALSE
"RMT0465",466,"Rumah Brand New Siap Huni Tebet Timur Dalam, Dekat Pspt",3900000000,130,200,3,3,1,"ada",30000000,19500000,FALSE,FALSE,FALSE,FALSE,FALSE,FALSE,FALSE,FALSE
"RMT0466",467,"Di jual rumah siap huni model classic di tebet menteng dalem jakarta selatan",6100000000,130,390,7,6,3,"ada",46923076.92,15641025.64,FALSE,FALSE,FALSE,FALSE,TRUE,TRUE,FALSE,TRUE
"RMT0467",468,"Rumah Cantik Tebet Jaksel. Dekat Cbd Kuningan Dan Mal Kokas",2500000000,90,150,3,2,1,"ada",27777777.78,16666666.67,FALSE,FALSE,FALSE,FALSE,FALSE,FALSE,FALSE,FALSE
"RMT0468",469,"Dijual Rumah Siap Huni di Tebet Jakarta Selatan",3500000000,100,350,4,4,2,"ada",35000000,10000000,FALSE,FALSE,FALSE,FALSE,FALSE,FALSE,FALSE,FALSE
"RMT0469",470,"Rumah Klasik SUPER MEWAH Semi Furnished Tebet Timur, Jakarta Selatan",30900000000,670,1000,8,6,4,"ada",46119402.99,30900000,FALSE,TRUE,TRUE,TRUE,TRUE,TRUE,TRUE,TRUE
"RMT0470",471,"Rumah Tua HITUNG TANAH TERMURAH di Area Komersial Jl. Johar, Menteng",55000000000,1075,400,4,3,4,"ada",51162790.7,137500000,FALSE,TRUE,TRUE,FALSE,FALSE,FALSE,TRUE,TRUE
"RMT0471",472,"Rumah Tua Strategis Dijual Hitung Tanah Di Tebet, Jakarta Selatan",3500000000,360,225,4,2,1,"ada",9722222.22,15555555.56,FALSE,FALSE,FALSE,FALSE,FALSE,FALSE,FALSE,FALSE
"RMT0472",473,"Dekat Rumah Sakit Tebet Dan Gelael",3500000000,145,200,8,8,3,"ada",24137931.03,17500000,FALSE,FALSE,FALSE,FALSE,TRUE,TRUE,FALSE,TRUE
"RMT0473",474,"TEBET Rumah Jual Hitung Tanah Jalan Tiga Mobil Lebar",4500000000,200,150,3,2,2,"ada",22500000,30000000,FALSE,FALSE,FALSE,FALSE,FALSE,FALSE,FALSE,FALSE
"RMT0474",475,"Rumah Lama Di Prime Area Tebet, Komersial",55000000000,1224,1126,4,4,2,"ada",44934640.52,48845470.69,FALSE,TRUE,TRUE,TRUE,FALSE,FALSE,FALSE,TRUE
"RMT0475",476,"Rumah Di Area Komersial Tebet Raya",22000000000,520,300,4,4,3,"ada",42307692.31,73333333.33,FALSE,TRUE,FALSE,FALSE,FALSE,FALSE,FALSE,TRUE
"RMT0476",477,"Rumah Cantik Brand New, Tersisa 2 Unit",3200000000,86,150,5,4,2,"ada",37209302.33,21333333.33,FALSE,FALSE,FALSE,FALSE,FALSE,FALSE,FALSE,FALSE
"RMT0477",478,"TEBET - Rumah Baru, Design Menarik di Tengah Kota Jakarta",6500000000,173,300,4,4,2,"ada",37572254.34,21666666.67,FALSE,FALSE,FALSE,FALSE,FALSE,FALSE,FALSE,FALSE
"RMT0478",479,"Rumah di Tebet Timur Jalan 1 Mobil Lebar, Luas Tanah 135 m2",1900000000,135,130,5,2,1,"ada",14074074.07,14615384.62,FALSE,FALSE,FALSE,FALSE,FALSE,FALSE,FALSE,FALSE
"RMT0479",480,"TEBET - Sangat Terawat, Area Tenang di Depan Taman",5990000000,220,350,5,5,2,"ada",27227272.73,17114285.71,FALSE,FALSE,FALSE,FALSE,FALSE,FALSE,FALSE,FALSE
"RMT0480",481,"DIJUAL Cepat Rumah Baru Siap Huni Full Furnish, Tebet Barat",5500000000,173,300,4,4,2,"ada",31791907.51,18333333.33,FALSE,FALSE,FALSE,FALSE,FALSE,FALSE,FALSE,FALSE
"RMT0481",482,"Tebet rumah mewah prime lokasi, jakarta selatan",16500000000,361,800,7,5,6,"ada",45706371.19,20625000,FALSE,FALSE,FALSE,TRUE,TRUE,FALSE,TRUE,TRUE
"RMT0482",483,"Rumah luas kolam renang di Tebet Jakarta Selatan",23000000000,619,700,5,5,10,"ada",37156704.36,32857142.86,FALSE,TRUE,TRUE,TRUE,FALSE,FALSE,TRUE,TRUE
"RMT0483",484,"Rumah jual tebet jl 2mobil 4. 5mly",4499999744,140,250,5,4,2,"ada",32142855.31,17999998.98,FALSE,FALSE,FALSE,FALSE,FALSE,FALSE,FALSE,FALSE
"RMT0484",485,"Dijual Rumah Tebet Barat Lokasi Premium Tenang Jalan 1 Mobil",3500000000,135,150,3,3,2,"ada",25925925.93,23333333.33,FALSE,FALSE,FALSE,FALSE,FALSE,FALSE,FALSE,FALSE
"RMT0485",486,"Dijual Rumah Baru Siap Huni Depan Taman Tebet",6000000000,150,220,4,4,2,"ada",40000000,27272727.27,FALSE,FALSE,FALSE,FALSE,FALSE,FALSE,FALSE,FALSE
"RMT0486",487,"Rumah baru 100%, Tebet, Jakarta Selatan",3600000000,110,154,3,3,2,"ada",32727272.73,23376623.38,FALSE,FALSE,FALSE,FALSE,FALSE,FALSE,FALSE,FALSE
"RMT0487",488,"4 Bedrooms House Tebet, Jakarta Selatan, DKI Jakarta",4300000000,135,180,4,4,2,"ada",31851851.85,23888888.89,FALSE,FALSE,FALSE,FALSE,FALSE,FALSE,FALSE,FALSE
"RMT0488",489,"TEBET Rumah Mewah Terawat Dekat Jalan Soepomo",7900000000,225,380,5,4,2,"ada",35111111.11,20789473.68,FALSE,FALSE,FALSE,FALSE,FALSE,FALSE,FALSE,FALSE
"RMT0489",490,"Dijual Rumah Di Asem Barus Tebet",27000000512,1069,350,4,4,5,"ada",25257250.25,77142858.61,FALSE,TRUE,TRUE,FALSE,FALSE,FALSE,TRUE,TRUE
"RMT0490",491,"Dijual Rumah Di Barat Asem Baris,Kebun Baru",5000000000,150,320,5,5,3,"ada",33333333.33,15625000,FALSE,FALSE,FALSE,FALSE,FALSE,FALSE,FALSE,FALSE
"RMT0491",492,"Dijual Rumah Di Tebet Barat",3000000000,132,110,3,2,0,"tidak_ada",22727272.73,27272727.27,FALSE,FALSE,FALSE,FALSE,FALSE,FALSE,FALSE,FALSE
"RMT0492",493,"Rumah Didalam Kompleks Tebet",4900000000,170,280,5,4,3,"ada",28823529.41,17500000,FALSE,FALSE,FALSE,FALSE,FALSE,FALSE,FALSE,FALSE
"RMT0493",494,"Dijual Rumah Tebet Depan Taman Asri Jalan Muat 2 Mobil",3700000000,130,130,3,3,2,"ada",28461538.46,28461538.46,FALSE,FALSE,FALSE,FALSE,FALSE,FALSE,FALSE,FALSE
"RMT0494",495,"Rumah Tebet Asam Baris",2900000000,160,160,3,3,1,"ada",18125000,18125000,FALSE,FALSE,FALSE,FALSE,FALSE,FALSE,FALSE,FALSE
"RMT0495",496,"Rumah Tebet Barat",3700000000,89,175,3,3,2,"ada",41573033.71,21142857.14,FALSE,FALSE,FALSE,FALSE,FALSE,FALSE,FALSE,FALSE
"RMT0496",497,"Dijual Rumah Hitung Tanah Tebet Timur Lokasi Strategis Jalan 1 Mobil",3600000000,180,100,4,2,1,"ada",20000000,36000000,FALSE,FALSE,FALSE,FALSE,FALSE,FALSE,FALSE,FALSE
"RMT0497",498,"Dijual Rumah Hitung Tanah Tebet Utara IV",2333333000,90,80,2,2,1,"ada",25925922.22,29166662.5,FALSE,FALSE,FALSE,FALSE,TRUE,FALSE,FALSE,TRUE
"RMT0498",499,"Rumah Mewah Brand New Di Menteng Dalam Tebet Jakarta Selatan",25000000000,271,890,5,6,3,"ada",92250922.51,28089887.64,FALSE,TRUE,FALSE,TRUE,FALSE,TRUE,FALSE,TRUE
"RMT0499",500,"TEBET - Rumah Bagus, Jalan 1 Mobil, Siap Huni",6500000000,150,275,4,5,1,"ada",43333333.33,23636363.64,FALSE,FALSE,FALSE,FALSE,FALSE,FALSE,FALSE,FALSE
"RMT0500",501,"TEBET - RUMAH BARU, Design Bagus",6500000000,140,270,3,3,4,"ada",46428571.43,24074074.07,FALSE,FALSE,FALSE,FALSE,FALSE,FALSE,TRUE,TRUE
"RMT0501",502,"Tebet-Area Komersi, Jalan 3 Mobil Lebar",22000000000,520,300,5,4,3,"ada",42307692.31,73333333.33,FALSE,TRUE,FALSE,FALSE,FALSE,FALSE,FALSE,TRUE
"RMT0502",503,"TEBET - SIAP HUNI, Jalan 1 Mobil",2850000000,96,102,3,2,2,"ada",29687500,27941176.47,FALSE,FALSE,FALSE,FALSE,FALSE,FALSE,FALSE,FALSE
"RMT0503",504,"TEBET - RUMAH BARU, Jalan 3 Mobil Lebar",30000000000,672,900,5,6,4,"ada",44642857.14,33333333.33,FALSE,TRUE,TRUE,TRUE,FALSE,TRUE,TRUE,TRUE
"RMT0504",505,"rumah second tebet",25000000000,565,350,4,4,4,"ada",44247787.61,71428571.43,FALSE,TRUE,TRUE,FALSE,FALSE,FALSE,TRUE,TRUE
"RMT0505",506,"Rumah Dijual Daerah Bukit Duri Jakarta Selatan",1250000000,136,120,5,2,0,"tidak_ada",9191176.47,10416666.67,FALSE,FALSE,FALSE,FALSE,FALSE,FALSE,FALSE,FALSE
"RMT0506",507,"Rumah Hitung Tanah Di Gudang Peluru",4000000000,194,194,3,3,1,"ada",20618556.7,20618556.7,FALSE,FALSE,FALSE,FALSE,FALSE,FALSE,FALSE,FALSE
"RMT0507",508,"Dijual Rmh Secont Tebet",6000000000,141,250,4,4,3,"ada",42553191.49,24000000,FALSE,FALSE,FALSE,FALSE,FALSE,FALSE,FALSE,FALSE
"RMT0508",509,"Rumah Dekat Pusat Kota Selangkah Menuju Terminal Kampung Melayu, Stasiun Tebet Dan Kota Casablanca",2600000000,154,147,4,3,1,"ada",16883116.88,17687074.83,FALSE,FALSE,FALSE,FALSE,FALSE,FALSE,FALSE,FALSE
"RMT0509",510,"Dijual Rumah siap huni baru di tebet barat V",3500000000,135,126,4,3,0,"tidak_ada",25925925.93,27777777.78,FALSE,FALSE,FALSE,FALSE,FALSE,FALSE,FALSE,FALSE
"RMT0510",511,"Rumah baru 2 lantai di Tebet timur",3500000000,112,170,3,4,2,"ada",31250000,20588235.29,FALSE,FALSE,FALSE,FALSE,FALSE,FALSE,FALSE,FALSE
"RMT0511",512,"Di Jual Rmh Tbt Siap Huni",12500000000,208,600,4,5,3,"ada",60096153.85,20833333.33,FALSE,FALSE,FALSE,FALSE,FALSE,FALSE,FALSE,FALSE
"RMT0512",513,"Rumah bagus dekat taman dan pasar pspt siap huni acces mudah kemana saja",3950000000,133,260,5,5,2,"ada",29699248.12,15192307.69,FALSE,FALSE,FALSE,FALSE,FALSE,FALSE,FALSE,FALSE
"RMT0513",514,"Rumah Tebet Timur Dalam",2300000000,140,100,3,2,1,"ada",16428571.43,23000000,FALSE,FALSE,FALSE,FALSE,FALSE,FALSE,FALSE,FALSE
"RMT0514",515,"Jual Rumah 2 Lantai Di Tebet Jakarta Selatan",4000000000,135,216,5,4,1,"ada",29629629.63,18518518.52,FALSE,FALSE,FALSE,FALSE,FALSE,FALSE,FALSE,FALSE
"RMT0515",516,"Rumah Mewah Siap huni Tebet",29000000000,672,900,5,6,4,"ada",43154761.9,32222222.22,FALSE,TRUE,TRUE,TRUE,FALSE,TRUE,TRUE,TRUE
"RMT0516",517,"For Sale British Tuscan House At Tebet Mas, Jaksel",37000000000,720,500,5,5,2,"ada",51388888.89,74000000,FALSE,TRUE,TRUE,FALSE,FALSE,FALSE,FALSE,TRUE
"RMT0517",518,"Hunian Nyaman Di Gudang Peluru",8000000000,404,382,6,3,1,"ada",19801980.2,20942408.38,FALSE,FALSE,FALSE,FALSE,FALSE,FALSE,FALSE,FALSE
"RMT0518",519,"Rumah Siap Huni 2 Lantai,Lokasi Strategis Menteng Dalam Tebet Jaksel",5000000000,127,180,4,4,2,"ada",39370078.74,27777777.78,FALSE,FALSE,FALSE,FALSE,FALSE,FALSE,FALSE,FALSE
"RMT0519",520,"TEBET Rumah Lama Hitung Tanah Bangunan Masih Layak Huni",7200000000,256,200,5,3,2,"ada",28125000,36000000,FALSE,FALSE,FALSE,FALSE,FALSE,FALSE,FALSE,FALSE
"RMT0520",521,"Rumah Mewah Dijual Tebet Jakarta Selatan",17500000000,365,800,5,4,6,"ada",47945205.48,21875000,FALSE,FALSE,FALSE,TRUE,FALSE,FALSE,TRUE,TRUE
"RMT0521",522,"Dijual rumah mewah tebet barat",14800000000,310,500,4,4,4,"ada",47741935.48,29600000,FALSE,FALSE,FALSE,FALSE,FALSE,FALSE,TRUE,TRUE
"RMT0522",523,"Rumah Tebet segera jual",3750000000,196,196,7,5,2,"ada",19132653.06,19132653.06,FALSE,FALSE,FALSE,FALSE,TRUE,FALSE,FALSE,TRUE
"RMT0523",524,"Rumah Baru Lux siap huni strategis di Menteng Dalam Tebet Jakarta Selatan",6200000000,130,390,7,6,3,"ada",47692307.69,15897435.9,FALSE,FALSE,FALSE,FALSE,TRUE,TRUE,FALSE,TRUE
"RMT0524",525,"5 Bedrooms House Tebet, Jakarta Selatan, DKI Jakarta",4000000000,160,200,5,4,2,"ada",25000000,20000000,FALSE,FALSE,FALSE,FALSE,FALSE,FALSE,FALSE,FALSE
"RMT0525",526,"Tebet Barat Rumah Full Furnished, Jakarta Selatan",6200000000,140,251,5,4,5,"ada",44285714.29,24701195.22,FALSE,FALSE,FALSE,FALSE,FALSE,FALSE,TRUE,TRUE
"RMT0526",527,"Dijual Rumah Pinggir Jalan Di Asem Baris Tebet Jakarta Selatan",8000000000,200,252,4,3,2,"ada",40000000,31746031.75,FALSE,FALSE,FALSE,FALSE,FALSE,FALSE,FALSE,FALSE
"RMT0527",528,"Dijual Rumah Mewah Lokasi Strategis Di Tebet Barat Jakarta Selatan",8800000000,230,400,5,5,3,"ada",38260869.57,22000000,FALSE,FALSE,FALSE,FALSE,FALSE,FALSE,FALSE,FALSE
"RMT0528",529,"Rumah Siap Huni Di Tebet Jakarta Selatan",3200000000,80,150,5,5,1,"ada",40000000,21333333.33,FALSE,FALSE,FALSE,FALSE,FALSE,FALSE,FALSE,FALSE
"RMT0529",530,"Dijual Rumah Tebet Raya Lokasi Premium Area Komersial Jalan Raya",18500000000,520,300,4,3,3,"ada",35576923.08,61666666.67,FALSE,TRUE,FALSE,FALSE,FALSE,FALSE,FALSE,TRUE
"RMT0530",531,"TEBET TIMUR - RUMAH MEWAH CLASSIC MODERN",18500000000,361,800,5,4,4,"ada",51246537.4,23125000,FALSE,TRUE,FALSE,TRUE,FALSE,FALSE,TRUE,TRUE
"RMT0531",532,"Dijual Rumah Tua Hitung Tanah di Tebet, Jakarta Selatan",2250000000,135,135,4,4,0,"tidak_ada",16666666.67,16666666.67,FALSE,FALSE,FALSE,FALSE,FALSE,FALSE,FALSE,FALSE
"RMT0532",533,"Dijual Rumah Lux Tebet Jakarta Selatan",16000000000,246,140,6,6,1,"ada",65040650.41,114285714.29,FALSE,FALSE,FALSE,FALSE,FALSE,TRUE,FALSE,TRUE
"RMT0533",534,"Rumah Jual Hitung Tanah, Tebet Timur",5999999999,240,240,4,4,3,"ada",25000000,25000000,FALSE,FALSE,FALSE,FALSE,FALSE,FALSE,FALSE,FALSE
"RMT0534",535,"Rumah Dijual Hitung Tanah Di Tebet Barat",8555555555,304,304,3,2,3,"ada",28143274.85,28143274.85,FALSE,FALSE,FALSE,FALSE,FALSE,FALSE,FALSE,FALSE
"RMT0535",536,"TEBET - Rumah Bagus, Terawat, Dekat ke Kuningan",4600000000,135,215,9,8,2,"ada",34074074.07,21395348.84,FALSE,FALSE,FALSE,FALSE,TRUE,TRUE,FALSE,TRUE
"RMT0536",537,"TEBET - Siap Huni",4700000000,145,222,4,3,2,"ada",32413793.1,21171171.17,FALSE,FALSE,FALSE,FALSE,FALSE,FALSE,FALSE,FALSE
"RMT0537",538,"Dijual Rumah Siap Huni BU di Kebon Baru Tebet Jakarta Timur",2500000000,135,165,4,3,1,"ada",18518518.52,15151515.15,FALSE,FALSE,FALSE,FALSE,FALSE,FALSE,FALSE,FALSE
"RMT0538",539,"Dijual Rumah Cantik Tebet Lokasi Premium Nyaman Jalan 2 Mobil",8500000000,256,260,4,3,4,"ada",33203125,32692307.69,FALSE,FALSE,FALSE,FALSE,FALSE,FALSE,TRUE,TRUE
"RMT0539",540,"Rumah Jl. Rasamala Menteng Dalam, Hitung Tanah",5100000000,305,200,5,2,3,"ada",16721311.48,25500000,FALSE,FALSE,FALSE,FALSE,FALSE,FALSE,FALSE,FALSE
"RMT0540",541,"Dijual rumah second Tebet Jakarta Selatan berada dalam lingkungan aman",8000000000,240,330,5,5,3,"ada",33333333.33,24242424.24,FALSE,FALSE,FALSE,FALSE,FALSE,FALSE,FALSE,FALSE
"RMT0541",542,"Dijual Rumah Di Kebon Baru Tebet",3975000000,226,325,6,5,1,"ada",17588495.58,12230769.23,FALSE,FALSE,FALSE,FALSE,FALSE,FALSE,FALSE,FALSE
"RMT0542",543,"Rumah tebet timur dalam",5800000000,173,340,5,4,2,"ada",33526011.56,17058823.53,FALSE,FALSE,FALSE,FALSE,FALSE,FALSE,FALSE,FALSE
"RMT0543",544,"Rumah Mewah Siap Huni Di Tebet",5500000000,210,420,6,5,2,"ada",26190476.19,13095238.1,FALSE,FALSE,FALSE,FALSE,FALSE,FALSE,FALSE,FALSE
"RMT0544",545,"Rumah Asri Dan Sangat Strategis Di Tebet",4500000000,154,120,6,4,1,"ada",29220779.22,37500000,FALSE,FALSE,FALSE,FALSE,FALSE,FALSE,FALSE,FALSE
"RMT0545",546,"Rumah Tebet utara",2700000000,78,94,3,2,1,"ada",34615384.62,28723404.26,FALSE,FALSE,FALSE,FALSE,FALSE,FALSE,FALSE,FALSE
"RMT0546",547,"Rumah Second Fully Furnish Siap Huni Turun Harga BU Di Menteng Dalam Tebet Jakarta Selatan",4300000000,127,180,4,4,2,"ada",33858267.72,23888888.89,FALSE,FALSE,FALSE,FALSE,FALSE,FALSE,FALSE,FALSE
"RMT0547",548,"Dijual Rumah Minimalist Modern 3lnt Tebet",3700000000,90,150,4,4,3,"ada",41111111.11,24666666.67,FALSE,FALSE,FALSE,FALSE,FALSE,FALSE,FALSE,FALSE
"RMT0548",549,"Dijual Rumah 2 Lnt Tebet",3800000000,130,200,4,4,2,"ada",29230769.23,19000000,FALSE,FALSE,FALSE,FALSE,FALSE,FALSE,FALSE,FALSE
"RMT0549",550,"Dijual rumah kos tebet",2600000000,135,200,10,3,2,"ada",19259259.26,13000000,FALSE,FALSE,FALSE,FALSE,TRUE,FALSE,FALSE,TRUE
"RMT0550",551,"Dijual Rumah Kondisi Layak Huni Tebet",4200000000,225,400,5,4,2,"ada",18666666.67,10500000,FALSE,FALSE,FALSE,FALSE,FALSE,FALSE,FALSE,FALSE
"RMT0551",552,"Rumah Tua Hitung Tanah Tebet",3600000000,186,200,3,2,0,"tidak_ada",19354838.71,18000000,FALSE,FALSE,FALSE,FALSE,FALSE,FALSE,FALSE,FALSE
"RMT0552",553,"Rumah Tua hitung Tanah Tebet",2150000000,104,100,2,1,0,"tidak_ada",20673076.92,21500000,FALSE,FALSE,FALSE,FALSE,TRUE,TRUE,FALSE,TRUE
"RMT0553",554,"Tebet Timur Area Tenang dan Nyaman",2600000000,90,120,3,2,1,"ada",28888888.89,21666666.67,FALSE,FALSE,FALSE,FALSE,FALSE,FALSE,FALSE,FALSE
"RMT0554",555,"Rumah Siap Huni Tebet Barat",22000000000,650,400,7,4,4,"ada",33846153.85,55000000,FALSE,TRUE,TRUE,FALSE,TRUE,FALSE,TRUE,TRUE
"RMT0555",556,"Rumah Mewah di Tenet",8300000000,306,260,4,3,1,"ada",27124183.01,31923076.92,FALSE,FALSE,FALSE,FALSE,FALSE,FALSE,FALSE,FALSE
"RMT0556",557,"TERJUAL TEBET Rumah Terawat Siap Huni Dekat dari Jalan Besar",2990000000,156,162,5,4,2,"ada",19166666.67,18456790.12,FALSE,FALSE,FALSE,FALSE,FALSE,FALSE,FALSE,FALSE
"RMT0557",558,"TEBET Rumah Siap Huni Buatan Arsitek",3200000000,90,160,3,3,2,"ada",35555555.56,20000000,FALSE,FALSE,FALSE,FALSE,FALSE,FALSE,FALSE,FALSE
"RMT0558",559,"TEBET Rumah Siap Huni Buatan Arsitek",2800000000,90,150,4,3,2,"ada",31111111.11,18666666.67,FALSE,FALSE,FALSE,FALSE,FALSE,FALSE,FALSE,FALSE
"RMT0559",560,"Rumah Di Tebet Lokasi Strategis",7500000000,250,350,5,4,1,"ada",30000000,21428571.43,FALSE,FALSE,FALSE,FALSE,FALSE,FALSE,FALSE,FALSE
"RMT0560",561,"Rumah di Tebet Hanya 200 m dari MT Haryono",6000000000,352,295,6,4,5,"ada",17045454.55,20338983.05,FALSE,FALSE,FALSE,FALSE,FALSE,FALSE,TRUE,TRUE
"RMT0561",562,"Rumah Di Tebet Lingkungan Mewah Dan Akses Mudah",13500000000,430,400,9,4,4,"ada",31395348.84,33750000,FALSE,FALSE,FALSE,FALSE,TRUE,FALSE,TRUE,TRUE
"RMT0562",563,"Rumah Nyaman Asambaris Tebet",5000000000,150,320,7,6,2,"ada",33333333.33,15625000,FALSE,FALSE,FALSE,FALSE,TRUE,TRUE,FALSE,TRUE
"RMT0563",564,"Rumah Dijual 2 lantai, kebon baru Tebet Jak sel",6800000000,428,500,6,4,5,"ada",15887850.47,13600000,FALSE,FALSE,FALSE,FALSE,FALSE,FALSE,TRUE,TRUE
"RMT0564",565,"Rumah tebet timur jakarta selatan. cozy style modern mini custler 4, 6M",4600000000,137,176,5,4,2,"ada",33576642.34,26136363.64,FALSE,FALSE,FALSE,FALSE,FALSE,FALSE,FALSE,FALSE
"RMT0565",566,"Di Jual Rumah Second Lokasi Strategis Tebet Jakarta Selatan",7000000000,182,300,4,3,2,"ada",38461538.46,23333333.33,FALSE,FALSE,FALSE,FALSE,FALSE,FALSE,FALSE,FALSE
"RMT0566",567,"Tebet rumah modern classic, jakarta selatan",3500000000,150,400,5,4,2,"ada",23333333.33,8750000,FALSE,FALSE,FALSE,FALSE,FALSE,FALSE,FALSE,FALSE
"RMT0567",568,"Rumah tebet dalam, jalan 3 mobil, lingkungan tenang, nego",35000000000,1400,1000,10,7,7,"ada",25000000,35000000,FALSE,TRUE,TRUE,TRUE,TRUE,TRUE,TRUE,TRUE
"RMT0568",569,"Dijual rumah cantik bagus di Daerah Menteng Tebet",5300000000,199,195,5,2,1,"ada",26633165.83,27179487.18,FALSE,FALSE,FALSE,FALSE,FALSE,FALSE,FALSE,FALSE
"RMT0569",570,"Dijual rumah baru cantik minimalis di Tebet",4000000000,135,216,5,4,1,"ada",29629629.63,18518518.52,FALSE,FALSE,FALSE,FALSE,FALSE,FALSE,FALSE,FALSE
"RMT0570",571,"Dijual Rumah Siap Huni 1.5 Lnt",3500000000,135,190,4,3,2,"ada",25925925.93,18421052.63,FALSE,FALSE,FALSE,FALSE,FALSE,FALSE,FALSE,FALSE
"RMT0571",572,"Rumah Strategis di Tebet dekat Terminal Kampung Melayu",2400000000,154,147,2,2,0,"tidak_ada",15584415.58,16326530.61,FALSE,FALSE,FALSE,FALSE,TRUE,FALSE,FALSE,TRUE
"RMT0572",573,"Rumah Minimalist Dijual Di Kebon Baru, Tebet, Jakarta",3375000000,120,192,5,4,2,"ada",28125000,17578125,FALSE,FALSE,FALSE,FALSE,FALSE,FALSE,FALSE,FALSE
"RMT0573",574,"Dijual Rumah Siap Huni DI Tebet Jaksel",15000000000,400,350,7,4,3,"ada",37500000,42857142.86,FALSE,FALSE,FALSE,FALSE,TRUE,FALSE,FALSE,TRUE
"RMT0574",575,"Rumah Siap Huni Dijual Tebet Barat Tebet Jakarta Selatan",22000000000,405,300,4,4,0,"tidak_ada",54320987.65,73333333.33,FALSE,TRUE,FALSE,FALSE,FALSE,FALSE,FALSE,TRUE
"RMT0575",576,"Tebet Timur Jalan lebar, dekat statiun, harga bagus",14000000000,541,400,5,5,4,"ada",25878003.7,35000000,FALSE,FALSE,TRUE,FALSE,FALSE,FALSE,TRUE,TRUE
"RMT0576",577,"Rumah mewah dijual di Tebet Jakarta selatan",23000000000,610,750,6,4,4,"ada",37704918.03,30666666.67,FALSE,TRUE,TRUE,TRUE,FALSE,FALSE,TRUE,TRUE
"RMT0577",578,"Rumah Hitung Tanah di Tebet Timur, Jalan Lebar 3 Mobil, Bentuk Tanah Persegi",7100000000,256,200,6,3,3,"ada",27734375,35500000,FALSE,FALSE,FALSE,FALSE,FALSE,FALSE,FALSE,FALSE
"RMT0578",579,"Rumah second masih bagus wilayah Tebet",6000000000,222,325,6,4,1,"ada",27027027.03,18461538.46,FALSE,FALSE,FALSE,FALSE,FALSE,FALSE,FALSE,FALSE
"RMT0579",580,"TERJUAL TEBET TIMUR JALAN 2 MOBIL Dekat Taman",4300000000,145,200,3,3,2,"ada",29655172.41,21500000,FALSE,FALSE,FALSE,FALSE,FALSE,FALSE,FALSE,FALSE
"RMT0580",581,"Dijual Rumah Cantik Tebet Barat Lokasi Dekat Taman Nyaman Jalan 1 Mobil",3500000000,90,250,3,4,2,"ada",38888888.89,14000000,FALSE,FALSE,FALSE,FALSE,FALSE,FALSE,FALSE,FALSE
"RMT0581",582,"Very Cheap House Tebet",6500000000,338,219,5,3,1,"ada",19230769.23,29680365.3,FALSE,FALSE,FALSE,FALSE,FALSE,FALSE,FALSE,FALSE
"RMT0582",583,"Tebet rumah full furnished, jakarta selatan",7000000000,166,210,6,6,3,"ada",42168674.7,33333333.33,FALSE,FALSE,FALSE,FALSE,FALSE,TRUE,FALSE,TRUE
"RMT0583",584,"The Classic Luxury House With Pool @Brand New near Cassablanca Area, Palbatu, Jakarta Selatan",6100000000,130,375,6,5,3,"ada",46923076.92,16266666.67,FALSE,FALSE,FALSE,FALSE,FALSE,FALSE,FALSE,FALSE
"RMT0584",585,"The Classic Luxury House With Pool @Brand New near Cassablanca Area, Palbatu, Jakarta Selatan",4000000000,160,200,5,4,2,"ada",25000000,20000000,FALSE,FALSE,FALSE,FALSE,FALSE,FALSE,FALSE,FALSE
"RMT0585",586,"Rumah siap huni di tebet dalam",8000000000,350,470,7,6,2,"ada",22857142.86,17021276.6,FALSE,FALSE,FALSE,FALSE,TRUE,TRUE,FALSE,TRUE
"RMT0586",587,"Rumah Tua Kebon Baru Tebet Jakarta Selatan",10000000000,775,674,4,3,0,"tidak_ada",12903225.81,14836795.25,FALSE,FALSE,TRUE,TRUE,FALSE,FALSE,FALSE,TRUE
"RMT0587",588,"Rumah Tebet Ada Kamar Tidur",3700000000,370,400,6,2,0,"tidak_ada",10000000,9250000,FALSE,FALSE,FALSE,FALSE,FALSE,FALSE,FALSE,FALSE
"RMT0588",589,"Rumah Area Tebet Ada Kamar Tidur",3000000000,120,192,4,3,2,"ada",25000000,15625000,FALSE,FALSE,FALSE,FALSE,FALSE,FALSE,FALSE,FALSE
"RMT0589",590,"Dijual Rumah Gudang Peluru Tebet Lokasi Premium Nyaman Jalan Lebar",8250000000,290,460,6,5,2,"ada",28448275.86,17934782.61,FALSE,FALSE,FALSE,FALSE,FALSE,FALSE,FALSE,FALSE
"RMT0590",591,"Rumah di Tebet Timur Dalam 7 i, Luas Tanah 179 m2, Lebar Muka 12 meter",3300000000,179,160,4,2,2,"ada",18435754.19,20625000,FALSE,FALSE,FALSE,FALSE,FALSE,FALSE,FALSE,FALSE
"RMT0591",592,"Dijual Rumah Di Tebet",11000000000,400,500,6,3,4,"ada",27500000,22000000,FALSE,FALSE,FALSE,FALSE,FALSE,FALSE,TRUE,TRUE
"RMT0592",593,"Dijual Rumah Baru Siap Huni Daerah Tebet , Jakarta Selatan",7000000000,166,220,4,4,2,"ada",42168674.7,31818181.82,FALSE,FALSE,FALSE,FALSE,FALSE,FALSE,FALSE,FALSE
"RMT0593",594,"Tebet Timur Rumah Homies Termurah Cepat",2990000000,156,162,6,4,2,"ada",19166666.67,18456790.12,FALSE,FALSE,FALSE,FALSE,FALSE,FALSE,FALSE,FALSE
"RMT0594",595,"DIJUAL Rumah 2 Lantai, Lokasi Sangat Strategis, Dekat Tol Cawang dan Stasiun Cawang",3600000000,135,125,5,3,2,"ada",26666666.67,28800000,FALSE,FALSE,FALSE,FALSE,FALSE,FALSE,FALSE,FALSE
"RMT0595",596,"Dijual Murah Rumah Di Jln Keselamatan Tebet Jakarta Selatan",2650000000,202,190,4,2,4,"ada",13118811.88,13947368.42,FALSE,FALSE,FALSE,FALSE,FALSE,FALSE,TRUE,TRUE
"RMT0596",597,"Rumah Hoky Lokasi Strategis Di Belakang Hotel Haris Tebet",2650000000,202,180,4,2,4,"ada",13118811.88,14722222.22,FALSE,FALSE,FALSE,FALSE,FALSE,FALSE,TRUE,TRUE
"RMT0597",598,"Rumah 2 Lantai Siap Huni di Bilangan Tebet",2700000000,122,200,5,3,1,"ada",22131147.54,13500000,FALSE,FALSE,FALSE,FALSE,FALSE,FALSE,FALSE,FALSE
"RMT0598",599,"Rumah Di Tebet Raya, Area Komersial, Keluar Ijin Domisili, Strategis",22000000000,520,500,5,4,4,"ada",42307692.31,44000000,FALSE,TRUE,FALSE,FALSE,FALSE,FALSE,TRUE,TRUE
"RMT0599",600,"Rumah Tebet Dengan Lokasi Strategis Jalan Lebar",2800000000,98,150,4,3,1,"ada",28571428.57,18666666.67,FALSE,FALSE,FALSE,FALSE,FALSE,FALSE,FALSE,FALSE
"RMT0600",601,"Djual rumah di tebet jakarta selatan luas",9200000000,700,450,8,5,2,"ada",13142857.14,20444444.44,FALSE,FALSE,TRUE,FALSE,TRUE,FALSE,FALSE,TRUE
"RMT0601",602,"Rumah jual Tebet Barat",6000000000,250,150,4,4,2,"ada",24000000,40000000,FALSE,FALSE,FALSE,FALSE,FALSE,FALSE,FALSE,FALSE
"RMT0602",603,"Rumah Dijual Murah Lokasi Strategis Di Kebon Baru, Tebet - Jakarta Selatan",1000000000,128,140,5,3,1,"ada",7812500,7142857.14,FALSE,FALSE,FALSE,FALSE,FALSE,FALSE,FALSE,FALSE
"RMT0603",604,"Brand New House At Tebet Barat",14800000000,310,500,3,3,4,"ada",47741935.48,29600000,FALSE,FALSE,FALSE,FALSE,FALSE,FALSE,TRUE,TRUE
"RMT0604",605,"Dijual Rumah Di tebet , Jakarta Selatan Cocok Untuk Ruang Usaha",7500000000,280,200,5,5,2,"ada",26785714.29,37500000,FALSE,FALSE,FALSE,FALSE,FALSE,FALSE,FALSE,FALSE
"RMT0605",606,"Tebet rumah classic cocok buat comersial, jakarta selatan",20000000000,547,700,6,5,6,"ada",36563071.3,28571428.57,FALSE,TRUE,TRUE,TRUE,FALSE,FALSE,TRUE,TRUE
"RMT0606",607,"TEBET Rumah Nyaman Siap Huni dekat Kawasan Kuliner Tebet",1999000000,133,125,4,2,1,"ada",15030075.19,15992000,FALSE,FALSE,FALSE,FALSE,FALSE,FALSE,FALSE,FALSE
"RMT0607",608,"Rumah di Tebet Timur, SHM, Dekat ke Bandara Halim, Mall Kota Kasablanka dan Dekat Pintu Tol Pancoran",1950000000,130,125,4,2,1,"ada",15000000,15600000,FALSE,FALSE,FALSE,FALSE,FALSE,FALSE,FALSE,FALSE
"RMT0608",609,"Townhouse Bidakara Mewah Nyaman Di Jakarta Selatan 4 Br",11500000000,208,600,4,5,4,"ada",55288461.54,19166666.67,FALSE,FALSE,FALSE,FALSE,FALSE,FALSE,TRUE,TRUE
"RMT0609",610,"Rumah hook dijual, sangat strategis di Tebet",2400000000,154,147,3,2,1,"ada",15584415.58,16326530.61,FALSE,FALSE,FALSE,FALSE,FALSE,FALSE,FALSE,FALSE
"RMT0610",611,"Rumah Cantik Full Renov Tebet Timur",3100000000,90,140,3,2,2,"ada",34444444.44,22142857.14,FALSE,FALSE,FALSE,FALSE,FALSE,FALSE,FALSE,FALSE
"RMT0611",612,"Rumah Siap Huni Di Tebet - Jakarta Selatan",4600000000,184,250,4,3,2,"ada",25000000,18400000,FALSE,FALSE,FALSE,FALSE,FALSE,FALSE,FALSE,FALSE
"RMT0612",613,"Dijual Rumah Lama Tebet Barat Lokasi Strategis Jalan 1 Mobil",3000000000,135,140,3,2,1,"ada",22222222.22,21428571.43,FALSE,FALSE,FALSE,FALSE,FALSE,FALSE,FALSE,FALSE
"RMT0613",614,"Dijual Rumah Baru 2 lantai Di Tebet",3200000000,86,120,5,4,2,"ada",37209302.33,26666666.67,FALSE,FALSE,FALSE,FALSE,FALSE,FALSE,FALSE,FALSE
"RMT0614",615,"Rumah Asri di jalan utama tebet",15000000000,400,500,9,6,4,"ada",37500000,30000000,FALSE,FALSE,FALSE,FALSE,TRUE,TRUE,TRUE,TRUE
"RMT0615",616,"Rumah tebet timur dalam, depan taman",4500000000,140,140,3,2,1,"ada",32142857.14,32142857.14,FALSE,FALSE,FALSE,FALSE,FALSE,FALSE,FALSE,FALSE
"RMT0616",617,"Dijual rumah hook asri Bangunan di gudang peluru",6800000000,290,480,6,3,4,"ada",23448275.86,14166666.67,FALSE,FALSE,FALSE,FALSE,FALSE,FALSE,TRUE,TRUE
"RMT0617",618,"Rumah Tebet Timur Dalam Dekat Pspt dan stasiun tebet",6500000000,338,219,5,3,3,"ada",19230769.23,29680365.3,FALSE,FALSE,FALSE,FALSE,FALSE,FALSE,FALSE,FALSE
"RMT0618",619,"Rumah lama hitung tanah kb. Baru Tebet",3550000000,352,250,5,1,3,"ada",10085227.27,14200000,FALSE,FALSE,FALSE,FALSE,FALSE,TRUE,FALSE,TRUE
"RMT0619",620,"Rumah Mewah Fullfurnish Tebet Jakarta Selatan",23000000000,498,1000,8,9,5,"ada",46184738.96,23000000,FALSE,TRUE,FALSE,TRUE,TRUE,TRUE,TRUE,TRUE
"RMT0620",621,"Siap Huni Depan Taman Tebet Dalam",4200000000,115,220,4,3,0,"tidak_ada",36521739.13,19090909.09,FALSE,FALSE,FALSE,FALSE,FALSE,FALSE,FALSE,FALSE
"RMT0621",622,"Rumah Dijual Di Tebet",9000000000,162,250,4,3,2,"ada",55555555.56,36000000,FALSE,FALSE,FALSE,FALSE,FALSE,FALSE,FALSE,FALSE
"RMT0622",623,"Rumah Tinggal Area Tebet",12000000000,404,385,4,3,0,"tidak_ada",29702970.3,31168831.17,FALSE,FALSE,FALSE,FALSE,FALSE,FALSE,FALSE,FALSE
"RMT0623",624,"Rumah Mewah Di Prime Area Tebet",12000000000,198,350,7,5,4,"ada",60606060.61,34285714.29,FALSE,FALSE,FALSE,FALSE,TRUE,FALSE,TRUE,TRUE
"RMT0624",625,"Rumah Tua Hitung Tanah Di Prime Area. TERMURAH Di TEBET !",22000000000,852,600,5,5,4,"ada",25821596.24,36666666.67,FALSE,TRUE,TRUE,FALSE,FALSE,FALSE,TRUE,TRUE
"RMT0625",626,"Rumah Bagus Siap Huni Dekat Casablanca. TERMURAH Di TEBET !",3500000000,190,300,6,6,3,"ada",18421052.63,11666666.67,FALSE,FALSE,FALSE,FALSE,FALSE,TRUE,FALSE,TRUE
"RMT0626",627,"Rumah Siap Huni Dan Tanah Kosong Tebet Barat",15000000000,385,200,5,5,0,"tidak_ada",38961038.96,75000000,FALSE,FALSE,FALSE,FALSE,FALSE,FALSE,FALSE,FALSE
"RMT0627",628,"Rumah Lama Di Tebet. MURAH. Best Investment !",3850000000,224,160,4,3,1,"ada",17187500,24062500,FALSE,FALSE,FALSE,FALSE,FALSE,FALSE,FALSE,FALSE
"RMT0628",629,"Komplek Bukit Duri Permai",9800000000,319,759,4,4,4,"ada",30721003.13,12911725.96,FALSE,FALSE,FALSE,TRUE,FALSE,FALSE,TRUE,TRUE
"RMT0629",630,"Rumah Bagus Siap Huni JUAL CEPAT ! Tebet Utara",8900000000,300,300,5,4,2,"ada",29666666.67,29666666.67,FALSE,FALSE,FALSE,FALSE,FALSE,FALSE,FALSE,FALSE
"RMT0630",631,"Rumah Cantik Siap Huni Dalam Komplek. JUAL CEPAT ! Tebet Barat",4700000000,102,280,4,3,3,"ada",46078431.37,16785714.29,FALSE,FALSE,FALSE,FALSE,FALSE,FALSE,FALSE,FALSE
"RMT0631",632,"Rumah Baru Siap Huni. MURAH ! Tebet Barat",3050000000,89,173,3,4,2,"ada",34269662.92,17630057.8,FALSE,FALSE,FALSE,FALSE,FALSE,FALSE,FALSE,FALSE
"RMT0632",633,"Rumah Bagus Siap Huni FULL FURNISHED Di Dalam Komplek Tebet Barat",5750000000,121,250,4,4,2,"ada",47520661.16,23000000,FALSE,FALSE,FALSE,FALSE,FALSE,FALSE,FALSE,FALSE
"RMT0633",634,"Rumah Baru Dalam Komplek Tebet",4500000000,110,250,4,3,1,"ada",40909090.91,18000000,FALSE,FALSE,FALSE,FALSE,FALSE,FALSE,FALSE,FALSE
"RMT0634",635,"RUMAH MEWAH TEBET",28000000000,498,750,5,5,3,"ada",56224899.6,37333333.33,FALSE,TRUE,FALSE,TRUE,FALSE,FALSE,FALSE,TRUE
"RMT0635",636,"Rumah Tebet 2 lantai",6500000000,205,117,5,4,0,"tidak_ada",31707317.07,55555555.56,FALSE,FALSE,FALSE,FALSE,FALSE,FALSE,FALSE,FALSE
"RMT0636",637,"Rumah tebet ada ruang usaha jakarta selatan",13000000000,400,500,6,3,2,"ada",32500000,26000000,FALSE,FALSE,FALSE,FALSE,FALSE,FALSE,FALSE,FALSE
"RMT0637",638,"Rumah Mewah Cantik Minimalis Modern Harga Dibawah Pasaran di Jalan Raya Tebet Timur Dalam Raya Tebet",25000000000,565,350,5,5,1,"ada",44247787.61,71428571.43,FALSE,TRUE,TRUE,FALSE,FALSE,FALSE,FALSE,TRUE
"RMT0638",639,"good unit house tebet jakarta",7300000000,325,500,5,5,1,"ada",22461538.46,14600000,FALSE,FALSE,FALSE,FALSE,FALSE,FALSE,FALSE,FALSE
"RMT0639",640,"Rumah Tebet Timur, Jalan 1 Mobil",2900000000,135,125,5,2,1,"ada",21481481.48,23200000,FALSE,FALSE,FALSE,FALSE,FALSE,FALSE,FALSE,FALSE
"RMT0640",641,"Rumah Tebet Timur, Jalan 2 Mobil Dekat Taman Tebet",8000000000,278,278,7,3,2,"ada",28776978.42,28776978.42,FALSE,FALSE,FALSE,FALSE,TRUE,FALSE,FALSE,TRUE
"RMT0641",642,"Rumah Cantik Jalan 2 Mobil Tebet",6250000000,180,240,7,5,0,"tidak_ada",34722222.22,26041666.67,FALSE,FALSE,FALSE,FALSE,TRUE,FALSE,FALSE,TRUE
"RMT0642",643,"Dekat Stasiun Tebet Dan Mega Kuningan",8750000000,322,300,4,4,2,"ada",27173913.04,29166666.67,FALSE,FALSE,FALSE,FALSE,FALSE,FALSE,FALSE,FALSE
"RMT0643",644,"4 Bedrooms House Tebet, Jakarta Selatan, DKI Jakarta",5500000000,140,360,4,4,2,"ada",39285714.29,15277777.78,FALSE,FALSE,FALSE,FALSE,FALSE,FALSE,FALSE,FALSE
"RMT0644",645,"Rumah Di Jual Tebet Barat, Luas Tanah 550 Meter",16500000000,550,700,6,6,1,"ada",30000000,23571428.57,FALSE,FALSE,TRUE,TRUE,FALSE,TRUE,FALSE,TRUE
"RMT0645",646,"good unit house tebet jakarta",1100000000,300,63,3,1,1,"ada",3666666.67,17460317.46,FALSE,FALSE,FALSE,FALSE,FALSE,TRUE,FALSE,TRUE
"RMT0646",647,"Rumah Bagus Siap Huni Ada S. Pool Di Tebet",15000000000,700,700,5,3,4,"ada",21428571.43,21428571.43,FALSE,FALSE,TRUE,TRUE,FALSE,FALSE,TRUE,TRUE
"RMT0647",648,"Rumah Baru Spec Premium Semifurnished",6900000000,125,250,3,2,2,"ada",55200000,27600000,FALSE,FALSE,FALSE,FALSE,FALSE,FALSE,FALSE,FALSE
"RMT0648",649,"Dijual Cepat rumah 3 lantai di Tebet",7500000000,280,500,5,4,1,"ada",26785714.29,15000000,FALSE,FALSE,FALSE,FALSE,FALSE,FALSE,FALSE,FALSE
"RMT0649",650,"Rumah minimalis tebet jalan 3 mobil",5800000000,141,220,4,4,3,"ada",41134751.77,26363636.36,FALSE,FALSE,FALSE,FALSE,FALSE,FALSE,FALSE,FALSE
"RMT0650",651,"Rumaha mewah siap huni tebet",14500000000,307,400,3,3,4,"ada",47231270.36,36250000,FALSE,FALSE,FALSE,FALSE,FALSE,FALSE,TRUE,TRUE
"RMT0651",652,"Rumah Minimalis Siap Huni Tebet",4500000000,146,200,4,4,2,"ada",30821917.81,22500000,FALSE,FALSE,FALSE,FALSE,FALSE,FALSE,FALSE,FALSE
"RMT0652",653,"5 Bedrooms House Tebet, Jakarta Selatan, DKI Jakarta",17000000000,550,600,5,6,6,"ada",30909090.91,28333333.33,FALSE,FALSE,TRUE,FALSE,FALSE,TRUE,TRUE,TRUE
"RMT0653",654,"Dijual Rumah Tebet Dekat Dengan Jalan 2 Mobil Beda 1 Rumah..!!",2950000000,134,150,3,2,1,"ada",22014925.37,19666666.67,FALSE,FALSE,FALSE,FALSE,FALSE,FALSE,FALSE,FALSE
"RMT0654",655,"Rumah Hitung Tanah Tebet Jalan 1 Mobil",3000000000,150,150,3,2,1,"ada",20000000,20000000,FALSE,FALSE,FALSE,FALSE,FALSE,FALSE,FALSE,FALSE
"RMT0655",656,"Dijual Cepat Rumah Strategis Tebet Timur",2000000000,90,80,2,1,1,"ada",22222222.22,25000000,FALSE,FALSE,FALSE,FALSE,TRUE,TRUE,FALSE,TRUE
"RMT0656",657,"Rumah Mewah Cantik Minimalis Modern di Jalan Raya Tebet Timur Dalam Raya Tebet Jakarta Selatan",25000000000,565,350,5,5,4,"ada",44247787.61,71428571.43,FALSE,TRUE,TRUE,FALSE,FALSE,FALSE,TRUE,TRUE
"RMT0657",658,"Jual Cepat Rumah Mewah di Tebet Jakarta Seatan",8500000000,325,300,5,3,2,"ada",26153846.15,28333333.33,FALSE,FALSE,FALSE,FALSE,FALSE,FALSE,FALSE,FALSE
"RMT0658",659,"Rumah Cantik Di Tebet Jakarta Selatan",7000000000,220,280,4,3,4,"ada",31818181.82,25000000,FALSE,FALSE,FALSE,FALSE,FALSE,FALSE,TRUE,TRUE
"RMT0659",660,"Dijual Cepat Rumah lama layak huni di Tebet",9800000000,350,400,4,5,1,"ada",28000000,24500000,FALSE,FALSE,FALSE,FALSE,FALSE,FALSE,FALSE,FALSE
"RMT0660",661,"Rumah Siap Huni Di Tebet Lokasi Sangat Strategis Sekali",3000000000,90,150,3,2,1,"ada",33333333.33,20000000,FALSE,FALSE,FALSE,FALSE,FALSE,FALSE,FALSE,FALSE
"RMT0661",662,"Rumah Mewah Kampung Melayu Jual Murah Bawah Pasaran",5500000000,250,200,4,3,3,"ada",22000000,27500000,FALSE,FALSE,FALSE,FALSE,FALSE,FALSE,FALSE,FALSE
"RMT0662",663,"Rumah Lama Terawat Di Tebet Timur",4850000000,265,300,4,3,0,"tidak_ada",18301886.79,16166666.67,FALSE,FALSE,FALSE,FALSE,FALSE,FALSE,FALSE,FALSE
"RMT0663",664,"Rumah Baru Renovasi Di Tebet Utara",3200000000,135,150,5,2,1,"ada",23703703.7,21333333.33,FALSE,FALSE,FALSE,FALSE,FALSE,FALSE,FALSE,FALSE
"RMT0664",665,"Rumah Mewah Di Tebet",25000000000,619,1080,5,6,2,"ada",40387722.13,23148148.15,FALSE,TRUE,TRUE,TRUE,FALSE,TRUE,FALSE,TRUE
"RMT0665",666,"Rumah Baru Dekat Kawasan Tebet jakarta selatan",6700000000,130,390,7,6,3,"ada",51538461.54,17179487.18,FALSE,FALSE,FALSE,FALSE,TRUE,TRUE,FALSE,TRUE
"RMT0666",667,"Dijual Rumah Komplek Depkeu Menteng Tebet Jakarta Selatan",17000000000,606,360,8,3,1,"ada",28052805.28,47222222.22,FALSE,FALSE,TRUE,FALSE,TRUE,FALSE,FALSE,TRUE
"RMT0667",668,"Dijual Rumah Brand New Cantik Asri Siap Huni Harga Murah Dengan Tanah Luas Di Tebet Timur, Tebet Jaka",31000000000,670,1000,6,5,2,"ada",46268656.72,31000000,FALSE,TRUE,TRUE,TRUE,FALSE,FALSE,FALSE,TRUE
"RMT0668",669,"Rumah hitung tanah di kebon baru Tebet Jakarta Selatan",9200000000,695,650,6,8,1,"ada",13237410.07,14153846.15,FALSE,FALSE,TRUE,FALSE,FALSE,TRUE,FALSE,TRUE
"RMT0669",670,"Rumah Minimalis Bagus Prime Area Tebet Barat",6900000000,160,250,3,4,1,"ada",43125000,27600000,FALSE,FALSE,FALSE,FALSE,FALSE,FALSE,FALSE,FALSE
"RMT0670",671,"Rumah Kos Tebet",3800000000,145,250,8,8,0,"tidak_ada",26206896.55,15200000,FALSE,FALSE,FALSE,FALSE,TRUE,TRUE,FALSE,TRUE
"RMT0671",672,"Tebet Rumah Hitung Tanah Siap Bangun Linkungan Aman dan Nyaman",3600000000,139,120,5,3,1,"ada",25899280.58,30000000,FALSE,FALSE,FALSE,FALSE,FALSE,FALSE,FALSE,FALSE
"RMT0672",673,"Tebet Rumah Hitung Tanah Dekat Taman",1700000000,90,80,2,2,1,"ada",18888888.89,21250000,FALSE,FALSE,FALSE,FALSE,TRUE,FALSE,FALSE,TRUE
"RMT0673",674,"Rumah dijual di tebet",2900000000,126,133,3,2,1,"ada",23015873.02,21804511.28,FALSE,FALSE,FALSE,FALSE,FALSE,FALSE,FALSE,FALSE
"RMT0674",675,"Rumah Siap Huni Ditebet Jual Cepat",1900000000,90,120,3,2,1,"ada",21111111.11,15833333.33,FALSE,FALSE,FALSE,FALSE,FALSE,FALSE,FALSE,FALSE
"RMT0675",676,"Rumah Tebet Soepomo Komplek Keuangan",17000000000,608,390,9,3,5,"ada",27960526.32,43589743.59,FALSE,FALSE,TRUE,FALSE,TRUE,FALSE,TRUE,TRUE
"RMT0676",677,"Rumah Murah Tanah Luas Siap Huni Di Asem Baris Tebet Jakarta Selatan",7000000000,428,500,6,6,4,"ada",16355140.19,14000000,FALSE,FALSE,FALSE,FALSE,FALSE,TRUE,TRUE,TRUE
"RMT0677",678,"Rumah Dan Kos-Kosan Di Tebet Barat, Jalan 1 Mobil, Lokasi Strategis",3300000000,145,200,8,8,2,"ada",22758620.69,16500000,FALSE,FALSE,FALSE,FALSE,TRUE,TRUE,FALSE,TRUE
"RMT0678",679,"Rumah Baru Minimalis 2 Lantai Siap Huni di Tebet Jakarta",7150000000,162,250,4,3,2,"ada",44135802.47,28600000,FALSE,FALSE,FALSE,FALSE,FALSE,FALSE,FALSE,FALSE
"RMT0679",680,"Murah Dibawah Pasaran, Tebet Timur",8500000000,306,283,5,4,1,"ada",27777777.78,30035335.69,FALSE,FALSE,FALSE,FALSE,FALSE,FALSE,FALSE,FALSE
"RMT0680",681,"Rumah Murah 2 Lantai Tebet",600000000,30,60,2,1,0,"tidak_ada",20000000,10000000,FALSE,FALSE,FALSE,FALSE,TRUE,TRUE,FALSE,TRUE
"RMT0681",682,"Dijual Rumah Brand New Siap Huni Harga Murah Dengan Tanah Luas Di Tebet Barat, Tebet Jakarta Selatan",17000000000,310,450,4,4,4,"ada",54838709.68,37777777.78,FALSE,FALSE,FALSE,FALSE,FALSE,FALSE,TRUE,TRUE
"RMT0682",683,"Rumah Minimalis Murah Dekat Stasiun Tebet Jakarta Selatan",2750000000,100,121,4,3,1,"ada",27500000,22727272.73,FALSE,FALSE,FALSE,FALSE,FALSE,FALSE,FALSE,FALSE
"RMT0683",684,"Dijual Rumah Tebet Barat Lokasi Premium Nyaman Jalan 1 Mobil",3000000000,124,224,3,3,1,"ada",24193548.39,13392857.14,FALSE,FALSE,FALSE,FALSE,FALSE,FALSE,FALSE,FALSE
"RMT0684",685,"Rumah Cantik Minimalis Di Tebet",6500000000,200,300,5,4,4,"ada",32500000,21666666.67,FALSE,FALSE,FALSE,FALSE,FALSE,FALSE,TRUE,TRUE
"RMT0685",686,"Rumah tebet timur dalam jalan 1 mobil dekat 2 mobil",5900000000,311,272,4,4,5,"ada",18971061.09,21691176.47,FALSE,FALSE,FALSE,FALSE,FALSE,FALSE,TRUE,TRUE
"RMT0686",687,"Rumah 2 Lantai di Kebon Baru Tebet Jakarta Selatan",2400000000,154,147,3,2,0,"tidak_ada",15584415.58,16326530.61,FALSE,FALSE,FALSE,FALSE,FALSE,FALSE,FALSE,FALSE
"RMT0687",688,"Rumah Baru Bagus, Asem Baris, Tebet Area",4800000000,226,325,4,4,3,"ada",21238938.05,14769230.77,FALSE,FALSE,FALSE,FALSE,FALSE,FALSE,FALSE,FALSE
"RMT0688",689,"DIJUAL CEPAT Rumah 2 LANTAI SIAP PAKAI MURAH SEKALI @Tebet, Jakarta Selatan",6500000000,180,250,8,5,2,"ada",36111111.11,26000000,FALSE,FALSE,FALSE,FALSE,TRUE,FALSE,FALSE,TRUE
"RMT0689",690,"Rumah Ditebet Utara Tebet Jakarta Selatan",6500000000,181,250,8,6,1,"ada",35911602.21,26000000,FALSE,FALSE,FALSE,FALSE,TRUE,TRUE,FALSE,TRUE
"RMT0690",691,"Dijual Rumah Di Tebet, Jakarta Selatan, Siap Huni",3195000000,135,150,3,3,1,"ada",23666666.67,21300000,FALSE,FALSE,FALSE,FALSE,FALSE,FALSE,FALSE,FALSE
"RMT0691",692,"Rumah Bagus Di Asem Baris - Tebet",5000000000,150,320,7,6,2,"ada",33333333.33,15625000,FALSE,FALSE,FALSE,FALSE,TRUE,TRUE,FALSE,TRUE
"RMT0692",693,"Rumah Bagus Di Asem Baris - Tebet",10000000000,230,380,6,4,0,"tidak_ada",43478260.87,26315789.47,FALSE,FALSE,FALSE,FALSE,FALSE,FALSE,FALSE,FALSE
"RMT0693",694,"DIJUAL RUMAH di Jl. Asem Baris Tebet, Jaksel",2200000000,95,226,5,3,2,"ada",23157894.74,9734513.27,FALSE,FALSE,FALSE,FALSE,FALSE,FALSE,FALSE,FALSE
"RMT0694",695,"Rumah mewah clasic di tebet jakarta selatan",29000000000,670,1000,5,5,5,"ada",43283582.09,29000000,FALSE,TRUE,TRUE,TRUE,FALSE,FALSE,TRUE,TRUE
"RMT0695",696,"Rumah Mewah design Klasik, ada Swimming Pool di Tebet Barat",14800000000,310,500,4,4,4,"ada",47741935.48,29600000,FALSE,FALSE,FALSE,FALSE,FALSE,FALSE,TRUE,TRUE
"RMT0696",697,"Di Jual Show Unit Tebet Jakarta Selatan",2700000000,72,72,4,4,0,"tidak_ada",37500000,37500000,FALSE,FALSE,FALSE,FALSE,FALSE,FALSE,FALSE,FALSE
"RMT0697",698,"Dijual cepat murah BU rumah lama strategis di tebet jakarta selatan",3000000000,139,100,3,2,1,"ada",21582733.81,30000000,FALSE,FALSE,FALSE,FALSE,FALSE,FALSE,FALSE,FALSE
"RMT0698",699,"DIJUAL CEPAT Rumah 2 Lantai SIAP HUNI & MURAH JARANG ADA di Tebet, Jakarta Selatan",6500000000,180,250,8,5,2,"ada",36111111.11,26000000,FALSE,FALSE,FALSE,FALSE,TRUE,FALSE,FALSE,TRUE
"RMT0699",700,"Tebet - Dijual Rumah Dalam Kompleks Gudang Peluru",7500000000,200,180,5,4,1,"ada",37500000,41666666.67,FALSE,FALSE,FALSE,FALSE,FALSE,FALSE,FALSE,FALSE
"RMT0700",701,"Rumah Siap Huni,Bebas Banjir,Tenang,Nyaman Di Gudang Peluru, Tebet",5000000000,217,250,3,3,1,"ada",23041474.65,20000000,FALSE,FALSE,FALSE,FALSE,FALSE,FALSE,FALSE,FALSE
"RMT0701",702,"Jual cepat Rumah Besar di Tebet Timur",3250000000,153,300,8,7,2,"ada",21241830.07,10833333.33,FALSE,FALSE,FALSE,FALSE,TRUE,TRUE,FALSE,TRUE
"RMT0702",703,"Rumah Kost Bisa Untuk Huni Di Tebet Barat Dalam Dekat Mt. Haryono",3300000000,130,200,9,3,1,"ada",25384615.38,16500000,FALSE,FALSE,FALSE,FALSE,TRUE,FALSE,FALSE,TRUE
"RMT0703",704,"TEBET Rumah Lingkungan Nyaman dan Aman Dekat Taman",4500000000,180,200,4,3,1,"ada",25000000,22500000,FALSE,FALSE,FALSE,FALSE,FALSE,FALSE,FALSE,FALSE
"RMT0704",705,"TEBET Rumah Brand New Depan Taman Jalan Dua Mobil Lebar",7200000000,161,250,3,3,2,"ada",44720496.89,28800000,FALSE,FALSE,FALSE,FALSE,FALSE,FALSE,FALSE,FALSE
"RMT0705",706,"Menteng Dalam - Tebet Akses Jalan 2 Mobil Dekat Asisi",2800000000,102,150,3,3,1,"ada",27450980.39,18666666.67,FALSE,FALSE,FALSE,FALSE,FALSE,FALSE,FALSE,FALSE
"RMT0706",707,"Tebet Rumah Brand New Akses Jalan 2 Mobil",4500000000,96,250,5,4,2,"ada",46875000,18000000,FALSE,FALSE,FALSE,FALSE,FALSE,FALSE,FALSE,FALSE
"RMT0707",708,"Dijual Cepet Rumah Siap Huni Tebet, Lokasi Nyaman, Strategis",2700000000,130,100,5,2,2,"ada",20769230.77,27000000,FALSE,FALSE,FALSE,FALSE,FALSE,FALSE,FALSE,FALSE
"RMT0708",709,"Dijual Rumah Minimalis Tebet Timur Lokasi Premium Bisa Untuk Kantor Jalan Raya",9500000000,189,250,4,3,2,"ada",50264550.26,38000000,FALSE,FALSE,FALSE,FALSE,FALSE,FALSE,FALSE,FALSE
"RMT0709",710,"Rumah Siap huni 3 lantai dalam komplek Tebet",5500000000,107,147,6,4,1,"ada",51401869.16,37414965.99,FALSE,FALSE,FALSE,FALSE,FALSE,FALSE,FALSE,FALSE
"RMT0710",711,"Dijual Rumah Tebet Area Komersil Lokasi Strategis Jalan Raya",23000000000,610,750,8,6,6,"ada",37704918.03,30666666.67,FALSE,TRUE,TRUE,TRUE,TRUE,TRUE,TRUE,TRUE
"RMT0711",712,"Kebon Baru Rumah Nyaman Siap Huni",1500000000,90,120,3,2,1,"ada",16666666.67,12500000,FALSE,FALSE,FALSE,FALSE,FALSE,FALSE,FALSE,FALSE
"RMT0712",713,"Rumah Secondary tanah luas strategis asem baris Tebet, Jakarta selatan",7000000000,428,500,8,6,4,"ada",16355140.19,14000000,FALSE,FALSE,FALSE,FALSE,TRUE,TRUE,TRUE,TRUE
"RMT0713",714,"Tebet rumah murah prime location, jakarta selatan",3500000000,170,210,5,3,2,"ada",20588235.29,16666666.67,FALSE,FALSE,FALSE,FALSE,FALSE,FALSE,FALSE,FALSE
"RMT0714",715,"Rumah brand new area Tebet Barat",4950000000,110,225,5,4,2,"ada",45000000,22000000,FALSE,FALSE,FALSE,FALSE,FALSE,FALSE,FALSE,FALSE
"RMT0715",716,"Dijual Rumah Mewah Desain Modern Daerah Tebet",30000000000,498,800,5,5,9,"ada",60240963.86,37500000,FALSE,TRUE,FALSE,TRUE,FALSE,FALSE,TRUE,TRUE
"RMT0716",717,"Dijual rumah baru di tebet jakarta selatan",1980000000,72,164,4,2,2,"ada",27500000,12073170.73,FALSE,FALSE,FALSE,FALSE,FALSE,FALSE,FALSE,FALSE
"RMT0717",718,"BrandNew Siap Huni Parkir 3 Mobil Tebet Utara",6500000000,125,250,3,3,3,"ada",52000000,26000000,FALSE,FALSE,FALSE,FALSE,FALSE,FALSE,FALSE,FALSE
"RMT0718",719,"Rumah Tebet Dalam, Dekat Taman & Dekat Jln 2 Mobil",3500000000,150,178,3,2,2,"ada",23333333.33,19662921.35,FALSE,FALSE,FALSE,FALSE,FALSE,FALSE,FALSE,FALSE
"RMT0719",720,"Rumah Lama Terawat BU Tebet",1800000000,90,105,3,2,1,"ada",20000000,17142857.14,FALSE,FALSE,FALSE,FALSE,FALSE,FALSE,FALSE,FALSE
"RMT0720",721,"Rumah Lama Terawat lokasi bagus dekat MT.Haryono",13000000000,248,350,4,4,1,"ada",52419354.84,37142857.14,FALSE,FALSE,FALSE,FALSE,FALSE,FALSE,FALSE,FALSE
"RMT0721",722,"Tebet Rumah Lama Terawat",3100000000,156,225,4,3,2,"ada",19871794.87,13777777.78,FALSE,FALSE,FALSE,FALSE,FALSE,FALSE,FALSE,FALSE
"RMT0722",723,"Brand New Rumah Strategi Soho Tebet",4750000000,137,180,4,4,2,"ada",34671532.85,26388888.89,FALSE,FALSE,FALSE,FALSE,FALSE,FALSE,FALSE,FALSE
"RMT0723",724,"4 Bedrooms House Tebet, Jakarta Selatan, DKI Jakarta",2599000000,90,160,4,2,1,"ada",28877777.78,16243750,FALSE,FALSE,FALSE,FALSE,FALSE,FALSE,FALSE,FALSE
"RMT0724",725,"Dijual Rumah Komplek Gudang Peluru Hitung Tanah Lokasi Premium Tenang Jalan 2 Mobil",6250000000,320,200,4,3,2,"ada",19531250,31250000,FALSE,FALSE,FALSE,FALSE,FALSE,FALSE,FALSE,FALSE
"RMT0725",726,"Rumah Siap Huni Di Tebet, Jalan 1 Mobil Strategis",3000000000,135,150,3,1,1,"ada",22222222.22,20000000,FALSE,FALSE,FALSE,FALSE,FALSE,TRUE,FALSE,TRUE
"RMT0726",727,"KOMPLEK ELITE GUDANG PELURU - Rumah Besar Siap Huni",6550000000,270,350,5,4,2,"ada",24259259.26,18714285.71,FALSE,FALSE,FALSE,FALSE,FALSE,FALSE,FALSE,FALSE
"RMT0727",728,"Rumah Asem Baris",5000000000,150,320,7,6,1,"ada",33333333.33,15625000,FALSE,FALSE,FALSE,FALSE,TRUE,TRUE,FALSE,TRUE
"RMT0728",729,"Rumah Baru Lux Di Tebet Barat",16000000000,330,525,4,4,3,"ada",48484848.48,30476190.48,FALSE,FALSE,FALSE,FALSE,FALSE,FALSE,FALSE,FALSE
"RMT0729",730,"Turun harga rumah di Tebet Jaksel",23000000000,610,750,8,6,4,"ada",37704918.03,30666666.67,FALSE,TRUE,TRUE,TRUE,TRUE,TRUE,TRUE,TRUE
"RMT0730",731,"Dijual Rumah Tebet Timur Layak Huni Lokasi Premium Nyaman Jalan Lebar",7100000256,265,200,6,3,3,"ada",26792453.8,35500001.28,FALSE,FALSE,FALSE,FALSE,FALSE,FALSE,FALSE,FALSE
"RMT0731",732,"Dijual Murah Rumah Hitung Tanah Tebet Timur Lokasi Strategis Jalan 1 Mobil",2300000000,135,144,4,2,2,"ada",17037037.04,15972222.22,FALSE,FALSE,FALSE,FALSE,FALSE,FALSE,FALSE,FALSE
"RMT0732",733,"Dijual Rumah 2 Lantai Lokasi Strategis Siap Huni di Asembaris Tebet",7500000000,428,500,6,4,4,"ada",17523364.49,15000000,FALSE,FALSE,FALSE,FALSE,FALSE,FALSE,TRUE,TRUE
"RMT0733",734,"Rumah tebet jakarta selatan",5500000000,205,410,4,4,2,"ada",26829268.29,13414634.15,FALSE,FALSE,FALSE,FALSE,FALSE,FALSE,FALSE,FALSE
"RMT0734",735,"Rumah Bagus Minimalis Luas Dan Murah Di Asem Baris Tebet Jaksel",2300000000,132,150,4,3,1,"ada",17424242.42,15333333.33,FALSE,FALSE,FALSE,FALSE,FALSE,FALSE,FALSE,FALSE
"RMT0735",736,"Dekat Stasiun Tebet Dan Jalan Mt Hariyono Dan RS.Umum",15000000000,387,237,5,4,2,"ada",38759689.92,63291139.24,FALSE,FALSE,FALSE,FALSE,FALSE,FALSE,FALSE,FALSE
"RMT0736",737,"Dijual Rumah Tebet Brand New Lokasi Strategis Jalan 1 Mobil",3500000000,90,140,3,3,2,"ada",38888888.89,25000000,FALSE,FALSE,FALSE,FALSE,FALSE,FALSE,FALSE,FALSE
"RMT0737",738,"Rumah tebet timur dalam jalan 2 mobil",5900000000,107,140,3,3,3,"ada",55140186.92,42142857.14,FALSE,FALSE,FALSE,FALSE,FALSE,FALSE,FALSE,FALSE
"RMT0738",739,"Rumah Tebet Dalam Jalan 1 mobil dekat 2 mobil",3000000000,90,62,5,3,0,"tidak_ada",33333333.33,48387096.77,FALSE,FALSE,FALSE,FALSE,FALSE,FALSE,FALSE,FALSE
"RMT0739",740,"Dijual Rumah Dengan Carport Luas di Tebet Barat",30000000000,703,500,8,4,8,"ada",42674253.2,60000000,FALSE,TRUE,TRUE,FALSE,TRUE,FALSE,TRUE,TRUE
"RMT0740",741,"Rumah Tebet Barat Dalam, Strategis",2900000000,137,120,5,2,1,"ada",21167883.21,24166666.67,FALSE,FALSE,FALSE,FALSE,FALSE,FALSE,FALSE,FALSE
"RMT0741",742,"Tebet Akses Jalan 2 Mobil Dekat Taman Cocok Untuk Hunian",6000000000,220,350,5,5,2,"ada",27272727.27,17142857.14,FALSE,FALSE,FALSE,FALSE,FALSE,FALSE,FALSE,FALSE
"RMT0742",743,"RUMAH MEWAH CANTIK SIAP HUNI DI MENTENG DALAM TEBET JAKARTA SELATAN",18000000000,251,200,5,3,3,"ada",71713147.41,90000000,FALSE,TRUE,FALSE,FALSE,FALSE,FALSE,FALSE,TRUE
"RMT0743",744,"Rumah siap huni 3 lantai di Tebet Jakarta Selatan",5500000000,107,147,6,4,2,"ada",51401869.16,37414965.99,FALSE,FALSE,FALSE,FALSE,FALSE,FALSE,FALSE,FALSE
"RMT0744",745,"DIJUAL RUMAH di TEBET TIMUR Jakarta Selatan",3700000000,180,350,4,3,1,"ada",20555555.56,10571428.57,FALSE,FALSE,FALSE,FALSE,FALSE,FALSE,FALSE,FALSE
"RMT0745",746,"Rumah Siap Huni Jalan Lebaaarrr Tebet Barat",6250000000,150,150,3,3,2,"ada",41666666.67,41666666.67,FALSE,FALSE,FALSE,FALSE,FALSE,FALSE,FALSE,FALSE
"RMT0746",747,"Rumah Murah Di Tebet Timur Dalam, Tebet Jakarta Selatan",3700000000,139,150,5,3,1,"ada",26618705.04,24666666.67,FALSE,FALSE,FALSE,FALSE,FALSE,FALSE,FALSE,FALSE
"RMT0747",748,"Rumah Mewah di Tebet Jakarta Selatan",7300000000,325,300,5,4,6,"ada",22461538.46,24333333.33,FALSE,FALSE,FALSE,FALSE,FALSE,FALSE,TRUE,TRUE
"RMT0748",749,"Rumah Cantik 2 Lantai, akses jalan 2 Mobil, di Tebet Timur",6950000000,190,150,4,4,2,"ada",36578947.37,46333333.33,FALSE,FALSE,FALSE,FALSE,FALSE,FALSE,FALSE,FALSE
"RMT0749",750,"Dijual Rumah Hook Baru Tebet Timur Jakarta Selatan Lokasi Aman Tidak Banjir Dekat Pasar PSPT",3400000000,110,190,5,6,2,"ada",30909090.91,17894736.84,FALSE,FALSE,FALSE,FALSE,FALSE,TRUE,FALSE,TRUE
"RMT0750",751,"Dijual Rumah Baru Siap Huni di Tebet Barat",3300000000,90,120,3,3,2,"ada",36666666.67,27500000,FALSE,FALSE,FALSE,FALSE,FALSE,FALSE,FALSE,FALSE
"RMT0751",752,"House In Dukuh Patra",42000000000,624,600,3,3,2,"ada",67307692.31,70000000,FALSE,TRUE,TRUE,FALSE,FALSE,FALSE,FALSE,TRUE
"RMT0752",753,"Dijual rumah di tebet siap huni",2700000000,88,170,5,4,0,"tidak_ada",30681818.18,15882352.94,FALSE,FALSE,FALSE,FALSE,FALSE,FALSE,FALSE,FALSE
"RMT0753",754,"Dijual Rumah Lux Brandnew, Lokasi Strategis Dekat Ke Kokas",6700000000,130,390,4,5,2,"ada",51538461.54,17179487.18,FALSE,FALSE,FALSE,FALSE,FALSE,FALSE,FALSE,FALSE
"RMT0754",755,"Dijual Rumah Di Tebet",12000000000,312,400,4,4,2,"ada",38461538.46,30000000,FALSE,FALSE,FALSE,FALSE,FALSE,FALSE,FALSE,FALSE
"RMT0755",756,"Di Jual Rumah Murah Di Tebet",1500000000,170,200,7,2,0,"tidak_ada",8823529.41,7500000,FALSE,FALSE,FALSE,FALSE,TRUE,FALSE,FALSE,TRUE
"RMT0756",757,"Rumah lama siap bangun di jalan 1 mobil Tebet Timur",2350000000,130,130,4,3,1,"ada",18076923.08,18076923.08,FALSE,FALSE,FALSE,FALSE,FALSE,FALSE,FALSE,FALSE
"RMT0757",758,"Tebet Rumah Lama Jalan 2 Mobil, Acces Mudah Ke Stasiun Kereta Dan Kulineran",3400000000,139,100,6,4,2,"ada",24460431.65,34000000,FALSE,FALSE,FALSE,FALSE,FALSE,FALSE,FALSE,FALSE
"RMT0758",759,"Rumah Minimalis Modern 2 Lantai Nan Mewah Dekat Mall Basurra City",3000000000,150,200,5,4,2,"ada",20000000,15000000,FALSE,FALSE,FALSE,FALSE,FALSE,FALSE,FALSE,FALSE
"RMT0759",760,"Dijual Rumah Di Tebet",5000000000,150,328,7,6,2,"ada",33333333.33,15243902.44,FALSE,FALSE,FALSE,FALSE,TRUE,TRUE,FALSE,TRUE
"RMT0760",761,"Dijual rumah siap huni di Tebet",4000000000,154,250,6,3,2,"ada",25974025.97,16000000,FALSE,FALSE,FALSE,FALSE,FALSE,FALSE,FALSE,FALSE
"RMT0761",762,"Dijual rumah siap huni di Tebet",2300000000,54,107,3,2,1,"ada",42592592.59,21495327.1,FALSE,FALSE,FALSE,FALSE,FALSE,FALSE,FALSE,FALSE
"RMT0762",763,"DIJUAL RUMAH DI TEBET",4500000000,180,230,4,4,1,"ada",25000000,19565217.39,FALSE,FALSE,FALSE,FALSE,FALSE,FALSE,FALSE,FALSE
"RMT0763",764,"Dijual rumah di Tebet",4400000000,195,200,7,2,2,"ada",22564102.56,22000000,FALSE,FALSE,FALSE,FALSE,TRUE,FALSE,FALSE,TRUE
"RMT0764",765,"Dijual rumah di Tebet Timur",4500000000,179,150,3,2,1,"ada",25139664.8,30000000,FALSE,FALSE,FALSE,FALSE,FALSE,FALSE,FALSE,FALSE
"RMT0765",766,"Dijual Rumah Hitung Tanah Tebet Lokasi Strategis Nyaman Jalan 1 Mobil Lebar",2800000000,130,100,3,2,2,"ada",21538461.54,28000000,FALSE,FALSE,FALSE,FALSE,FALSE,FALSE,FALSE,FALSE
"RMT0766",767,"Dijual Rumah Komplek Gudang Peluru Tebet Lokasi Premium Nyaman Jalan 1 Mobil",3800000000,239,178,4,3,4,"ada",15899581.59,21348314.61,FALSE,FALSE,FALSE,FALSE,FALSE,FALSE,TRUE,TRUE
"RMT0767",768,"Dijual rumah di TEBET - BANGUNAN TERAWAT DAN KOKOH DI JALAN 3 MOBIL",15000000000,475,450,5,5,5,"ada",31578947.37,33333333.33,FALSE,FALSE,FALSE,FALSE,FALSE,FALSE,TRUE,TRUE
"RMT0768",769,"Rumah Tanjung Duren",3500000000,101,135,4,2,2,"ada",34653465.35,25925925.93,FALSE,FALSE,FALSE,FALSE,FALSE,FALSE,FALSE,FALSE
"RMT0769",770,"RUmah Bagus Pinggir Jalan Lokasi Strategis Di Tebet Jakarta Selatan",5500000000,270,170,6,3,1,"ada",20370370.37,32352941.18,FALSE,FALSE,FALSE,FALSE,FALSE,FALSE,FALSE,FALSE
"RMT0770",771,"Dijual cepat murah BU rumah lama strategis di tebet jakarta selatan",2900000000,139,100,3,2,2,"ada",20863309.35,29000000,FALSE,FALSE,FALSE,FALSE,FALSE,FALSE,FALSE,FALSE
"RMT0771",772,"Rumah Daerah Gudang Peluru Murah",10000000000,400,600,4,3,0,"tidak_ada",25000000,16666666.67,FALSE,FALSE,FALSE,FALSE,FALSE,FALSE,FALSE,FALSE
"RMT0772",773,"Dijual cepat murah rumah lama strategis di tebet kuningan jakarta selatan",4340000000,124,100,3,2,2,"ada",35000000,43400000,FALSE,FALSE,FALSE,FALSE,FALSE,FALSE,FALSE,FALSE
"RMT0773",774,"Rumah Besar di jual di Jalan Gatot Subroto Jakarta Selatan",25000000000,535,353,10,10,6,"ada",46728971.96,70821529.75,FALSE,TRUE,FALSE,FALSE,TRUE,TRUE,TRUE,TRUE
"RMT0774",775,"Dijual Rumah Siap Huni 3 lantai di Tebet Jakarta Selatan",2900000000,60,150,4,4,1,"ada",48333333.33,19333333.33,FALSE,FALSE,FALSE,FALSE,FALSE,FALSE,FALSE,FALSE
"RMT0775",776,"Dijual Rumah Minimalis di tebet timur area strategis",3200000000,92,150,4,4,2,"ada",34782608.7,21333333.33,FALSE,FALSE,FALSE,FALSE,FALSE,FALSE,FALSE,FALSE
"RMT0776",777,"Rumah Strategis Tebet Timur Akses 1 Mobil & Stasiun Cawang",6500000000,311,272,5,5,0,"tidak_ada",20900321.54,23897058.82,FALSE,FALSE,FALSE,FALSE,FALSE,FALSE,FALSE,FALSE
"RMT0777",778,"Rumah Murah Dan Strategis Dekat Mall Casablanca Di Tebet Dalam Jaksel",3500000000,172,210,5,2,2,"ada",20348837.21,16666666.67,FALSE,FALSE,FALSE,FALSE,FALSE,FALSE,FALSE,FALSE
"RMT0778",779,"Rumah Mewah Modern di Tebet Barat Nego",25000000000,485,550,4,4,3,"ada",51546391.75,45454545.45,FALSE,TRUE,FALSE,FALSE,FALSE,FALSE,FALSE,TRUE
"RMT0779",780,"Rumah daerah Tebet",7500000000,315,250,3,3,2,"ada",23809523.81,30000000,FALSE,FALSE,FALSE,FALSE,FALSE,FALSE,FALSE,FALSE
"RMT0780",781,"Tebet Rumah Dekat Lapangan Bola Siap Huni",2950000000,133,135,4,3,1,"ada",22180451.13,21851851.85,FALSE,FALSE,FALSE,FALSE,FALSE,FALSE,FALSE,FALSE
"RMT0781",782,"Rumah untuk Investasi di Kawasan Tebet, Jakarta Selatan",5500000000,326,225,7,2,0,"tidak_ada",16871165.64,24444444.44,FALSE,FALSE,FALSE,FALSE,TRUE,FALSE,FALSE,TRUE
"RMT0782",783,"5 Bedrooms House Tebet, Jakarta Selatan, DKI Jakarta",9000000000,305,350,5,5,3,"ada",29508196.72,25714285.71,FALSE,FALSE,FALSE,FALSE,FALSE,FALSE,FALSE,FALSE
"RMT0783",784,"4 Bedrooms House Tebet, Jakarta Selatan, DKI Jakarta",2500000000,135,120,4,2,1,"ada",18518518.52,20833333.33,FALSE,FALSE,FALSE,FALSE,FALSE,FALSE,FALSE,FALSE
"RMT0784",785,"Brand New Minimalis Tebet Dengan Lokasi Strategis Dijual Cepat",3100000000,90,172,4,3,2,"ada",34444444.44,18023255.81,FALSE,FALSE,FALSE,FALSE,FALSE,FALSE,FALSE,FALSE
"RMT0785",786,"Dijual cepat dan murah rumah lama strategis di Tebet Jakarta Selatan",3500000000,231,200,4,3,2,"ada",15151515.15,17500000,FALSE,FALSE,FALSE,FALSE,FALSE,FALSE,FALSE,FALSE
"RMT0786",787,"Dijual rumah di Tebet, Jakarta Selatan, bebas banjir, nyaman, dan aman",12000000000,312,480,4,2,1,"ada",38461538.46,25000000,FALSE,FALSE,FALSE,FALSE,FALSE,FALSE,FALSE,FALSE
"RMT0787",788,"Dijual Rumah Tebet Timur Lokasi Premium Cocok Untuk Usaha Jalan Lebar",7000000000,187,330,7,4,2,"ada",37433155.08,21212121.21,FALSE,FALSE,FALSE,FALSE,TRUE,FALSE,FALSE,TRUE
"RMT0788",789,"Dijual Rumah, Siap Huni,Strategis, Di Tebet Jakarta Selatan",6500000000,150,148,4,3,3,"ada",43333333.33,43918918.92,FALSE,FALSE,FALSE,FALSE,FALSE,FALSE,FALSE,FALSE
"RMT0789",790,"Rumah di tebet timur dalam",4500000000,148,200,4,3,1,"ada",30405405.41,22500000,FALSE,FALSE,FALSE,FALSE,FALSE,FALSE,FALSE,FALSE
"RMT0790",791,"Rumah Tua Di Tebet Jalan Depan Dua Mobil",7000000000,253,180,3,2,2,"ada",27667984.19,38888888.89,FALSE,FALSE,FALSE,FALSE,FALSE,FALSE,FALSE,FALSE
"RMT0791",792,"Tebet Rumah Tinggal",2300000000,77,140,4,3,1,"ada",29870129.87,16428571.43,FALSE,FALSE,FALSE,FALSE,FALSE,FALSE,FALSE,FALSE
"RMT0792",793,"Dijual rumah di Tebet",8750000000,200,250,5,4,2,"ada",43750000,35000000,FALSE,FALSE,FALSE,FALSE,FALSE,FALSE,FALSE,FALSE
"RMT0793",794,"Jual Rumah Mewah Siap Huni Strategis di Tebet Jakarta Selatan",8800000000,230,400,5,5,3,"ada",38260869.57,22000000,FALSE,FALSE,FALSE,FALSE,FALSE,FALSE,FALSE,FALSE
"RMT0794",795,"Dijual Rumah di Tebet Jakarta Selatan",3800000000,186,250,4,3,0,"tidak_ada",20430107.53,15200000,FALSE,FALSE,FALSE,FALSE,FALSE,FALSE,FALSE,FALSE
"RMT0795",796,"Townhouse Bidakara",13000000000,208,600,4,5,4,"ada",62500000,21666666.67,FALSE,FALSE,FALSE,FALSE,FALSE,FALSE,TRUE,TRUE
"RMT0796",797,"Dijual Rumah tua di tebet barat",1800000000,84,90,3,2,0,"tidak_ada",21428571.43,20000000,FALSE,FALSE,FALSE,FALSE,FALSE,FALSE,FALSE,FALSE
"RMT0797",798,"TEBET TIMUR (HOOK) - RUMAH BARU SIAP HUNI",13500000000,278,350,6,4,0,"tidak_ada",48561151.08,38571428.57,FALSE,FALSE,FALSE,FALSE,FALSE,FALSE,FALSE,FALSE
"RMT0798",799,"Tebet Dijual Rumah cantik 2 lantai semi furnished dan lay out nya bagus",7100000000,241,280,5,4,3,"ada",29460580.91,25357142.86,FALSE,FALSE,FALSE,FALSE,FALSE,FALSE,FALSE,FALSE
"RMT0799",800,"Tebet Dijual Rumah Siap Huni dan tanah kosong",8500000000,385,200,5,5,0,"tidak_ada",22077922.08,42500000,FALSE,FALSE,FALSE,FALSE,FALSE,FALSE,FALSE,FALSE
"RMT0800",801,"Rumah di depan taman di tebet utara, belakang pertokoan Elektronic city",3000000000,150,139,3,3,1,"ada",20000000,21582733.81,FALSE,FALSE,FALSE,FALSE,FALSE,FALSE,FALSE,FALSE
"RMT0801",802,"Dijual rumah Tebet 2 lantai. akses strategis",3600000000,135,150,5,3,3,"ada",26666666.67,24000000,FALSE,FALSE,FALSE,FALSE,FALSE,FALSE,FALSE,FALSE
"RMT0802",803,"Rumah Mewah Tebet Utara Jakarta Selatan",22000000000,619,700,5,4,10,"ada",35541195.48,31428571.43,FALSE,TRUE,TRUE,TRUE,FALSE,FALSE,TRUE,TRUE
"RMT0803",804,"Rumah Tebet Jakarta Selatan",750000000,78,100,3,1,0,"tidak_ada",9615384.62,7500000,FALSE,FALSE,FALSE,FALSE,FALSE,TRUE,FALSE,TRUE
"RMT0804",805,"rumah area komersial, tebet raya, jakarta selatan",22000000000,448,350,6,7,4,"ada",49107142.86,62857142.86,FALSE,TRUE,FALSE,FALSE,FALSE,TRUE,TRUE,TRUE
"RMT0805",806,"Rumah Tebet Barat Jakarta, Siap Huni",3500000000,118,160,4,4,2,"ada",29661016.95,21875000,FALSE,FALSE,FALSE,FALSE,FALSE,FALSE,FALSE,FALSE
"RMT0806",807,"Rumah Bagus siap huni akses 2 mobil daerah Tebet Jakarta Selatan",8500000000,240,245,3,5,2,"ada",35416666.67,34693877.55,FALSE,FALSE,FALSE,FALSE,FALSE,FALSE,FALSE,FALSE
"RMT0807",808,"Dijual Rumah Mewah Lokasi Bagus di Tebet Jalan Lebar",25000000000,485,550,5,5,2,"ada",51546391.75,45454545.45,FALSE,TRUE,FALSE,FALSE,FALSE,FALSE,FALSE,TRUE
"RMT0808",809,"3 Bedrooms House Tebet, Jakarta Selatan, DKI Jakarta",1600000000,90,150,3,2,1,"ada",17777777.78,10666666.67,FALSE,FALSE,FALSE,FALSE,FALSE,FALSE,FALSE,FALSE
"RMT0809",810,"Rumah 2 lantai di Jalan Sawo Kecik Raya, Bukit Duri, Tebet, Jakarta Selatan",5500000000,311,424,5,4,4,"ada",17684887.46,12971698.11,FALSE,FALSE,FALSE,FALSE,FALSE,FALSE,TRUE,TRUE
"RMT0810",811,"Rumah Bagus Cakep Dikawasan Elit Tebet Jaksel",8000000000,306,260,5,4,2,"ada",26143790.85,30769230.77,FALSE,FALSE,FALSE,FALSE,FALSE,FALSE,FALSE,FALSE
"RMT0811",812,"Dijual Rumah Tinggal Siap Huni Di Tebet lokasi strategis dan premium di Jakarta Selatan",12500000000,312,480,4,2,1,"ada",40064102.56,26041666.67,FALSE,FALSE,FALSE,FALSE,FALSE,FALSE,FALSE,FALSE
"RMT0812",813,"Rumah Terawat Siap Huni Di Tebet, Jaksel",7500000000,220,350,4,5,1,"ada",34090909.09,21428571.43,FALSE,FALSE,FALSE,FALSE,FALSE,FALSE,FALSE,FALSE
"RMT0813",814,"4 Bedrooms House Tebet, Jakarta Selatan, DKI Jakarta",3000000000,110,300,4,3,1,"ada",27272727.27,10000000,FALSE,FALSE,FALSE,FALSE,FALSE,FALSE,FALSE,FALSE
"RMT0814",815,"Tebet Rumah Lama Dijalan Lebar Dengan Lokasi Strategis Jual Cepat",15000000000,260,300,4,3,4,"ada",57692307.69,50000000,FALSE,FALSE,FALSE,FALSE,FALSE,FALSE,TRUE,TRUE
"RMT0815",816,"RUMAH TOWN HOUSE CANTIK TEBET",3900000000,135,220,4,4,1,"ada",28888888.89,17727272.73,FALSE,FALSE,FALSE,FALSE,FALSE,FALSE,FALSE,FALSE
"RMT0816",817,"Dijual Rumah Hitung Tanah Tebet Lokasi Strategis Nyaman Jalan 2 Mobil",6000000000,203,210,5,3,1,"ada",29556650.25,28571428.57,FALSE,FALSE,FALSE,FALSE,FALSE,FALSE,FALSE,FALSE
"RMT0817",818,"Dijual rumah di Tebet",18000000000,450,200,5,3,2,"ada",40000000,90000000,FALSE,TRUE,FALSE,FALSE,FALSE,FALSE,FALSE,TRUE
"RMT0818",819,"Rumah Di Tebet",3000000000,90,150,4,5,1,"ada",33333333.33,20000000,FALSE,FALSE,FALSE,FALSE,FALSE,FALSE,FALSE,FALSE
"RMT0819",820,"Brand New Minimalis Tebet Jalan Lebar Depan Taman Dijual Cepat",5000000000,107,180,6,5,2,"ada",46728971.96,27777777.78,FALSE,FALSE,FALSE,FALSE,FALSE,FALSE,FALSE,FALSE
"RMT0820",821,"DIJUAL Cepat Rumah Cantik minimalis 2 lantai di Tebet",850000000,56,56,4,2,0,"tidak_ada",15178571.43,15178571.43,FALSE,FALSE,FALSE,FALSE,FALSE,FALSE,FALSE,FALSE
"RMT0821",822,"Dijual Rumah Cantik Kebon Baru Lokasi Strategis Nyaman Jalan 2 Mobil",2500000000,135,140,4,3,1,"ada",18518518.52,17857142.86,FALSE,FALSE,FALSE,FALSE,FALSE,FALSE,FALSE,FALSE
"RMT0822",823,"Rumah Tinggal Di Area Komersil Jl Tebet Raya, Strategis Dan Murah",21000000000,520,350,5,4,2,"ada",40384615.38,60000000,FALSE,TRUE,FALSE,FALSE,FALSE,FALSE,FALSE,TRUE
"RMT0823",824,"Town House Menteng Dalam",2900000000,120,150,2,2,0,"tidak_ada",24166666.67,19333333.33,FALSE,FALSE,FALSE,FALSE,TRUE,FALSE,FALSE,TRUE
"RMT0824",825,"NEW TOWNHOUSE WITH PRIVATE POOL AT BIDAKARA TEBET JAKARTA SELATAN",12500000000,208,600,4,5,4,"ada",60096153.85,20833333.33,FALSE,FALSE,FALSE,FALSE,FALSE,FALSE,TRUE,TRUE
"RMT0825",826,"Rumah Siap Huni Tebet Jalan 2 Mobil Dijual Cepat",3000000000,140,160,4,3,1,"ada",21428571.43,18750000,FALSE,FALSE,FALSE,FALSE,FALSE,FALSE,FALSE,FALSE
"RMT0826",827,"Rumah Tebet Barat",30000000000,703,500,7,4,8,"ada",42674253.2,60000000,FALSE,TRUE,TRUE,FALSE,TRUE,FALSE,TRUE,TRUE
"RMT0827",828,"Rumah bagus siap huni dengan lokasi strategis dekat dengan supomo dan casablanca di jalan 1 mobil",4750000000,150,200,5,5,2,"ada",31666666.67,23750000,FALSE,FALSE,FALSE,FALSE,FALSE,FALSE,FALSE,FALSE
"RMT0828",829,"Rumah Termurah Akses Jalan 2 Mobil Luas Tanah 268 M Di Tebet Barat",6900000000,268,400,5,4,3,"ada",25746268.66,17250000,FALSE,FALSE,FALSE,FALSE,FALSE,FALSE,FALSE,FALSE
"RMT0829",830,"For Sale Single House at Tebet & Condition Semi Furnished HSE-A0330",10000000000,368,300,4,4,3,"ada",27173913.04,33333333.33,FALSE,FALSE,FALSE,FALSE,FALSE,FALSE,FALSE,FALSE
"RMT0830",831,"Rumah Bagus Dan Elite Di Kawasan Tebet Yang Pretigous",6700000000,125,250,3,3,3,"ada",53600000,26800000,FALSE,FALSE,FALSE,FALSE,FALSE,FALSE,FALSE,FALSE
"RMT0831",832,"Tebet Dijual Rumah Tinggal asri . nyaman. Tenang",9000000000,300,350,4,4,0,"tidak_ada",30000000,25714285.71,FALSE,FALSE,FALSE,FALSE,FALSE,FALSE,FALSE,FALSE
"RMT0832",833,"4 Bedrooms House Tebet, Jakarta Selatan, DKI Jakarta",2800000000,110,200,4,3,2,"ada",25454545.45,14000000,FALSE,FALSE,FALSE,FALSE,FALSE,FALSE,FALSE,FALSE
"RMT0833",834,"5 Bedrooms House Tebet, Jakarta Selatan, DKI Jakarta",3000000000,135,180,5,4,3,"ada",22222222.22,16666666.67,FALSE,FALSE,FALSE,FALSE,FALSE,FALSE,FALSE,FALSE
"RMT0834",835,"Rumah Minimalis bagus Tebet Utara",4100000000,110,220,4,3,2,"ada",37272727.27,18636363.64,FALSE,FALSE,FALSE,FALSE,FALSE,FALSE,FALSE,FALSE
"RMT0835",836,"Dijual Rumah di Tebet Hunian Mewah dan Nyaman",30000000000,750,498,6,6,0,"tidak_ada",40000000,60240963.86,FALSE,TRUE,TRUE,FALSE,FALSE,TRUE,FALSE,TRUE
"RMT0836",837,"Rumah Siap Huni Di Tebet Dalam Jakarta Selatan",3500000000,149,162,4,2,2,"ada",23489932.89,21604938.27,FALSE,FALSE,FALSE,FALSE,FALSE,FALSE,FALSE,FALSE
"RMT0837",838,"Dijual Rumah Mewah Full Furnish Di Tebet, Jakarta Selatan",35000000000,700,800,6,7,10,"ada",50000000,43750000,FALSE,TRUE,TRUE,TRUE,FALSE,TRUE,TRUE,TRUE
"RMT0838",839,"RumahKomersil di Tebet Timur Raya",22000000000,776,776,4,3,4,"ada",28350515.46,28350515.46,FALSE,TRUE,TRUE,TRUE,FALSE,FALSE,TRUE,TRUE
"RMT0839",840,"Rumah modern semi klasik di Tebet",30000000000,498,800,6,6,9,"ada",60240963.86,37500000,FALSE,TRUE,FALSE,TRUE,FALSE,TRUE,TRUE,TRUE
"RMT0840",841,"Rumah Dekat Jalan Utama Bukitduri, Hanya 2 Rumah Dari Jalan Besar",2000000000,148,128,4,3,2,"ada",13513513.51,15625000,FALSE,FALSE,FALSE,FALSE,FALSE,FALSE,FALSE,FALSE
"RMT0841",842,"JUAL CEPAT RUMAH MEWAH CLASSIC MODERN BEBAS BANJIR LOKASI PREMIUM TEBET",25000000000,485,550,5,4,4,"ada",51546391.75,45454545.45,FALSE,TRUE,FALSE,FALSE,FALSE,FALSE,TRUE,TRUE
"RMT0842",843,"Dijual murah, hitung tanah, tebet timur dalam",9500000000,386,380,7,4,4,"ada",24611398.96,25000000,FALSE,FALSE,FALSE,FALSE,TRUE,FALSE,TRUE,TRUE
"RMT0843",844,"Dijual sangat murah rumah baru daerah tebet",4600000000,151,250,5,3,4,"ada",30463576.16,18400000,FALSE,FALSE,FALSE,FALSE,FALSE,FALSE,TRUE,TRUE
"RMT0844",845,"Dijual cepat rumah Tebet timur jakarta selatan",6000000000,221,168,5,3,2,"ada",27149321.27,35714285.71,FALSE,FALSE,FALSE,FALSE,FALSE,FALSE,FALSE,FALSE
"RMT0845",846,"Brand New Minimalis 3 Lantai Tebet Dijual Cepat, Lokasi Strategis",2350000000,80,160,4,3,1,"ada",29375000,14687500,FALSE,FALSE,FALSE,FALSE,FALSE,FALSE,FALSE,FALSE
"RMT0846",847,"Dijual Rumah Tebet Barat Lokasi Strategis Nyaman Jalan 1 Mobil",2600000000,84,140,3,2,1,"ada",30952380.95,18571428.57,FALSE,FALSE,FALSE,FALSE,FALSE,FALSE,FALSE,FALSE
"RMT0847",848,"Rumah Siap Huni Di Lokasi Premium Tebet Barat Dalam",9000000000,287,300,4,3,1,"ada",31358885.02,30000000,FALSE,FALSE,FALSE,FALSE,FALSE,FALSE,FALSE,FALSE
"RMT0848",849,"Rumah Cantik Minimalis Tebet",2600000000,90,150,3,2,1,"ada",28888888.89,17333333.33,FALSE,FALSE,FALSE,FALSE,FALSE,FALSE,FALSE,FALSE
"RMT0849",850,"rumah tebet dalam, hoek, SHM",12000000000,270,470,5,4,1,"ada",44444444.44,25531914.89,FALSE,FALSE,FALSE,FALSE,FALSE,FALSE,FALSE,FALSE
"RMT0850",851,"Rumah Baru Minimalis Tebet",2700000000,78,90,3,2,0,"tidak_ada",34615384.62,30000000,FALSE,FALSE,FALSE,FALSE,FALSE,FALSE,FALSE,FALSE
"RMT0851",852,"Cluster Baru Minimalis Modern Jaya Mandala Tebet Jakarta Selatan",14500000000,208,600,4,4,2,"ada",69711538.46,24166666.67,FALSE,FALSE,FALSE,FALSE,FALSE,FALSE,FALSE,FALSE
"RMT0852",853,"Rumah di Kasablangka, Tebet, Menteng, Jakarta Selatan",3750000000,180,127,4,4,2,"ada",20833333.33,29527559.06,FALSE,FALSE,FALSE,FALSE,FALSE,FALSE,FALSE,FALSE
"RMT0853",854,"Rumah Mewah Murah Dalam Komplek Di Tebet",6000000000,225,325,7,5,2,"ada",26666666.67,18461538.46,FALSE,FALSE,FALSE,FALSE,TRUE,FALSE,FALSE,TRUE
"RMT0854",855,"Rumah Standard Hitung Tanah Di Tebet Dalam Jakarta Selatan",7500000000,253,150,5,2,0,"tidak_ada",29644268.77,50000000,FALSE,FALSE,FALSE,FALSE,FALSE,FALSE,FALSE,FALSE
"RMT0855",856,"Rumah Standard Di Tebet Dalam Jakarta Selatan",5200000000,260,300,7,3,1,"ada",20000000,17333333.33,FALSE,FALSE,FALSE,FALSE,TRUE,FALSE,FALSE,TRUE
"RMT0856",857,"Rumah Strategis Siap Huni Di Raya Tebet Jakarta Selatan",4900000000,266,250,3,2,1,"ada",18421052.63,19600000,FALSE,FALSE,FALSE,FALSE,FALSE,FALSE,FALSE,FALSE
"RMT0857",858,"Rumah Tua Strategis Di Tebet Raya Jakarta Selatan",17500000000,724,750,4,2,3,"ada",24171270.72,23333333.33,FALSE,FALSE,TRUE,TRUE,FALSE,FALSE,FALSE,TRUE
"RMT0858",859,"Rumah Mewah Hook Siap Huni Dan Terawat Di Gudang Peluru Tebet",10900000000,428,646,5,5,6,"ada",25467289.72,16873065.02,FALSE,FALSE,FALSE,FALSE,FALSE,FALSE,TRUE,TRUE
"RMT0859",860,"Rumah Cantik Dan Luas Di Tebet Jakarta Selatan",9000000000,388,300,4,3,1,"ada",23195876.29,30000000,FALSE,FALSE,FALSE,FALSE,FALSE,FALSE,FALSE,FALSE
"RMT0860",861,"Rumah Strategis Di Tebet Jakarta Selatan",6500000000,221,168,5,2,1,"ada",29411764.71,38690476.19,FALSE,FALSE,FALSE,FALSE,FALSE,FALSE,FALSE,FALSE
"RMT0861",862,"Rumah di Tebet Jakarta Selatan",25000000000,1000,600,10,10,10,"ada",25000000,41666666.67,FALSE,TRUE,TRUE,FALSE,TRUE,TRUE,TRUE,TRUE
"RMT0862",863,"5 Bedrooms House Tebet, Jakarta Selatan, DKI Jakarta",6000000000,150,300,5,4,2,"ada",40000000,20000000,FALSE,FALSE,FALSE,FALSE,FALSE,FALSE,FALSE,FALSE
"RMT0863",864,"Rumah Murah Tebet",3300000000,90,120,4,4,1,"ada",36666666.67,27500000,FALSE,FALSE,FALSE,FALSE,FALSE,FALSE,FALSE,FALSE
"RMT0864",865,"Rumah 2 Lantai di Tebet, Jakarta Selatan",1100000000,50,100,2,1,0,"tidak_ada",22000000,11000000,FALSE,FALSE,FALSE,FALSE,TRUE,TRUE,FALSE,TRUE
"RMT0865",866,"Rumah di Tebet",5000000000,205,410,3,3,1,"ada",24390243.9,12195121.95,FALSE,FALSE,FALSE,FALSE,FALSE,FALSE,FALSE,FALSE
"RMT0866",867,"Tebet Rumah lama hitung tanah",2500000000,150,100,3,2,0,"tidak_ada",16666666.67,25000000,FALSE,FALSE,FALSE,FALSE,FALSE,FALSE,FALSE,FALSE
"RMT0867",868,"Rumah Tebet Barat Dalam, Jakarta Selatan, Lokasi Strategis",3500000000,118,160,4,4,2,"ada",29661016.95,21875000,FALSE,FALSE,FALSE,FALSE,FALSE,FALSE,FALSE,FALSE
"RMT0868",869,"4 Bedrooms House Tebet, Jakarta Selatan, DKI Jakarta",3000000000,90,160,4,3,1,"ada",33333333.33,18750000,FALSE,FALSE,FALSE,FALSE,FALSE,FALSE,FALSE,FALSE
"RMT0869",870,"Rumah Baru Hook Modern Minimalis Strategis Siap Huni Di Tebet Timur",3300000000,110,180,4,4,2,"ada",30000000,18333333.33,FALSE,FALSE,FALSE,FALSE,FALSE,FALSE,FALSE,FALSE
"RMT0870",871,"Rumah Di Tebet Timur Dalam, Jakarta Selatan, Siap Huni, Semi Furnished",4400000000,130,250,4,3,2,"ada",33846153.85,17600000,FALSE,FALSE,FALSE,FALSE,FALSE,FALSE,FALSE,FALSE
"RMT0871",872,"Rumah Asri Di Tebet Timur Tebet Jakarta Selatan",4250000000,150,200,5,3,4,"ada",28333333.33,21250000,FALSE,FALSE,FALSE,FALSE,FALSE,FALSE,TRUE,TRUE
"RMT0872",873,"Rumah Siap Huni Tebet Raya, Lingkungan Tenang nyaman, & Strategis",11000000000,305,275,5,3,1,"ada",36065573.77,40000000,FALSE,FALSE,FALSE,FALSE,FALSE,FALSE,FALSE,FALSE
"RMT0873",874,"Dijual rumah di tebet timur 2 lantai",3000000000,90,120,4,4,1,"ada",33333333.33,25000000,FALSE,FALSE,FALSE,FALSE,FALSE,FALSE,FALSE,FALSE
"RMT0874",875,"Dijual rumah di tebet barat",2500000000,88,140,4,3,0,"tidak_ada",28409090.91,17857142.86,FALSE,FALSE,FALSE,FALSE,FALSE,FALSE,FALSE,FALSE
"RMT0875",876,"Rumah Siap Huni Jalanan 3 Mobil Di Tebet",8800000000,205,150,5,2,2,"ada",42926829.27,58666666.67,FALSE,FALSE,FALSE,FALSE,FALSE,FALSE,FALSE,FALSE
"RMT0876",877,"TERJUAL Tebet Rumah Siap Huni Jalan Dua Mobil 300 Meter dari Mt Haryono",5500000000,248,300,5,4,3,"ada",22177419.35,18333333.33,FALSE,FALSE,FALSE,FALSE,FALSE,FALSE,FALSE,FALSE
"RMT0877",878,"3 Bedrooms House Tebet, Jakarta Selatan, DKI Jakarta",2200000000,100,160,3,2,1,"ada",22000000,13750000,FALSE,FALSE,FALSE,FALSE,FALSE,FALSE,FALSE,FALSE
"RMT0878",879,"5 Bedrooms House Tebet, Jakarta Selatan, DKI Jakarta",6000000000,170,250,5,5,3,"ada",35294117.65,24000000,FALSE,FALSE,FALSE,FALSE,FALSE,FALSE,FALSE,FALSE
"RMT0879",880,"4 Bedrooms House Tebet, Jakarta Selatan, DKI Jakarta",7000000000,240,300,4,3,4,"ada",29166666.67,23333333.33,FALSE,FALSE,FALSE,FALSE,FALSE,FALSE,TRUE,TRUE
"RMT0880",881,"Rumah Bagus 2 Lantai, Bebas Banjir, Tenang Di Tebet, Jakarta Selatan",10500000000,345,500,6,4,2,"ada",30434782.61,21000000,FALSE,FALSE,FALSE,FALSE,FALSE,FALSE,FALSE,FALSE
"RMT0881",882,"Dijual Rumah Luas di Tebet Jakarta Selatan",3500000000,140,335,5,4,0,"tidak_ada",25000000,10447761.19,FALSE,FALSE,FALSE,FALSE,FALSE,FALSE,FALSE,FALSE
"RMT0882",883,"Rumah Mewah 2 Lt Design Apik di Tebet Barat, Jakarta Selatan",6000000000,210,350,5,5,1,"ada",28571428.57,17142857.14,FALSE,FALSE,FALSE,FALSE,FALSE,FALSE,FALSE,FALSE
"RMT0883",884,"Rumah Tebet Barat",3800000000,130,150,3,2,1,"ada",29230769.23,25333333.33,FALSE,FALSE,FALSE,FALSE,FALSE,FALSE,FALSE,FALSE
"RMT0884",885,"Rumah Murah Minimalis Di Tebet Timur, Tebet Jakarta Selatan",5500000000,140,250,5,3,1,"ada",39285714.29,22000000,FALSE,FALSE,FALSE,FALSE,FALSE,FALSE,FALSE,FALSE
"RMT0885",886,"Dijual rumah murah dan cepat aja di Kebon Baru, Tebet",2500000000,122,200,4,2,1,"ada",20491803.28,12500000,FALSE,FALSE,FALSE,FALSE,FALSE,FALSE,FALSE,FALSE
"RMT0886",887,"Rumah second bangunan kokoh dan terawat dalam komplek Gudang Peluru , Tebet , Jakarta Selatan",7500000000,290,480,5,3,2,"ada",25862068.97,15625000,FALSE,FALSE,FALSE,FALSE,FALSE,FALSE,FALSE,FALSE
"RMT0887",888,"Rumah Mewah di Menteng Dalam - Tebet",6800000000,130,375,4,5,4,"ada",52307692.31,18133333.33,FALSE,FALSE,FALSE,FALSE,FALSE,FALSE,TRUE,TRUE
"RMT0888",889,"Rumah Mewah di Tebet",12500000000,312,480,4,3,2,"ada",40064102.56,26041666.67,FALSE,FALSE,FALSE,FALSE,FALSE,FALSE,FALSE,FALSE
"RMT0889",890,"Jl. Tebet Raya, Kec. Tebet, Kota Jakarta Selatan, Daerah Khusus Ibukota Jakarta 12810, Indonesia",9500000000,368,300,5,4,2,"ada",25815217.39,31666666.67,FALSE,FALSE,FALSE,FALSE,FALSE,FALSE,FALSE,FALSE
"RMT0890",891,"Dijual rumah Tebet Jakarta Selatan",6000000000,200,150,5,4,2,"ada",30000000,40000000,FALSE,FALSE,FALSE,FALSE,FALSE,FALSE,FALSE,FALSE
"RMT0891",892,"Dijual Segera Rumah Tebet Timur Jakarta Selatan",3500000000,130,240,5,6,2,"ada",26923076.92,14583333.33,FALSE,FALSE,FALSE,FALSE,FALSE,TRUE,FALSE,TRUE
"RMT0892",893,"Dijual rumah di Tebet",9000000000,305,350,4,4,3,"ada",29508196.72,25714285.71,FALSE,FALSE,FALSE,FALSE,FALSE,FALSE,FALSE,FALSE
"RMT0893",894,"Dijual rumah siap huni di Tebet",8000000000,178,350,8,6,2,"ada",44943820.22,22857142.86,FALSE,FALSE,FALSE,FALSE,TRUE,TRUE,FALSE,TRUE
"RMT0894",895,"Dijual rumah di tebet timur raya",20000000000,660,440,9,5,5,"ada",30303030.3,45454545.45,FALSE,TRUE,TRUE,FALSE,TRUE,FALSE,TRUE,TRUE
"RMT0895",896,"Rumah Brand New Posisi Depan Tama Di Tebet Barat, 3 Lantai",9700000000,248,450,5,6,1,"ada",39112903.23,21555555.56,FALSE,FALSE,FALSE,FALSE,FALSE,TRUE,FALSE,TRUE
"RMT0896",897,"Rumah Tebet Timur Dalam - RSH",3600000000,130,100,3,3,0,"tidak_ada",27692307.69,36000000,FALSE,FALSE,FALSE,FALSE,FALSE,FALSE,FALSE,FALSE
"RMT0897",898,"4 Bedrooms House Tebet, Jakarta Selatan, DKI Jakarta",4200000000,120,180,4,3,2,"ada",35000000,23333333.33,FALSE,FALSE,FALSE,FALSE,FALSE,FALSE,FALSE,FALSE
"RMT0898",899,"Rumah tebet barat dalam",9000000000,240,350,6,4,3,"ada",37500000,25714285.71,FALSE,FALSE,FALSE,FALSE,FALSE,FALSE,FALSE,FALSE
"RMT0899",900,"Rumah Minimalis di Tebet",950000000,92,130,4,2,0,"tidak_ada",10326086.96,7307692.31,FALSE,FALSE,FALSE,FALSE,FALSE,FALSE,FALSE,FALSE
"RMT0900",901,"Dijual Rumah Di Tebet Barat, Tebet, Jakarta Selatan",16450000000,550,700,6,6,0,"tidak_ada",29909090.91,23500000,FALSE,FALSE,TRUE,TRUE,FALSE,TRUE,FALSE,TRUE
"RMT0901",902,"Dijual Rumah Di Tebet Lokasi Bagus, Tebet, Jakarta Selatan",7500000000,360,320,7,4,0,"tidak_ada",20833333.33,23437500,FALSE,FALSE,FALSE,FALSE,TRUE,FALSE,FALSE,TRUE
"RMT0902",903,"Rumah Di Tebet,Lt270/375m,2 Lantai,Dkt Gatot Subroto",8700000000,265,375,5,4,4,"ada",32830188.68,23200000,FALSE,FALSE,FALSE,FALSE,FALSE,FALSE,TRUE,TRUE
"RMT0903",904,"Rumah Siap Huni Di Tebet Akses Mudah Dekat Ke Supomo Pancoran",3500000000,150,230,5,4,2,"ada",23333333.33,15217391.3,FALSE,FALSE,FALSE,FALSE,FALSE,FALSE,FALSE,FALSE
"RMT0904",905,"Dekat Jalan Soepomo Dan Mall Kota Kasablanka. Fasilitas Terdekat Baik.",25000000000,932,400,7,5,9,"ada",26824034.33,62500000,FALSE,TRUE,TRUE,FALSE,TRUE,FALSE,TRUE,TRUE
"RMT0905",906,"Rumah Second di Kebon Baru Tebet Jakarta Selatan",13000000000,370,800,6,5,4,"ada",35135135.14,16250000,FALSE,FALSE,FALSE,TRUE,FALSE,FALSE,TRUE,TRUE
"RMT0906",907,"Town House di Tebet Jakarta Selatan",3750000000,150,120,2,2,2,"ada",25000000,31250000,FALSE,FALSE,FALSE,FALSE,TRUE,FALSE,FALSE,TRUE
"RMT0907",908,"Good House Tebet",10000000000,750,450,8,6,1,"ada",13333333.33,22222222.22,FALSE,FALSE,TRUE,FALSE,TRUE,TRUE,FALSE,TRUE
"RMT0908",909,"Rumah Bagus di Daerah Tebet",1600000000,80,80,4,3,1,"ada",20000000,20000000,FALSE,FALSE,FALSE,FALSE,FALSE,FALSE,FALSE,FALSE
"RMT0909",910,"Tebet Rumah Mewah Minimalis 2 Lantai",4500000000,146,320,5,5,3,"ada",30821917.81,14062500,FALSE,FALSE,FALSE,FALSE,FALSE,FALSE,FALSE,FALSE
"RMT0910",911,"Rumah Di Tebet Dalam Akses 2 Mobil Besar, Jakarta Selatan",13500000000,256,235,3,2,2,"ada",52734375,57446808.51,FALSE,FALSE,FALSE,FALSE,FALSE,FALSE,FALSE,FALSE
"RMT0911",912,"3 Bedrooms House Tebet, Jakarta Selatan, DKI Jakarta",2000000000,90,100,3,2,1,"ada",22222222.22,20000000,FALSE,FALSE,FALSE,FALSE,FALSE,FALSE,FALSE,FALSE
"RMT0912",913,"Tebet Rumah Bagus Minimalis Modern, jakarta Selatan",9000000000,234,211,7,5,4,"ada",38461538.46,42654028.44,FALSE,FALSE,FALSE,FALSE,TRUE,FALSE,TRUE,TRUE
"RMT0913",914,"Rumah mewah baru minimalia di Tebet utara",5800000000,170,280,5,4,2,"ada",34117647.06,20714285.71,FALSE,FALSE,FALSE,FALSE,FALSE,FALSE,FALSE,FALSE
"RMT0914",915,"4 Bedrooms House Tebet, Jakarta Selatan, DKI Jakarta",3200000000,135,160,4,3,1,"ada",23703703.7,20000000,FALSE,FALSE,FALSE,FALSE,FALSE,FALSE,FALSE,FALSE
"RMT0915",916,"Rumah Kebon Baru, Tebet, Jakarta Selatan, Hoek, Lokasi Strategis",2400000000,147,154,3,2,1,"ada",16326530.61,15584415.58,FALSE,FALSE,FALSE,FALSE,FALSE,FALSE,FALSE,FALSE
"RMT0916",917,"Rumah Tebet Siap Huni Jalan 2 Mobil",6750000000,210,350,4,4,2,"ada",32142857.14,19285714.29,FALSE,FALSE,FALSE,FALSE,FALSE,FALSE,FALSE,FALSE
"RMT0917",918,"Tebet Rumah Classic, Jakarta Selatan",2400000000,101,75,2,1,2,"ada",23762376.24,32000000,FALSE,FALSE,FALSE,FALSE,TRUE,TRUE,FALSE,TRUE
"RMT0918",919,"Dijual Rumah Tebet Barat Lokasi Strategis Nyaman Jalan 1 Mobil",3100000000,95,150,3,3,2,"ada",32631578.95,20666666.67,FALSE,FALSE,FALSE,FALSE,FALSE,FALSE,FALSE,FALSE
"RMT0919",920,"Rumah siap huni di Tebet",11000000000,384,399,4,4,0,"tidak_ada",28645833.33,27568922.31,FALSE,FALSE,FALSE,FALSE,FALSE,FALSE,FALSE,FALSE
"RMT0920",921,"Dijual Rumah Bangunan 2 Lantai di Tebet, Jakarta Selatan",28000000000,703,500,8,4,6,"ada",39829302.99,56000000,FALSE,TRUE,TRUE,FALSE,TRUE,FALSE,TRUE,TRUE
"RMT0921",922,"Rumah seken di Asem baris dekat St. cawang",650000000,55,50,2,1,0,"tidak_ada",11818181.82,13000000,FALSE,FALSE,FALSE,FALSE,TRUE,TRUE,FALSE,TRUE
"RMT0922",923,"Komplek telkom kebon baru",5750000000,240,350,7,5,0,"tidak_ada",23958333.33,16428571.43,FALSE,FALSE,FALSE,FALSE,TRUE,FALSE,FALSE,TRUE
"RMT0923",924,"Dijual Rumah Di Tebet Jakarta Selatan 3 Kmr 150m2 Nyaman Harga Best",2800000000,90,150,3,3,1,"ada",31111111.11,18666666.67,FALSE,FALSE,FALSE,FALSE,FALSE,FALSE,FALSE,FALSE
"RMT0924",925,"Rumah Baru Tebet",3200000000,90,170,4,4,0,"tidak_ada",35555555.56,18823529.41,FALSE,FALSE,FALSE,FALSE,FALSE,FALSE,FALSE,FALSE
"RMT0925",926,"Rumah mewah tebet",23000000000,610,750,8,6,0,"tidak_ada",37704918.03,30666666.67,FALSE,TRUE,TRUE,TRUE,TRUE,TRUE,FALSE,TRUE
"RMT0926",927,"Rumah TEBET",1600000000,80,80,4,3,0,"tidak_ada",20000000,20000000,FALSE,FALSE,FALSE,FALSE,FALSE,FALSE,FALSE,FALSE
"RMT0927",928,"Rumah Lama Tebet Timur Dalam",2400000000,130,100,4,2,1,"ada",18461538.46,24000000,FALSE,FALSE,FALSE,FALSE,FALSE,FALSE,FALSE,FALSE
"RMT0928",929,"Rumah Mewah 3 Lantai di Tebet Jakarta Selatan",6000000000,260,450,7,4,0,"tidak_ada",23076923.08,13333333.33,FALSE,FALSE,FALSE,FALSE,TRUE,FALSE,FALSE,TRUE
"RMT0929",930,"Rumah Minimalis Clasik Tebet Barat, Jakarta Selatan",4500000000,106,251,4,3,2,"ada",42452830.19,17928286.85,FALSE,FALSE,FALSE,FALSE,FALSE,FALSE,FALSE,FALSE
"RMT0930",931,"Dijual Rumah di Kebon Baru, Tebet, dekat stasiun Ka cawang",3000000000,200,200,4,3,0,"tidak_ada",15000000,15000000,FALSE,FALSE,FALSE,FALSE,FALSE,FALSE,FALSE,FALSE
"RMT0931",932,"Rumah, Bukit Duri Tebet Jakarta, Jalan 2mobil, 162m, Dekat Kokas, BU",2100000000,162,162,3,3,2,"ada",12962962.96,12962962.96,FALSE,FALSE,FALSE,FALSE,FALSE,FALSE,FALSE,FALSE
"RMT0932",933,"Tebet Rumah siap huni, jalan lebar, lokasi ok",5800000000,141,180,4,3,2,"ada",41134751.77,32222222.22,FALSE,FALSE,FALSE,FALSE,FALSE,FALSE,FALSE,FALSE
"RMT0933",934,"Tebet Rumah hitung tanah, jalan lebar",9300000000,386,385,6,4,4,"ada",24093264.25,24155844.16,FALSE,FALSE,FALSE,FALSE,FALSE,FALSE,TRUE,TRUE
"RMT0934",935,"Rumah Tebet Dijual Cepat Dengan Lokasi Strategis",2000000000,100,130,3,2,1,"ada",20000000,15384615.38,FALSE,FALSE,FALSE,FALSE,FALSE,FALSE,FALSE,FALSE
"RMT0935",936,"5 Bedrooms House Tebet, Jakarta Selatan, DKI Jakarta",35000000000,600,400,5,3,4,"ada",58333333.33,87500000,FALSE,TRUE,TRUE,FALSE,FALSE,FALSE,TRUE,TRUE
"RMT0936",937,"4 Bedrooms House Tebet, Jakarta Selatan, DKI Jakarta",4000000000,140,200,4,3,2,"ada",28571428.57,20000000,FALSE,FALSE,FALSE,FALSE,FALSE,FALSE,FALSE,FALSE
"RMT0937",938,"8 Bedrooms House Tebet, Jakarta Selatan, DKI Jakarta",6500000000,180,250,8,4,1,"ada",36111111.11,26000000,FALSE,FALSE,FALSE,FALSE,TRUE,FALSE,FALSE,TRUE
"RMT0938",939,"3 Bedrooms House Tebet, Jakarta Selatan, DKI Jakarta",2850000000,135,160,3,2,2,"ada",21111111.11,17812500,FALSE,FALSE,FALSE,FALSE,FALSE,FALSE,FALSE,FALSE
"RMT0939",940,"Dijual Rumah Minimalis 3 Lantai ada Kolam Renang di Tebet",6800000000,200,300,5,5,4,"ada",34000000,22666666.67,FALSE,FALSE,FALSE,FALSE,FALSE,FALSE,TRUE,TRUE
"RMT0940",941,"Rumah Brand New Di Tebet Dekat Ke Jalan 3 Mobil Lt 112meter",3500000000,112,150,3,4,1,"ada",31250000,23333333.33,FALSE,FALSE,FALSE,FALSE,FALSE,FALSE,FALSE,FALSE
"RMT0941",942,"Rumah Siap Huni @ Tebet",3500000000,110,160,4,4,2,"ada",31818181.82,21875000,FALSE,FALSE,FALSE,FALSE,FALSE,FALSE,FALSE,FALSE
"RMT0942",943,"Rumah Mewah Bukit Duri",10500000000,457,800,7,5,2,"ada",22975929.98,13125000,FALSE,FALSE,FALSE,TRUE,TRUE,FALSE,FALSE,TRUE
"RMT0943",944,"Rumah Mewah Harga Murah Siap Huni Akses Strategis Di Tebet Pancoran",12500000009,312,480,6,4,4,"ada",40064102.59,26041666.69,FALSE,FALSE,FALSE,FALSE,FALSE,FALSE,TRUE,TRUE
"RMT0944",945,"Rumah Asem Baris Tebet",5500000000,250,265,4,3,2,"ada",22000000,20754716.98,FALSE,FALSE,FALSE,FALSE,FALSE,FALSE,FALSE,FALSE
"RMT0945",946,"Dijual rumah di komplek gudang peluru Tebet, Jakarta Selatan",5700000000,162,250,4,4,2,"ada",35185185.19,22800000,FALSE,FALSE,FALSE,FALSE,FALSE,FALSE,FALSE,FALSE
"RMT0946",947,"Dijual Rumah di Tebet Barat, Jakarta Selatan ~ Lokasi Bagus Jalan Dua Mobil",26000000000,485,550,4,3,2,"ada",53608247.42,47272727.27,FALSE,TRUE,FALSE,FALSE,FALSE,FALSE,FALSE,TRUE
"RMT0947",948,"Rumah 2 lantai di Tebet Dalam",3000000000,160,90,5,4,1,"ada",18750000,33333333.33,FALSE,FALSE,FALSE,FALSE,FALSE,FALSE,FALSE,FALSE
"RMT0948",949,"Rumah Tebet Lokasi Strategis, Luas Pusat Bisnis. Dekat Kuningan",9500000000,380,385,5,4,2,"ada",25000000,24675324.68,FALSE,FALSE,FALSE,FALSE,FALSE,FALSE,FALSE,FALSE
"RMT0949",950,"Rumah Minimalis Di Tebet",3750000000,110,160,3,3,2,"ada",34090909.09,23437500,FALSE,FALSE,FALSE,FALSE,FALSE,FALSE,FALSE,FALSE
"RMT0950",951,"Dijual cepat dan murah rumah startegis di Tebet Jakarta Selatan",3600000000,340,150,6,4,0,"tidak_ada",10588235.29,24000000,FALSE,FALSE,FALSE,FALSE,FALSE,FALSE,FALSE,FALSE
"RMT0951",952,"Rumah Di Tebet Nyaman Aman Strategis Jalanan Besar 2 Mobil Bebas Banjir",6500000000,89,170,3,3,1,"ada",73033707.87,38235294.12,FALSE,FALSE,FALSE,FALSE,FALSE,FALSE,FALSE,FALSE
"RMT0952",953,"Rumah Mewah 2 Lantai Di Asem Baris",7500000000,325,300,5,4,2,"ada",23076923.08,25000000,FALSE,FALSE,FALSE,FALSE,FALSE,FALSE,FALSE,FALSE
"RMT0953",954,"Rumah Mungil Di Tebet Siap Huni",2500000000,60,120,3,4,1,"ada",41666666.67,20833333.33,FALSE,FALSE,FALSE,FALSE,FALSE,FALSE,FALSE,FALSE
"RMT0954",955,"Rumah mininalis tebet",3900000000,130,200,5,4,1,"ada",30000000,19500000,FALSE,FALSE,FALSE,FALSE,FALSE,FALSE,FALSE,FALSE
"RMT0955",956,"Rumah Lux Tebet",16000000000,310,450,5,5,1,"ada",51612903.23,35555555.56,FALSE,FALSE,FALSE,FALSE,FALSE,FALSE,FALSE,FALSE
"RMT0956",957,"Rumah tebet",18000000000,538,300,5,5,0,"tidak_ada",33457249.07,60000000,FALSE,TRUE,TRUE,FALSE,FALSE,FALSE,FALSE,TRUE
"RMT0957",958,"Rumah tebet raya",18500000000,360,330,7,7,0,"tidak_ada",51388888.89,56060606.06,FALSE,TRUE,FALSE,FALSE,TRUE,TRUE,FALSE,TRUE
"RMT0958",959,"Rumah Baru Di Tebet Timur Lokasi Strategis",3999999999,130,200,4,3,2,"ada",30769230.76,20000000,FALSE,FALSE,FALSE,FALSE,FALSE,FALSE,FALSE,FALSE
"RMT0959",960,"Rumah Cantik Di Tebet Dekat Supomo Pancoran Kuningan Gatot Subroto",5800000000,141,170,4,3,1,"ada",41134751.77,34117647.06,FALSE,FALSE,FALSE,FALSE,FALSE,FALSE,FALSE,FALSE
"RMT0960",961,"TEBET - Kondisi Bagus, Dekat Jalan 2 Mobil",3900000000,100,170,5,3,2,"ada",39000000,22941176.47,FALSE,FALSE,FALSE,FALSE,FALSE,FALSE,FALSE,FALSE
"RMT0961",962,"TEBET - Siap Huni, Terawat, Tengah Kota, Strategis",3100000000,103,180,3,3,2,"ada",30097087.38,17222222.22,FALSE,FALSE,FALSE,FALSE,FALSE,FALSE,FALSE,FALSE
"RMT0962",963,"TEBET - Bagus Untuk Investasi dan Harga Sangat Menarik",3000000000,139,150,3,3,1,"ada",21582733.81,20000000,FALSE,FALSE,FALSE,FALSE,FALSE,FALSE,FALSE,FALSE
"RMT0963",964,"TEBET - Jalan 2 Mobil Lebar, Strategis",14000000000,393,440,6,6,6,"ada",35623409.67,31818181.82,FALSE,FALSE,FALSE,FALSE,FALSE,TRUE,TRUE,TRUE
"RMT0964",965,"TEBET - Siap Huni Lokasi Bagus",13500000000,394,352,6,4,2,"ada",34263959.39,38352272.73,FALSE,FALSE,FALSE,FALSE,FALSE,FALSE,FALSE,FALSE
"RMT0965",966,"TEBET - Rumah Bagus, Siap Huni",4000000000,135,200,4,3,2,"ada",29629629.63,20000000,FALSE,FALSE,FALSE,FALSE,FALSE,FALSE,FALSE,FALSE
"RMT0966",967,"TEBET - Rumah Baru",3500000000,90,120,3,2,2,"ada",38888888.89,29166666.67,FALSE,FALSE,FALSE,FALSE,FALSE,FALSE,FALSE,FALSE
"RMT0967",968,"TEBET - Siap Huni, Kondisi Sangat Terawat",4300000000,180,300,5,4,2,"ada",23888888.89,14333333.33,FALSE,FALSE,FALSE,FALSE,FALSE,FALSE,FALSE,FALSE
"RMT0968",969,"TEBET - Area Tenang, Aman dan Nyaman",3900000000,154,180,4,3,2,"ada",25324675.32,21666666.67,FALSE,FALSE,FALSE,FALSE,FALSE,FALSE,FALSE,FALSE
"RMT0969",970,"Tebet - Dijual Rumah Mewah Klasik",19000000512,361,800,5,5,5,"ada",52631580.37,23750000.64,FALSE,TRUE,FALSE,TRUE,FALSE,FALSE,TRUE,TRUE
"RMT0970",971,"Tebet rumah minimalis modern, jakarta selatan",2750000000,91,210,5,4,1,"ada",30219780.22,13095238.1,FALSE,FALSE,FALSE,FALSE,FALSE,FALSE,FALSE,FALSE
"RMT0971",972,"Dijual Rumah sangat strategis di Tebet Barat, dekat sekolah, stasiun, Tebet Mas",2900000000,134,175,5,2,1,"ada",21641791.04,16571428.57,FALSE,FALSE,FALSE,FALSE,FALSE,FALSE,FALSE,FALSE
"RMT0972",973,"Rumah Tingkat 2 Lantai Di Komplek Gudang Peluru Tebet Jakarta Selatan",9500000000,345,500,8,5,4,"ada",27536231.88,19000000,FALSE,FALSE,FALSE,FALSE,TRUE,FALSE,TRUE,TRUE
"RMT0973",974,"Dijual Rumah Cantik Di Tebet Akses Jalan Lebar",23000000000,987,700,4,4,4,"ada",23302938.2,32857142.86,FALSE,TRUE,TRUE,TRUE,FALSE,FALSE,TRUE,TRUE
"RMT0974",975,"Di Jual Rumah Mewah Sangat Strategis Di Tebet Akses Jalan 2mobil Lebar, Rumah Menghadap Selatan",21000000000,547,700,4,4,7,"ada",38391224.86,30000000,FALSE,TRUE,TRUE,TRUE,FALSE,FALSE,TRUE,TRUE
"RMT0975",976,"Di jual rumah 2nd di tebet barat",2600000000,90,150,3,2,0,"tidak_ada",28888888.89,17333333.33,FALSE,FALSE,FALSE,FALSE,FALSE,FALSE,FALSE,FALSE
"RMT0976",977,"Di jual rumah di jl persada raya",4000000000,220,200,7,3,1,"ada",18181818.18,20000000,FALSE,FALSE,FALSE,FALSE,TRUE,FALSE,FALSE,TRUE
"RMT0977",978,"Rumah strategis tebet barat",22900000000,650,700,3,3,2,"ada",35230769.23,32714285.71,FALSE,TRUE,TRUE,TRUE,FALSE,FALSE,FALSE,TRUE
"RMT0978",979,"Rumah Baru Semi Furnished Depan TAMAN dekat Gelael, Tebet Barat, Jakarta Selatan",4000000000,105,180,5,4,1,"ada",38095238.1,22222222.22,FALSE,FALSE,FALSE,FALSE,FALSE,FALSE,FALSE,FALSE
"RMT0979",980,"Rumah Tebet Barat Dalam - Jakarta Selatan, Tebet, Jakarta Selatan",3200000000,86,137,4,2,1,"ada",37209302.33,23357664.23,FALSE,FALSE,FALSE,FALSE,FALSE,FALSE,FALSE,FALSE
"RMT0980",981,"4 Bedrooms House Tebet, Jakarta Selatan, DKI Jakarta",2600000000,93,160,4,4,1,"ada",27956989.25,16250000,FALSE,FALSE,FALSE,FALSE,FALSE,FALSE,FALSE,FALSE
"RMT0981",982,"Di Jual Rumah Cantik di Tebet Jalan 1 Mobil Jakarta Selatan",6300000000,180,250,4,3,1,"ada",35000000,25200000,FALSE,FALSE,FALSE,FALSE,FALSE,FALSE,FALSE,FALSE
"RMT0982",983,"Rumah Brand New Minimalis Modern Bebas Banjir di Tebet",3400000000,110,160,3,3,1,"ada",30909090.91,21250000,FALSE,FALSE,FALSE,FALSE,FALSE,FALSE,FALSE,FALSE
"RMT0983",984,"4 Bedrooms House Tebet, Jakarta Selatan, DKI Jakarta",3250000000,90,200,4,3,1,"ada",36111111.11,16250000,FALSE,FALSE,FALSE,FALSE,FALSE,FALSE,FALSE,FALSE
"RMT0984",985,"Dijual Rumah Cantik Minimalis Di Tebet Dekat Taman",3000000000,95,150,4,4,1,"ada",31578947.37,20000000,FALSE,FALSE,FALSE,FALSE,FALSE,FALSE,FALSE,FALSE
"RMT0985",986,"Rumah Murah Siap Huni Akses 2 Mobil Tebet Timur Jak Sel",4100000000,155,180,4,3,1,"ada",26451612.9,22777777.78,FALSE,FALSE,FALSE,FALSE,FALSE,FALSE,FALSE,FALSE
"RMT0986",987,"Rumah Strategis Cocok Untuk Usaha Posisi Huk Di Tebet Timur",6500000000,160,130,4,1,2,"ada",40625000,50000000,FALSE,FALSE,FALSE,FALSE,FALSE,TRUE,FALSE,TRUE
"RMT0987",988,"Rumah Murah Akses Mobil Di Tebet Barat Jak Sel",1800000000,100,90,2,1,0,"tidak_ada",18000000,20000000,FALSE,FALSE,FALSE,FALSE,TRUE,TRUE,FALSE,TRUE
"RMT0988",989,"Rumah Strategis Siap Huni Akses 1mobil Di Tebet Barat",3500000000,135,150,4,3,1,"ada",25925925.93,23333333.33,FALSE,FALSE,FALSE,FALSE,FALSE,FALSE,FALSE,FALSE
"RMT0989",990,"Rumah Siap Huni Hanya 50meter Ke Jalan Asembaris Raya",2100000000,126,100,2,2,1,"ada",16666666.67,21000000,FALSE,FALSE,FALSE,FALSE,TRUE,FALSE,FALSE,TRUE
"RMT0990",991,"Rumah 2lantai Strategis Akses 2mobil Lokasi Asembaris Tebet",3000000000,125,200,2,2,1,"ada",24000000,15000000,FALSE,FALSE,FALSE,FALSE,TRUE,FALSE,FALSE,TRUE
"RMT0991",992,"Rumah Asri Siap Huni Strategis Lokasi Asembaris Bebas Banjir",2150000000,135,128,3,2,1,"ada",15925925.93,16796875,FALSE,FALSE,FALSE,FALSE,FALSE,FALSE,FALSE,FALSE
"RMT0992",993,"Rumah Baru 2,5 Lantai Akses 1mobil Lokasi Tebet Timur",3000000000,90,200,3,2,2,"ada",33333333.33,15000000,FALSE,FALSE,FALSE,FALSE,FALSE,FALSE,FALSE,FALSE
"RMT0993",994,"Rumah Bagus Siap Huni Tebet Barat Jak Sel",3250000000,104,120,4,3,1,"ada",31250000,27083333.33,FALSE,FALSE,FALSE,FALSE,FALSE,FALSE,FALSE,FALSE
"RMT0994",995,"Rumah Sederhana Di Tebet Timur Jak Sel",1750000000,90,85,2,1,1,"ada",19444444.44,20588235.29,FALSE,FALSE,FALSE,FALSE,TRUE,TRUE,FALSE,TRUE
"RMT0995",996,"Rumah Murah Sekali Siap Huni Akses Gg 2 Motor Di Lap Roos Tebet",1500000000,170,200,7,2,0,"tidak_ada",8823529.41,7500000,FALSE,FALSE,FALSE,FALSE,TRUE,FALSE,FALSE,TRUE
"RMT0996",997,"Rumah Siap Huni Ada Kosan 4pintu Lokasi Tebet Barat Jak Sel",3800000000,145,200,8,8,1,"ada",26206896.55,19000000,FALSE,FALSE,FALSE,FALSE,TRUE,TRUE,FALSE,TRUE
"RMT0997",998,"Rumah Strategis Siap Huni Akses 1mobil Dekat Pasar Tebet Jak Sel",2500000000,100,120,3,2,1,"ada",25000000,20833333.33,FALSE,FALSE,FALSE,FALSE,FALSE,FALSE,FALSE,FALSE
"RMT0998",999,"Rumah Lama Layak Huni Akses 2 Mbl Bs Utk Kosan Di Menteng Dlm Jak Sel",4200000000,206,250,5,4,1,"ada",20388349.51,16800000,FALSE,FALSE,FALSE,FALSE,FALSE,FALSE,FALSE,FALSE
"RMT0999",1000,"Rumah Siap Huni Akses 2mobil Strategis Di Asembaris Tebet",1100000000,70,70,2,1,0,"tidak_ada",15714285.71,15714285.71,FALSE,FALSE,FALSE,FALSE,TRUE,TRUE,FALSE,TRUE
"RMT1000",1001,"Rumah Siap Huni 2lantai Akses 1mobil Di Asembaris Tebet",950000000,60,100,3,1,0,"tidak_ada",15833333.33,9500000,FALSE,FALSE,FALSE,FALSE,FALSE,TRUE,FALSE,TRUE
"RMT1001",1002,"Rumah Baru Siap Huni Akses 2mobil Semi Furnised Lokasi Tebet Utara",4500000000,90,128,3,3,1,"ada",50000000,35156250,FALSE,FALSE,FALSE,FALSE,FALSE,FALSE,FALSE,FALSE
"RMT1002",1003,"Rumah Siap Huni Posisi Huk Akses 2mobil 200meter Kejalan Supomo",7000000000,110,150,4,3,1,"ada",63636363.64,46666666.67,FALSE,FALSE,FALSE,FALSE,FALSE,FALSE,FALSE,FALSE
"RMT1003",1004,"Rumah 2lantai Akses 2mobil Di Bukit Duri Tebet Jaksel",600000000,30,60,2,2,0,"tidak_ada",20000000,10000000,FALSE,FALSE,FALSE,FALSE,TRUE,FALSE,FALSE,TRUE
"RMT1004",1005,"Rumah Strategis 100meter Ke Jl Supomo Di Menteng Dalam Tebet Jak Sel",2600000000,140,100,3,2,1,"ada",18571428.57,26000000,FALSE,FALSE,FALSE,FALSE,FALSE,FALSE,FALSE,FALSE
"RMT1005",1006,"Rumah Strategis Akses Jalan 2mobil Di Menteng Dalam Tebet Jak Sel",9000000000,550,450,10,10,3,"ada",16363636.36,20000000,FALSE,FALSE,TRUE,FALSE,TRUE,TRUE,FALSE,TRUE
"RMT1006",1007,"Tebet Rumah Siap Huni Jln 2 Mbl Nyaman",4000000000,140,160,4,3,2,"ada",28571428.57,25000000,FALSE,FALSE,FALSE,FALSE,FALSE,FALSE,FALSE,FALSE
"RMT1007",1009,"Dijual Cepat Rumah Komp Depkeu Dr Soepomo Tebet Jakarta Selatan",19000000000,606,360,7,4,0,"tidak_ada",31353135.31,52777777.78,FALSE,TRUE,TRUE,FALSE,TRUE,FALSE,FALSE,TRUE
"RMT1008",1010,"Dijual Rumah Kokoh Di Gudang Peluru",10500000000,430,420,7,4,2,"ada",24418604.65,25000000,FALSE,FALSE,FALSE,FALSE,TRUE,FALSE,FALSE,TRUE
