"id_data","harga","luas_tanah","luas_bangunan","kamar_tidur","kamar_mandi","garasi","kota","harga_per_m2_tanah","harga_per_m2_bangunan","flag_data_tidak_valid","flag_outlier_iqr_harga","flag_outlier_iqr_luas_tanah","flag_outlier_iqr_luas_bangunan","flag_outlier_iqr_kamar_tidur","flag_outlier_iqr_kamar_mandi","flag_outlier_iqr"
"JKS0001",28000000000,1100,700,5,6,"ada","Jakarta Selatan",25454545.45,40000000,FALSE,FALSE,FALSE,FALSE,FALSE,TRUE,TRUE
"JKS0002",19000000000,824,800,4,4,"ada","Jakarta Selatan",23058252.43,23750000,FALSE,FALSE,FALSE,FALSE,FALSE,FALSE,FALSE
"JKS0003",4700000000,500,400,4,3,"ada","Jakarta Selatan",9400000,11750000,FALSE,FALSE,FALSE,FALSE,FALSE,FALSE,FALSE
"JKS0004",4900000000,251,300,5,4,"ada","Jakarta Selatan",19521912.35,16333333.33,FALSE,FALSE,FALSE,FALSE,FALSE,FALSE,FALSE
"JKS0005",28000000000,1340,575,4,5,"ada","Jakarta Selatan",20895522.39,48695652.17,FALSE,FALSE,FALSE,FALSE,FALSE,FALSE,FALSE
"JKS0006",10000000000,460,300,4,4,"ada","Jakarta Selatan",21739130.43,33333333.33,FALSE,FALSE,FALSE,FALSE,FALSE,FALSE,FALSE
"JKS0007",7600000000,278,350,4,4,"ada","Jakarta Selatan",27338129.5,21714285.71,FALSE,FALSE,FALSE,FALSE,FALSE,FALSE,FALSE
"JKS0008",5250000000,511,300,3,2,"ada","Jakarta Selatan",10273972.6,17500000,FALSE,FALSE,FALSE,FALSE,FALSE,FALSE,FALSE
"JKS0009",670000000,70,69,3,2,"tidak_ada","Jakarta Selatan",9571428.57,9710144.93,FALSE,FALSE,FALSE,FALSE,FALSE,FALSE,FALSE
"JKS0010",480000000,66,42,2,1,"tidak_ada","Jakarta Selatan",7272727.27,11428571.43,FALSE,FALSE,FALSE,FALSE,TRUE,TRUE,TRUE
"JKS0011",10700000000,449,500,6,7,"ada","Jakarta Selatan",23830734.97,21400000,FALSE,FALSE,FALSE,FALSE,FALSE,TRUE,TRUE
"JKS0012",4200000000,109,188,2,3,"ada","Jakarta Selatan",38532110.09,22340425.53,FALSE,FALSE,FALSE,FALSE,TRUE,FALSE,TRUE
"JKS0013",8500000000,320,250,4,4,"ada","Jakarta Selatan",26562500,34000000,FALSE,FALSE,FALSE,FALSE,FALSE,FALSE,FALSE
"JKS0014",7000000000,384,400,4,4,"ada","Jakarta Selatan",18229166.67,17500000,FALSE,FALSE,FALSE,FALSE,FALSE,FALSE,FALSE
"JKS0015",20000000000,462,645,5,6,"ada","Jakarta Selatan",43290043.29,31007751.94,FALSE,FALSE,FALSE,FALSE,FALSE,TRUE,TRUE
"JKS0016",9500000000,212,300,4,4,"ada","Jakarta Selatan",44811320.75,31666666.67,FALSE,FALSE,FALSE,FALSE,FALSE,FALSE,FALSE
"JKS0017",13400000000,342,450,5,4,"ada","Jakarta Selatan",39181286.55,29777777.78,FALSE,FALSE,FALSE,FALSE,FALSE,FALSE,FALSE
"JKS0018",11000000000,410,700,4,4,"ada","Jakarta Selatan",26829268.29,15714285.71,FALSE,FALSE,FALSE,FALSE,FALSE,FALSE,FALSE
"JKS0019",5800000000,144,285,4,3,"ada","Jakarta Selatan",40277777.78,20350877.19,FALSE,FALSE,FALSE,FALSE,FALSE,FALSE,FALSE
"JKS0020",35000000000,985,400,4,3,"ada","Jakarta Selatan",35532994.92,87500000,FALSE,FALSE,FALSE,FALSE,FALSE,FALSE,FALSE
"JKS0021",14000000000,780,500,3,4,"ada","Jakarta Selatan",17948717.95,28000000,FALSE,FALSE,FALSE,FALSE,FALSE,FALSE,FALSE
"JKS0022",5000000000,217,450,4,4,"ada","Jakarta Selatan",23041474.65,11111111.11,FALSE,FALSE,FALSE,FALSE,FALSE,FALSE,FALSE
"JKS0023",40000000000,1500,700,4,4,"ada","Jakarta Selatan",26666666.67,57142857.14,FALSE,TRUE,TRUE,FALSE,FALSE,FALSE,TRUE
"JKS0024",7250000000,210,300,4,3,"ada","Jakarta Selatan",34523809.52,24166666.67,FALSE,FALSE,FALSE,FALSE,FALSE,FALSE,FALSE
"JKS0025",5200000000,110,200,3,3,"ada","Jakarta Selatan",47272727.27,26000000,FALSE,FALSE,FALSE,FALSE,FALSE,FALSE,FALSE
"JKS0026",25000000000,760,650,4,4,"ada","Jakarta Selatan",32894736.84,38461538.46,FALSE,FALSE,FALSE,FALSE,FALSE,FALSE,FALSE
"JKS0027",5680000000,151,245,3,3,"ada","Jakarta Selatan",37615894.04,23183673.47,FALSE,FALSE,FALSE,FALSE,FALSE,FALSE,FALSE
"JKS0028",10500000000,220,350,4,3,"ada","Jakarta Selatan",47727272.73,30000000,FALSE,FALSE,FALSE,FALSE,FALSE,FALSE,FALSE
"JKS0029",7050000000,128,315,3,3,"ada","Jakarta Selatan",55078125,22380952.38,FALSE,FALSE,FALSE,FALSE,FALSE,FALSE,FALSE
"JKS0030",9300000000,235,270,3,3,"tidak_ada","Jakarta Selatan",39574468.09,34444444.44,FALSE,FALSE,FALSE,FALSE,FALSE,FALSE,FALSE
"JKS0031",6500000000,100,250,4,3,"ada","Jakarta Selatan",65000000,26000000,FALSE,FALSE,FALSE,FALSE,FALSE,FALSE,FALSE
"JKS0032",68000000000,470,1000,5,5,"ada","Jakarta Selatan",144680851.06,68000000,FALSE,TRUE,FALSE,FALSE,FALSE,FALSE,TRUE
"JKS0033",3000000000,75,150,4,2,"ada","Jakarta Selatan",40000000,20000000,FALSE,FALSE,FALSE,FALSE,FALSE,FALSE,FALSE
"JKS0034",85000000000,770,500,4,4,"ada","Jakarta Selatan",110389610.39,170000000,FALSE,TRUE,FALSE,FALSE,FALSE,FALSE,TRUE
"JKS0035",19500000000,610,1000,6,5,"ada","Jakarta Selatan",31967213.11,19500000,FALSE,FALSE,FALSE,FALSE,FALSE,FALSE,FALSE
"JKS0036",20900000000,754,500,4,4,"ada","Jakarta Selatan",27718832.89,41800000,FALSE,FALSE,FALSE,FALSE,FALSE,FALSE,FALSE
"JKS0037",15500000000,440,350,4,3,"ada","Jakarta Selatan",35227272.73,44285714.29,FALSE,FALSE,FALSE,FALSE,FALSE,FALSE,FALSE
"JKS0038",14000000000,410,800,4,4,"ada","Jakarta Selatan",34146341.46,17500000,FALSE,FALSE,FALSE,FALSE,FALSE,FALSE,FALSE
"JKS0039",39000000000,973,1100,4,3,"ada","Jakarta Selatan",40082219.94,35454545.45,FALSE,FALSE,FALSE,TRUE,FALSE,FALSE,TRUE
"JKS0040",8000000000,251,320,4,4,"ada","Jakarta Selatan",31872509.96,25000000,FALSE,FALSE,FALSE,FALSE,FALSE,FALSE,FALSE
"JKS0041",20000000000,780,600,4,4,"ada","Jakarta Selatan",25641025.64,33333333.33,FALSE,FALSE,FALSE,FALSE,FALSE,FALSE,FALSE
"JKS0042",17500000000,954,600,4,3,"ada","Jakarta Selatan",18343815.51,29166666.67,FALSE,FALSE,FALSE,FALSE,FALSE,FALSE,FALSE
"JKS0043",34000000000,1186,900,6,5,"ada","Jakarta Selatan",28667790.89,37777777.78,FALSE,FALSE,FALSE,FALSE,FALSE,FALSE,FALSE
"JKS0044",7500000000,186,380,4,4,"ada","Jakarta Selatan",40322580.65,19736842.11,FALSE,FALSE,FALSE,FALSE,FALSE,FALSE,FALSE
"JKS0045",18500000000,358,500,4,5,"ada","Jakarta Selatan",51675977.65,37000000,FALSE,FALSE,FALSE,FALSE,FALSE,FALSE,FALSE
"JKS0046",5000000000,217,200,4,3,"ada","Jakarta Selatan",23041474.65,25000000,FALSE,FALSE,FALSE,FALSE,FALSE,FALSE,FALSE
"JKS0047",16000000000,535,600,4,4,"ada","Jakarta Selatan",29906542.06,26666666.67,FALSE,FALSE,FALSE,FALSE,FALSE,FALSE,FALSE
"JKS0048",13000000000,330,500,3,3,"ada","Jakarta Selatan",39393939.39,26000000,FALSE,FALSE,FALSE,FALSE,FALSE,FALSE,FALSE
"JKS0049",8000000000,250,320,4,3,"ada","Jakarta Selatan",32000000,25000000,FALSE,FALSE,FALSE,FALSE,FALSE,FALSE,FALSE
"JKS0050",17500000000,477,530,4,4,"ada","Jakarta Selatan",36687631.03,33018867.92,FALSE,FALSE,FALSE,FALSE,FALSE,FALSE,FALSE
"JKS0051",10500000000,282,450,4,4,"ada","Jakarta Selatan",37234042.55,23333333.33,FALSE,FALSE,FALSE,FALSE,FALSE,FALSE,FALSE
"JKS0052",35500000000,1312,850,5,4,"ada","Jakarta Selatan",27057926.83,41764705.88,FALSE,FALSE,FALSE,FALSE,FALSE,FALSE,FALSE
"JKS0053",16000000000,860,500,4,4,"ada","Jakarta Selatan",18604651.16,32000000,FALSE,FALSE,FALSE,FALSE,FALSE,FALSE,FALSE
"JKS0054",11700000000,246,347,4,3,"ada","Jakarta Selatan",47560975.61,33717579.25,FALSE,FALSE,FALSE,FALSE,FALSE,FALSE,FALSE
"JKS0055",18500000000,443,450,4,3,"ada","Jakarta Selatan",41760722.35,41111111.11,FALSE,FALSE,FALSE,FALSE,FALSE,FALSE,FALSE
"JKS0056",17500000000,389,400,4,3,"ada","Jakarta Selatan",44987146.53,43750000,FALSE,FALSE,FALSE,FALSE,FALSE,FALSE,FALSE
"JKS0057",6500000000,300,450,4,3,"ada","Jakarta Selatan",21666666.67,14444444.44,FALSE,FALSE,FALSE,FALSE,FALSE,FALSE,FALSE
"JKS0058",18500000000,433,600,4,4,"ada","Jakarta Selatan",42725173.21,30833333.33,FALSE,FALSE,FALSE,FALSE,FALSE,FALSE,FALSE
"JKS0059",25000000000,987,400,4,3,"ada","Jakarta Selatan",25329280.65,62500000,FALSE,FALSE,FALSE,FALSE,FALSE,FALSE,FALSE
"JKS0060",23000000000,817,500,6,4,"ada","Jakarta Selatan",28151774.79,46000000,FALSE,FALSE,FALSE,FALSE,FALSE,FALSE,FALSE
"JKS0061",12990000000,876,428,5,4,"ada","Jakarta Selatan",14828767.12,30350467.29,FALSE,FALSE,FALSE,FALSE,FALSE,FALSE,FALSE
"JKS0062",15000000000,887,300,3,2,"ada","Jakarta Selatan",16910935.74,50000000,FALSE,FALSE,FALSE,FALSE,FALSE,FALSE,FALSE
"JKS0063",13000000000,384,425,5,4,"ada","Jakarta Selatan",33854166.67,30588235.29,FALSE,FALSE,FALSE,FALSE,FALSE,FALSE,FALSE
"JKS0064",33000000000,458,400,4,4,"ada","Jakarta Selatan",72052401.75,82500000,FALSE,FALSE,FALSE,FALSE,FALSE,FALSE,FALSE
"JKS0065",9500000000,200,235,3,3,"ada","Jakarta Selatan",47500000,40425531.91,FALSE,FALSE,FALSE,FALSE,FALSE,FALSE,FALSE
"JKS0066",5750000000,144,285,4,4,"ada","Jakarta Selatan",39930555.56,20175438.6,FALSE,FALSE,FALSE,FALSE,FALSE,FALSE,FALSE
"JKS0067",19000000000,358,600,4,5,"tidak_ada","Jakarta Selatan",53072625.7,31666666.67,FALSE,FALSE,FALSE,FALSE,FALSE,FALSE,FALSE
"JKS0068",19000000000,550,480,4,4,"ada","Jakarta Selatan",34545454.55,39583333.33,FALSE,FALSE,FALSE,FALSE,FALSE,FALSE,FALSE
"JKS0069",21500000000,950,300,5,4,"ada","Jakarta Selatan",22631578.95,71666666.67,FALSE,FALSE,FALSE,FALSE,FALSE,FALSE,FALSE
"JKS0070",5200000000,164,140,3,3,"ada","Jakarta Selatan",31707317.07,37142857.14,FALSE,FALSE,FALSE,FALSE,FALSE,FALSE,FALSE
"JKS0071",14000000000,460,400,4,3,"ada","Jakarta Selatan",30434782.61,35000000,FALSE,FALSE,FALSE,FALSE,FALSE,FALSE,FALSE
"JKS0072",55000000000,1487,1200,6,4,"ada","Jakarta Selatan",36987222.6,45833333.33,FALSE,TRUE,TRUE,TRUE,FALSE,FALSE,TRUE
"JKS0073",6250000000,158,400,4,2,"ada","Jakarta Selatan",39556962.03,15625000,FALSE,FALSE,FALSE,FALSE,FALSE,FALSE,FALSE
"JKS0074",29000000000,1186,800,9,8,"ada","Jakarta Selatan",24451939.29,36250000,FALSE,FALSE,FALSE,FALSE,TRUE,TRUE,TRUE
"JKS0075",8000000000,323,317,5,4,"ada","Jakarta Selatan",24767801.86,25236593.06,FALSE,FALSE,FALSE,FALSE,FALSE,FALSE,FALSE
"JKS0076",8500000000,502,250,4,4,"ada","Jakarta Selatan",16932270.92,34000000,FALSE,FALSE,FALSE,FALSE,FALSE,FALSE,FALSE
"JKS0077",18000000000,916,147,5,7,"ada","Jakarta Selatan",19650655.02,122448979.59,FALSE,FALSE,FALSE,FALSE,FALSE,TRUE,TRUE
"JKS0078",4500000000,109,188,2,3,"ada","Jakarta Selatan",41284403.67,23936170.21,FALSE,FALSE,FALSE,FALSE,TRUE,FALSE,TRUE
"JKS0079",10000000000,395,450,5,5,"ada","Jakarta Selatan",25316455.7,22222222.22,FALSE,FALSE,FALSE,FALSE,FALSE,FALSE,FALSE
"JKS0080",4250000000,152,275,3,3,"ada","Jakarta Selatan",27960526.32,15454545.45,FALSE,FALSE,FALSE,FALSE,FALSE,FALSE,FALSE
"JKS0081",4500000000,138,250,5,4,"tidak_ada","Jakarta Selatan",32608695.65,18000000,FALSE,FALSE,FALSE,FALSE,FALSE,FALSE,FALSE
"JKS0082",2800000000,100,150,3,3,"tidak_ada","Jakarta Selatan",28000000,18666666.67,FALSE,FALSE,FALSE,FALSE,FALSE,FALSE,FALSE
"JKS0083",15000000000,2010,800,4,3,"ada","Jakarta Selatan",7462686.57,18750000,FALSE,FALSE,TRUE,FALSE,FALSE,FALSE,TRUE
"JKS0084",7800000000,188,367,3,3,"ada","Jakarta Selatan",41489361.7,21253405.99,FALSE,FALSE,FALSE,FALSE,FALSE,FALSE,FALSE
"JKS0085",21000000000,500,525,4,5,"ada","Jakarta Selatan",42000000,40000000,FALSE,FALSE,FALSE,FALSE,FALSE,FALSE,FALSE
"JKS0086",38000000000,1229,800,4,4,"ada","Jakarta Selatan",30919446.7,47500000,FALSE,FALSE,FALSE,FALSE,FALSE,FALSE,FALSE
"JKS0087",29950000000,1000,600,4,4,"ada","Jakarta Selatan",29950000,49916666.67,FALSE,FALSE,FALSE,FALSE,FALSE,FALSE,FALSE
"JKS0088",7500000000,350,350,6,6,"tidak_ada","Jakarta Selatan",21428571.43,21428571.43,FALSE,FALSE,FALSE,FALSE,FALSE,TRUE,TRUE
"JKS0089",25000000000,987,400,4,3,"tidak_ada","Jakarta Selatan",25329280.65,62500000,FALSE,FALSE,FALSE,FALSE,FALSE,FALSE,FALSE
"JKS0090",36000000000,626,500,5,3,"ada","Jakarta Selatan",57507987.22,72000000,FALSE,FALSE,FALSE,FALSE,FALSE,FALSE,FALSE
"JKS0091",20000000000,472,650,6,5,"tidak_ada","Jakarta Selatan",42372881.36,30769230.77,FALSE,FALSE,FALSE,FALSE,FALSE,FALSE,FALSE
"JKS0092",29000000000,1186,600,8,9,"tidak_ada","Jakarta Selatan",24451939.29,48333333.33,FALSE,FALSE,FALSE,FALSE,TRUE,TRUE,TRUE
"JKS0093",5500000000,234,115,2,2,"ada","Jakarta Selatan",23504273.5,47826086.96,FALSE,FALSE,FALSE,FALSE,TRUE,FALSE,TRUE
"JKS0094",16590000000,405,495,4,4,"ada","Jakarta Selatan",40962962.96,33515151.52,FALSE,FALSE,FALSE,FALSE,FALSE,FALSE,FALSE
"JKS0095",33500000000,1000,800,5,6,"tidak_ada","Jakarta Selatan",33500000,41875000,FALSE,FALSE,FALSE,FALSE,FALSE,TRUE,TRUE
"JKS0096",21000000000,802,904,4,3,"ada","Jakarta Selatan",26184538.65,23230088.5,FALSE,FALSE,FALSE,FALSE,FALSE,FALSE,FALSE
"JKS0097",7720000000,125,298,4,4,"ada","Jakarta Selatan",61760000,25906040.27,FALSE,FALSE,FALSE,FALSE,FALSE,FALSE,FALSE
"JKS0098",22000000000,1019,650,4,3,"ada","Jakarta Selatan",21589793.92,33846153.85,FALSE,FALSE,FALSE,FALSE,FALSE,FALSE,FALSE
"JKS0099",18500000000,180,600,4,4,"ada","Jakarta Selatan",102777777.78,30833333.33,FALSE,FALSE,FALSE,FALSE,FALSE,FALSE,FALSE
"JKS0100",16500000000,933,600,5,5,"ada","Jakarta Selatan",17684887.46,27500000,FALSE,FALSE,FALSE,FALSE,FALSE,FALSE,FALSE
"JKS0101",11980000000,241,572,4,5,"ada","Jakarta Selatan",49709543.57,20944055.94,FALSE,FALSE,FALSE,FALSE,FALSE,FALSE,FALSE
"JKS0102",8500000000,250,250,4,4,"ada","Jakarta Selatan",34000000,34000000,FALSE,FALSE,FALSE,FALSE,FALSE,FALSE,FALSE
"JKS0103",7700000000,190,350,3,2,"ada","Jakarta Selatan",40526315.79,22000000,FALSE,FALSE,FALSE,FALSE,FALSE,FALSE,FALSE
"JKS0104",4200000000,270,300,4,4,"ada","Jakarta Selatan",15555555.56,14000000,FALSE,FALSE,FALSE,FALSE,FALSE,FALSE,FALSE
"JKS0105",15700000000,860,325,5,4,"ada","Jakarta Selatan",18255813.95,48307692.31,FALSE,FALSE,FALSE,FALSE,FALSE,FALSE,FALSE
"JKS0106",17000000000,916,147,5,7,"ada","Jakarta Selatan",18558951.97,115646258.5,FALSE,FALSE,FALSE,FALSE,FALSE,TRUE,TRUE
"JKS0107",9550000000,251,288,3,3,"ada","Jakarta Selatan",38047808.76,33159722.22,FALSE,FALSE,FALSE,FALSE,FALSE,FALSE,FALSE
"JKS0108",10200000000,320,360,6,4,"ada","Jakarta Selatan",31875000,28333333.33,FALSE,FALSE,FALSE,FALSE,FALSE,FALSE,FALSE
"JKS0109",5900000000,240,350,4,4,"ada","Jakarta Selatan",24583333.33,16857142.86,FALSE,FALSE,FALSE,FALSE,FALSE,FALSE,FALSE
"JKS0110",6000000000,178,309,4,3,"ada","Jakarta Selatan",33707865.17,19417475.73,FALSE,FALSE,FALSE,FALSE,FALSE,FALSE,FALSE
"JKS0111",10800000000,438,540,6,5,"ada","Jakarta Selatan",24657534.25,20000000,FALSE,FALSE,FALSE,FALSE,FALSE,FALSE,FALSE
"JKS0112",55000000000,1500,1200,7,6,"ada","Jakarta Selatan",36666666.67,45833333.33,FALSE,TRUE,TRUE,TRUE,TRUE,TRUE,TRUE
"JKS0113",14000000000,714,750,5,3,"tidak_ada","Jakarta Selatan",19607843.14,18666666.67,FALSE,FALSE,FALSE,FALSE,FALSE,FALSE,FALSE
"JKS0114",6900000000,358,450,4,3,"ada","Jakarta Selatan",19273743.02,15333333.33,FALSE,FALSE,FALSE,FALSE,FALSE,FALSE,FALSE
"JKS0115",55000000000,1497,1200,5,5,"ada","Jakarta Selatan",36740146.96,45833333.33,FALSE,TRUE,TRUE,TRUE,FALSE,FALSE,TRUE
"JKS0116",17500000000,1056,600,5,5,"ada","Jakarta Selatan",16571969.7,29166666.67,FALSE,FALSE,FALSE,FALSE,FALSE,FALSE,FALSE
"JKS0117",3500000000,100,156,5,4,"ada","Jakarta Selatan",35000000,22435897.44,FALSE,FALSE,FALSE,FALSE,FALSE,FALSE,FALSE
"JKS0118",15500000000,340,500,4,4,"ada","Jakarta Selatan",45588235.29,31000000,FALSE,FALSE,FALSE,FALSE,FALSE,FALSE,FALSE
"JKS0119",6900000000,188,350,3,3,"tidak_ada","Jakarta Selatan",36702127.66,19714285.71,FALSE,FALSE,FALSE,FALSE,FALSE,FALSE,FALSE
"JKS0120",16000000000,407,575,5,4,"ada","Jakarta Selatan",39312039.31,27826086.96,FALSE,FALSE,FALSE,FALSE,FALSE,FALSE,FALSE
"JKS0121",11900000000,241,571,4,5,"ada","Jakarta Selatan",49377593.36,20840630.47,FALSE,FALSE,FALSE,FALSE,FALSE,FALSE,FALSE
"JKS0122",7500000000,188,351,3,3,"ada","Jakarta Selatan",39893617.02,21367521.37,FALSE,FALSE,FALSE,FALSE,FALSE,FALSE,FALSE
"JKS0123",12500000000,371,300,4,4,"tidak_ada","Jakarta Selatan",33692722.37,41666666.67,FALSE,FALSE,FALSE,FALSE,FALSE,FALSE,FALSE
"JKS0124",11000000000,438,540,8,4,"tidak_ada","Jakarta Selatan",25114155.25,20370370.37,FALSE,FALSE,FALSE,FALSE,TRUE,FALSE,TRUE
"JKS0125",55000000000,1500,1200,6,6,"ada","Jakarta Selatan",36666666.67,45833333.33,FALSE,TRUE,TRUE,TRUE,FALSE,TRUE,TRUE
"JKS0126",12000000000,512,350,3,4,"tidak_ada","Jakarta Selatan",23437500,34285714.29,FALSE,FALSE,FALSE,FALSE,FALSE,FALSE,FALSE
"JKS0127",6500000000,230,400,4,4,"ada","Jakarta Selatan",28260869.57,16250000,FALSE,FALSE,FALSE,FALSE,FALSE,FALSE,FALSE
"JKS0128",13940000000,539,610,4,4,"tidak_ada","Jakarta Selatan",25862708.72,22852459.02,FALSE,FALSE,FALSE,FALSE,FALSE,FALSE,FALSE
"JKS0129",5700000000,168,170,3,3,"tidak_ada","Jakarta Selatan",33928571.43,33529411.76,FALSE,FALSE,FALSE,FALSE,FALSE,FALSE,FALSE
"JKS0130",8000000000,350,350,10,5,"tidak_ada","Jakarta Selatan",22857142.86,22857142.86,FALSE,FALSE,FALSE,FALSE,TRUE,FALSE,TRUE
"JKS0131",6900000000,128,315,3,3,"tidak_ada","Jakarta Selatan",53906250,21904761.9,FALSE,FALSE,FALSE,FALSE,FALSE,FALSE,FALSE
"JKS0132",8000000000,190,420,4,4,"ada","Jakarta Selatan",42105263.16,19047619.05,FALSE,FALSE,FALSE,FALSE,FALSE,FALSE,FALSE
"JKS0133",5500000000,107,311,4,3,"ada","Jakarta Selatan",51401869.16,17684887.46,FALSE,FALSE,FALSE,FALSE,FALSE,FALSE,FALSE
"JKS0134",10700000000,400,300,4,3,"ada","Jakarta Selatan",26750000,35666666.67,FALSE,FALSE,FALSE,FALSE,FALSE,FALSE,FALSE
"JKS0135",21000000000,1042,552,5,4,"ada","Jakarta Selatan",20153550.86,38043478.26,FALSE,FALSE,FALSE,FALSE,FALSE,FALSE,FALSE
"JKS0136",6500000000,200,300,4,4,"ada","Jakarta Selatan",32500000,21666666.67,FALSE,FALSE,FALSE,FALSE,FALSE,FALSE,FALSE
"JKS0137",16000000000,447,500,4,4,"ada","Jakarta Selatan",35794183.45,32000000,FALSE,FALSE,FALSE,FALSE,FALSE,FALSE,FALSE
"JKS0138",13500000000,385,525,5,4,"ada","Jakarta Selatan",35064935.06,25714285.71,FALSE,FALSE,FALSE,FALSE,FALSE,FALSE,FALSE
"JKS0139",15750000000,1060,375,3,2,"ada","Jakarta Selatan",14858490.57,42000000,FALSE,FALSE,FALSE,FALSE,FALSE,FALSE,FALSE
"JKS0140",23000000000,558,553,8,6,"ada","Jakarta Selatan",41218637.99,41591320.07,FALSE,FALSE,FALSE,FALSE,TRUE,TRUE,TRUE
"JKS0141",21000000000,1042,550,7,6,"ada","Jakarta Selatan",20153550.86,38181818.18,FALSE,FALSE,FALSE,FALSE,TRUE,TRUE,TRUE
"JKS0142",19300000000,1287,700,5,3,"ada","Jakarta Selatan",14996115,27571428.57,FALSE,FALSE,FALSE,FALSE,FALSE,FALSE,FALSE
"JKS0143",4300000000,124,187,3,3,"ada","Jakarta Selatan",34677419.35,22994652.41,FALSE,FALSE,FALSE,FALSE,FALSE,FALSE,FALSE
"JKS0144",20000000000,550,650,4,4,"ada","Jakarta Selatan",36363636.36,30769230.77,FALSE,FALSE,FALSE,FALSE,FALSE,FALSE,FALSE
"JKS0145",9550000000,251,288,4,4,"tidak_ada","Jakarta Selatan",38047808.76,33159722.22,FALSE,FALSE,FALSE,FALSE,FALSE,FALSE,FALSE
"JKS0146",22000000000,455,570,4,5,"ada","Jakarta Selatan",48351648.35,38596491.23,FALSE,FALSE,FALSE,FALSE,FALSE,FALSE,FALSE
"JKS0147",23000000000,650,600,5,5,"ada","Jakarta Selatan",35384615.38,38333333.33,FALSE,FALSE,FALSE,FALSE,FALSE,FALSE,FALSE
"JKS0148",55000000000,1500,1000,5,6,"ada","Jakarta Selatan",36666666.67,55000000,FALSE,TRUE,TRUE,FALSE,FALSE,TRUE,TRUE
"JKS0149",17500000000,430,820,5,6,"ada","Jakarta Selatan",40697674.42,21341463.41,FALSE,FALSE,FALSE,FALSE,FALSE,TRUE,TRUE
"JKS0150",8000000000,299,400,4,4,"ada","Jakarta Selatan",26755852.84,20000000,FALSE,FALSE,FALSE,FALSE,FALSE,FALSE,FALSE
"JKS0151",4600000000,109,180,2,3,"ada","Jakarta Selatan",42201834.86,25555555.56,FALSE,FALSE,FALSE,FALSE,TRUE,FALSE,TRUE
"JKS0152",15000000000,714,750,5,5,"ada","Jakarta Selatan",21008403.36,20000000,FALSE,FALSE,FALSE,FALSE,FALSE,FALSE,FALSE
"JKS0153",18000000000,600,400,6,6,"ada","Jakarta Selatan",30000000,45000000,FALSE,FALSE,FALSE,FALSE,FALSE,TRUE,TRUE
"JKS0154",1370000000,425,216,4,4,"tidak_ada","Jakarta Selatan",3223529.41,6342592.59,FALSE,FALSE,FALSE,FALSE,FALSE,FALSE,FALSE
"JKS0155",21000000000,1100,700,5,4,"tidak_ada","Jakarta Selatan",19090909.09,30000000,FALSE,FALSE,FALSE,FALSE,FALSE,FALSE,FALSE
"JKS0156",12000000000,315,609,5,4,"ada","Jakarta Selatan",38095238.1,19704433.5,FALSE,FALSE,FALSE,FALSE,FALSE,FALSE,FALSE
"JKS0157",24300000000,1944,1944,5,4,"ada","Jakarta Selatan",12500000,12500000,FALSE,FALSE,TRUE,TRUE,FALSE,FALSE,TRUE
"JKS0158",8000000000,380,450,5,5,"ada","Jakarta Selatan",21052631.58,17777777.78,FALSE,FALSE,FALSE,FALSE,FALSE,FALSE,FALSE
"JKS0159",18900000000,470,660,4,4,"tidak_ada","Jakarta Selatan",40212765.96,28636363.64,FALSE,FALSE,FALSE,FALSE,FALSE,FALSE,FALSE
"JKS0160",3200000000,78,65,3,2,"ada","Jakarta Selatan",41025641.03,49230769.23,FALSE,FALSE,FALSE,FALSE,FALSE,FALSE,FALSE
"JKS0161",21900000000,377,260,6,5,"ada","Jakarta Selatan",58090185.68,84230769.23,FALSE,FALSE,FALSE,FALSE,FALSE,FALSE,FALSE
"JKS0162",5600000000,269,300,4,4,"ada","Jakarta Selatan",20817843.87,18666666.67,FALSE,FALSE,FALSE,FALSE,FALSE,FALSE,FALSE
"JKS0163",5000000000,176,400,5,2,"ada","Jakarta Selatan",28409090.91,12500000,FALSE,FALSE,FALSE,FALSE,FALSE,FALSE,FALSE
"JKS0164",4800000000,276,200,4,3,"ada","Jakarta Selatan",17391304.35,24000000,FALSE,FALSE,FALSE,FALSE,FALSE,FALSE,FALSE
"JKS0165",17000000000,663,530,7,8,"ada","Jakarta Selatan",25641025.64,32075471.7,FALSE,FALSE,FALSE,FALSE,TRUE,TRUE,TRUE
"JKS0166",7800000000,250,300,4,4,"ada","Jakarta Selatan",31200000,26000000,FALSE,FALSE,FALSE,FALSE,FALSE,FALSE,FALSE
"JKS0167",15000000000,755,416,7,6,"ada","Jakarta Selatan",19867549.67,36057692.31,FALSE,FALSE,FALSE,FALSE,TRUE,TRUE,TRUE
"JKS0168",13500000000,384,450,4,4,"ada","Jakarta Selatan",35156250,30000000,FALSE,FALSE,FALSE,FALSE,FALSE,FALSE,FALSE
"JKS0169",26500000000,1047,500,5,3,"ada","Jakarta Selatan",25310410.7,53000000,FALSE,FALSE,FALSE,FALSE,FALSE,FALSE,FALSE
"JKS0170",7500000000,170,300,4,3,"ada","Jakarta Selatan",44117647.06,25000000,FALSE,FALSE,FALSE,FALSE,FALSE,FALSE,FALSE
"JKS0171",11900000000,239,568,4,4,"ada","Jakarta Selatan",49790794.98,20950704.23,FALSE,FALSE,FALSE,FALSE,FALSE,FALSE,FALSE
"JKS0172",17500000000,477,520,4,3,"ada","Jakarta Selatan",36687631.03,33653846.15,FALSE,FALSE,FALSE,FALSE,FALSE,FALSE,FALSE
"JKS0173",15500000000,633,530,5,3,"ada","Jakarta Selatan",24486571.88,29245283.02,FALSE,FALSE,FALSE,FALSE,FALSE,FALSE,FALSE
"JKS0174",5500000000,188,314,4,4,"ada","Jakarta Selatan",29255319.15,17515923.57,FALSE,FALSE,FALSE,FALSE,FALSE,FALSE,FALSE
"JKS0175",9900000000,741,411,5,5,"ada","Jakarta Selatan",13360323.89,24087591.24,FALSE,FALSE,FALSE,FALSE,FALSE,FALSE,FALSE
"JKS0176",8650000000,225,518,4,4,"ada","Jakarta Selatan",38444444.44,16698841.7,FALSE,FALSE,FALSE,FALSE,FALSE,FALSE,FALSE
"JKS0177",3650000000,78,185,3,3,"ada","Jakarta Selatan",46794871.79,19729729.73,FALSE,FALSE,FALSE,FALSE,FALSE,FALSE,FALSE
"JKS0178",18500000000,660,600,5,4,"ada","Jakarta Selatan",28030303.03,30833333.33,FALSE,FALSE,FALSE,FALSE,FALSE,FALSE,FALSE
"JKS0179",3600000000,164,150,4,4,"ada","Jakarta Selatan",21951219.51,24000000,FALSE,FALSE,FALSE,FALSE,FALSE,FALSE,FALSE
"JKS0180",3400000000,95,156,4,3,"ada","Jakarta Selatan",35789473.68,21794871.79,FALSE,FALSE,FALSE,FALSE,FALSE,FALSE,FALSE
"JKS0181",18000000000,786,1000,6,7,"ada","Jakarta Selatan",22900763.36,18000000,FALSE,FALSE,FALSE,FALSE,FALSE,TRUE,TRUE
"JKS0182",17900000000,450,400,4,3,"ada","Jakarta Selatan",39777777.78,44750000,FALSE,FALSE,FALSE,FALSE,FALSE,FALSE,FALSE
"JKS0183",4500000000,124,184,3,3,"tidak_ada","Jakarta Selatan",36290322.58,24456521.74,FALSE,FALSE,FALSE,FALSE,FALSE,FALSE,FALSE
"JKS0184",4500000000,300,235,4,4,"ada","Jakarta Selatan",15000000,19148936.17,FALSE,FALSE,FALSE,FALSE,FALSE,FALSE,FALSE
"JKS0185",18000000000,600,500,6,6,"ada","Jakarta Selatan",30000000,36000000,FALSE,FALSE,FALSE,FALSE,FALSE,TRUE,TRUE
"JKS0186",15000000000,741,750,5,5,"ada","Jakarta Selatan",20242914.98,20000000,FALSE,FALSE,FALSE,FALSE,FALSE,FALSE,FALSE
"JKS0187",4000000000,117,221,4,3,"ada","Jakarta Selatan",34188034.19,18099547.51,FALSE,FALSE,FALSE,FALSE,FALSE,FALSE,FALSE
"JKS0188",20980000000,959,455,6,5,"ada","Jakarta Selatan",21876955.16,46109890.11,FALSE,FALSE,FALSE,FALSE,FALSE,FALSE,FALSE
"JKS0189",25000000000,1100,550,5,4,"ada","Jakarta Selatan",22727272.73,45454545.45,FALSE,FALSE,FALSE,FALSE,FALSE,FALSE,FALSE
"JKS0190",11500000000,400,416,5,3,"ada","Jakarta Selatan",28750000,27644230.77,FALSE,FALSE,FALSE,FALSE,FALSE,FALSE,FALSE
"JKS0191",11510000000,233,544,7,7,"tidak_ada","Jakarta Selatan",49399141.63,21158088.24,FALSE,FALSE,FALSE,FALSE,TRUE,TRUE,TRUE
"JKS0192",3600000000,78,185,4,4,"tidak_ada","Jakarta Selatan",46153846.15,19459459.46,FALSE,FALSE,FALSE,FALSE,FALSE,FALSE,FALSE
"JKS0193",15000000000,250,460,4,4,"ada","Jakarta Selatan",60000000,32608695.65,FALSE,FALSE,FALSE,FALSE,FALSE,FALSE,FALSE
"JKS0194",17500000000,518,450,5,7,"ada","Jakarta Selatan",33783783.78,38888888.89,FALSE,FALSE,FALSE,FALSE,FALSE,TRUE,TRUE
"JKS0195",8000000000,350,350,2,1,"tidak_ada","Jakarta Selatan",22857142.86,22857142.86,FALSE,FALSE,FALSE,FALSE,TRUE,TRUE,TRUE
"JKS0196",20000000000,550,600,5,5,"ada","Jakarta Selatan",36363636.36,33333333.33,FALSE,FALSE,FALSE,FALSE,FALSE,FALSE,FALSE
"JKS0197",30000000000,555,527,8,6,"ada","Jakarta Selatan",54054054.05,56925996.2,FALSE,FALSE,FALSE,FALSE,TRUE,TRUE,TRUE
"JKS0198",27000000000,670,650,4,4,"ada","Jakarta Selatan",40298507.46,41538461.54,FALSE,FALSE,FALSE,FALSE,FALSE,FALSE,FALSE
"JKS0199",20000000000,1040,600,4,3,"ada","Jakarta Selatan",19230769.23,33333333.33,FALSE,FALSE,FALSE,FALSE,FALSE,FALSE,FALSE
"JKS0200",15750000000,598,243,4,4,"ada","Jakarta Selatan",26337792.64,64814814.81,FALSE,FALSE,FALSE,FALSE,FALSE,FALSE,FALSE
"JKS0201",34500000000,974,800,5,6,"ada","Jakarta Selatan",35420944.56,43125000,FALSE,FALSE,FALSE,FALSE,FALSE,TRUE,TRUE
"JKS0202",4300000000,124,184,3,3,"ada","Jakarta Selatan",34677419.35,23369565.22,FALSE,FALSE,FALSE,FALSE,FALSE,FALSE,FALSE
"JKS0203",8500000000,230,310,5,3,"tidak_ada","Jakarta Selatan",36956521.74,27419354.84,FALSE,FALSE,FALSE,FALSE,FALSE,FALSE,FALSE
"JKS0204",9500000000,225,400,3,3,"ada","Jakarta Selatan",42222222.22,23750000,FALSE,FALSE,FALSE,FALSE,FALSE,FALSE,FALSE
"JKS0205",19000000000,520,500,5,5,"ada","Jakarta Selatan",36538461.54,38000000,FALSE,FALSE,FALSE,FALSE,FALSE,FALSE,FALSE
"JKS0206",13000000000,208,458,4,3,"ada","Jakarta Selatan",62500000,28384279.48,FALSE,FALSE,FALSE,FALSE,FALSE,FALSE,FALSE
"JKS0207",13000000000,616,600,5,4,"ada","Jakarta Selatan",21103896.1,21666666.67,FALSE,FALSE,FALSE,FALSE,FALSE,FALSE,FALSE
"JKS0208",20000000000,890,600,5,5,"ada","Jakarta Selatan",22471910.11,33333333.33,FALSE,FALSE,FALSE,FALSE,FALSE,FALSE,FALSE
"JKS0209",7500000000,186,380,3,3,"ada","Jakarta Selatan",40322580.65,19736842.11,FALSE,FALSE,FALSE,FALSE,FALSE,FALSE,FALSE
"JKS0210",6150000000,158,400,3,3,"ada","Jakarta Selatan",38924050.63,15375000,FALSE,FALSE,FALSE,FALSE,FALSE,FALSE,FALSE
"JKS0211",10500000000,500,700,4,4,"ada","Jakarta Selatan",21000000,15000000,FALSE,FALSE,FALSE,FALSE,FALSE,FALSE,FALSE
"JKS0212",55000000000,1475,1200,5,6,"ada","Jakarta Selatan",37288135.59,45833333.33,FALSE,TRUE,TRUE,TRUE,FALSE,TRUE,TRUE
"JKS0213",19000000000,358,635,4,5,"ada","Jakarta Selatan",53072625.7,29921259.84,FALSE,FALSE,FALSE,FALSE,FALSE,FALSE,FALSE
"JKS0214",13900000000,450,248,4,4,"ada","Jakarta Selatan",30888888.89,56048387.1,FALSE,FALSE,FALSE,FALSE,FALSE,FALSE,FALSE
"JKS0215",29500000000,923,429,9,5,"tidak_ada","Jakarta Selatan",31960996.75,68764568.76,FALSE,FALSE,FALSE,FALSE,TRUE,FALSE,TRUE
"JKS0216",60000000000,1500,1200,6,6,"ada","Jakarta Selatan",40000000,50000000,FALSE,TRUE,TRUE,TRUE,FALSE,TRUE,TRUE
"JKS0217",13000000000,314,450,4,4,"ada","Jakarta Selatan",41401273.89,28888888.89,FALSE,FALSE,FALSE,FALSE,FALSE,FALSE,FALSE
"JKS0218",16000000000,895,420,5,5,"ada","Jakarta Selatan",17877094.97,38095238.1,FALSE,FALSE,FALSE,FALSE,FALSE,FALSE,FALSE
"JKS0219",18000000000,968,600,4,3,"ada","Jakarta Selatan",18595041.32,30000000,FALSE,FALSE,FALSE,FALSE,FALSE,FALSE,FALSE
"JKS0220",30000000000,1000,800,5,6,"ada","Jakarta Selatan",30000000,37500000,FALSE,FALSE,FALSE,FALSE,FALSE,TRUE,TRUE
"JKS0221",47000000000,1375,1400,5,5,"ada","Jakarta Selatan",34181818.18,33571428.57,FALSE,TRUE,FALSE,TRUE,FALSE,FALSE,TRUE
"JKS0222",6000000000,206,300,4,4,"ada","Jakarta Selatan",29126213.59,20000000,FALSE,FALSE,FALSE,FALSE,FALSE,FALSE,FALSE
"JKS0223",9550000000,251,288,4,5,"tidak_ada","Jakarta Selatan",38047808.76,33159722.22,FALSE,FALSE,FALSE,FALSE,FALSE,FALSE,FALSE
"JKS0224",32000000000,973,1100,5,5,"ada","Jakarta Selatan",32887975.33,29090909.09,FALSE,FALSE,FALSE,TRUE,FALSE,FALSE,TRUE
"JKS0225",19000000000,435,650,4,4,"ada","Jakarta Selatan",43678160.92,29230769.23,FALSE,FALSE,FALSE,FALSE,FALSE,FALSE,FALSE
"JKS0226",17000000000,624,557,6,5,"tidak_ada","Jakarta Selatan",27243589.74,30520646.32,FALSE,FALSE,FALSE,FALSE,FALSE,FALSE,FALSE
"JKS0227",19000000000,870,700,6,4,"ada","Jakarta Selatan",21839080.46,27142857.14,FALSE,FALSE,FALSE,FALSE,FALSE,FALSE,FALSE
"JKS0228",14700000000,474,455,4,5,"ada","Jakarta Selatan",31012658.23,32307692.31,FALSE,FALSE,FALSE,FALSE,FALSE,FALSE,FALSE
"JKS0229",13800000000,260,360,6,5,"ada","Jakarta Selatan",53076923.08,38333333.33,FALSE,FALSE,FALSE,FALSE,FALSE,FALSE,FALSE
"JKS0230",15000000000,450,400,4,3,"tidak_ada","Jakarta Selatan",33333333.33,37500000,FALSE,FALSE,FALSE,FALSE,FALSE,FALSE,FALSE
"JKS0231",10000000000,160,250,3,4,"ada","Jakarta Selatan",62500000,40000000,FALSE,FALSE,FALSE,FALSE,FALSE,FALSE,FALSE
"JKS0232",6250000000,150,440,3,2,"ada","Jakarta Selatan",41666666.67,14204545.45,FALSE,FALSE,FALSE,FALSE,FALSE,FALSE,FALSE
"JKS0233",7800000000,200,390,4,4,"ada","Jakarta Selatan",39000000,20000000,FALSE,FALSE,FALSE,FALSE,FALSE,FALSE,FALSE
"JKS0234",6800000000,137,285,4,3,"ada","Jakarta Selatan",49635036.5,23859649.12,FALSE,FALSE,FALSE,FALSE,FALSE,FALSE,FALSE
"JKS0235",15000000000,398,500,5,4,"ada","Jakarta Selatan",37688442.21,30000000,FALSE,FALSE,FALSE,FALSE,FALSE,FALSE,FALSE
"JKS0236",19000000000,916,1000,5,7,"tidak_ada","Jakarta Selatan",20742358.08,19000000,FALSE,FALSE,FALSE,FALSE,FALSE,TRUE,TRUE
"JKS0237",6750000000,217,193,4,4,"tidak_ada","Jakarta Selatan",31105990.78,34974093.26,FALSE,FALSE,FALSE,FALSE,FALSE,FALSE,FALSE
"JKS0238",28000000000,330,300,3,3,"ada","Jakarta Selatan",84848484.85,93333333.33,FALSE,FALSE,FALSE,FALSE,FALSE,FALSE,FALSE
"JKS0239",17000000000,921,310,3,3,"ada","Jakarta Selatan",18458197.61,54838709.68,FALSE,FALSE,FALSE,FALSE,FALSE,FALSE,FALSE
"JKS0240",11900000000,260,365,4,4,"ada","Jakarta Selatan",45769230.77,32602739.73,FALSE,FALSE,FALSE,FALSE,FALSE,FALSE,FALSE
"JKS0241",9530000000,150,523,3,3,"tidak_ada","Jakarta Selatan",63533333.33,18221797.32,FALSE,FALSE,FALSE,FALSE,FALSE,FALSE,FALSE
"JKS0242",10400000000,282,280,4,3,"ada","Jakarta Selatan",36879432.62,37142857.14,FALSE,FALSE,FALSE,FALSE,FALSE,FALSE,FALSE
"JKS0243",6500000000,138,290,4,3,"ada","Jakarta Selatan",47101449.28,22413793.1,FALSE,FALSE,FALSE,FALSE,FALSE,FALSE,FALSE
"JKS0244",15000000000,658,500,3,3,"ada","Jakarta Selatan",22796352.58,30000000,FALSE,FALSE,FALSE,FALSE,FALSE,FALSE,FALSE
"JKS0245",6000000000,200,272,4,4,"ada","Jakarta Selatan",30000000,22058823.53,FALSE,FALSE,FALSE,FALSE,FALSE,FALSE,FALSE
"JKS0246",6900000000,137,315,3,2,"ada","Jakarta Selatan",50364963.5,21904761.9,FALSE,FALSE,FALSE,FALSE,FALSE,FALSE,FALSE
"JKS0247",16000000000,521,470,7,6,"ada","Jakarta Selatan",30710172.74,34042553.19,FALSE,FALSE,FALSE,FALSE,TRUE,TRUE,TRUE
"JKS0248",19000000000,400,788,4,3,"ada","Jakarta Selatan",47500000,24111675.13,FALSE,FALSE,FALSE,FALSE,FALSE,FALSE,FALSE
"JKS0249",25000000000,865,450,4,4,"ada","Jakarta Selatan",28901734.1,55555555.56,FALSE,FALSE,FALSE,FALSE,FALSE,FALSE,FALSE
"JKS0250",15500000000,1100,600,4,4,"ada","Jakarta Selatan",14090909.09,25833333.33,FALSE,FALSE,FALSE,FALSE,FALSE,FALSE,FALSE
"JKS0251",12600000000,540,800,5,4,"tidak_ada","Jakarta Selatan",23333333.33,15750000,FALSE,FALSE,FALSE,FALSE,FALSE,FALSE,FALSE
"JKS0252",7900000000,228,465,4,4,"ada","Jakarta Selatan",34649122.81,16989247.31,FALSE,FALSE,FALSE,FALSE,FALSE,FALSE,FALSE
"JKS0253",20000000000,462,645,5,5,"ada","Jakarta Selatan",43290043.29,31007751.94,FALSE,FALSE,FALSE,FALSE,FALSE,FALSE,FALSE
"JKS0254",5000000000,143,200,3,3,"ada","Jakarta Selatan",34965034.97,25000000,FALSE,FALSE,FALSE,FALSE,FALSE,FALSE,FALSE
"JKS0255",18000000000,1900,650,6,6,"ada","Jakarta Selatan",9473684.21,27692307.69,FALSE,FALSE,TRUE,FALSE,FALSE,TRUE,TRUE
"JKS0256",1100000000,90,180,3,3,"ada","Jakarta Selatan",12222222.22,6111111.11,FALSE,FALSE,FALSE,FALSE,FALSE,FALSE,FALSE
"JKS0257",6500000000,427,300,4,4,"ada","Jakarta Selatan",15222482.44,21666666.67,FALSE,FALSE,FALSE,FALSE,FALSE,FALSE,FALSE
"JKS0258",17000000000,407,850,6,5,"ada","Jakarta Selatan",41769041.77,20000000,FALSE,FALSE,FALSE,FALSE,FALSE,FALSE,FALSE
"JKS0259",6500000000,217,195,4,3,"ada","Jakarta Selatan",29953917.05,33333333.33,FALSE,FALSE,FALSE,FALSE,FALSE,FALSE,FALSE
"JKS0260",8500000000,307,400,4,5,"ada","Jakarta Selatan",27687296.42,21250000,FALSE,FALSE,FALSE,FALSE,FALSE,FALSE,FALSE
"JKS0261",13500000000,429,600,5,4,"ada","Jakarta Selatan",31468531.47,22500000,FALSE,FALSE,FALSE,FALSE,FALSE,FALSE,FALSE
"JKS0262",850000000,76,60,2,2,"tidak_ada","Jakarta Selatan",11184210.53,14166666.67,FALSE,FALSE,FALSE,FALSE,TRUE,FALSE,TRUE
"JKS0263",14000000000,460,500,5,4,"ada","Jakarta Selatan",30434782.61,28000000,FALSE,FALSE,FALSE,FALSE,FALSE,FALSE,FALSE
"JKS0264",11200000000,371,250,6,3,"ada","Jakarta Selatan",30188679.25,44800000,FALSE,FALSE,FALSE,FALSE,FALSE,FALSE,FALSE
"JKS0265",7700000000,200,373,4,3,"ada","Jakarta Selatan",38500000,20643431.64,FALSE,FALSE,FALSE,FALSE,FALSE,FALSE,FALSE
"JKS0266",10000000000,388,343,4,4,"ada","Jakarta Selatan",25773195.88,29154518.95,FALSE,FALSE,FALSE,FALSE,FALSE,FALSE,FALSE
"JKS0267",13500000000,282,380,4,4,"ada","Jakarta Selatan",47872340.43,35526315.79,FALSE,FALSE,FALSE,FALSE,FALSE,FALSE,FALSE
"JKS0268",13000000000,410,800,4,4,"tidak_ada","Jakarta Selatan",31707317.07,16250000,FALSE,FALSE,FALSE,FALSE,FALSE,FALSE,FALSE
"JKS0269",27000000000,660,800,5,4,"ada","Jakarta Selatan",40909090.91,33750000,FALSE,FALSE,FALSE,FALSE,FALSE,FALSE,FALSE
"JKS0270",27500000000,1068,300,5,3,"ada","Jakarta Selatan",25749063.67,91666666.67,FALSE,FALSE,FALSE,FALSE,FALSE,FALSE,FALSE
"JKS0271",17000000000,465,640,3,4,"tidak_ada","Jakarta Selatan",36559139.78,26562500,FALSE,FALSE,FALSE,FALSE,FALSE,FALSE,FALSE
"JKS0272",10000000000,475,600,5,5,"tidak_ada","Jakarta Selatan",21052631.58,16666666.67,FALSE,FALSE,FALSE,FALSE,FALSE,FALSE,FALSE
"JKS0273",6800000000,210,275,3,2,"ada","Jakarta Selatan",32380952.38,24727272.73,FALSE,FALSE,FALSE,FALSE,FALSE,FALSE,FALSE
"JKS0274",21000000000,754,500,4,4,"ada","Jakarta Selatan",27851458.89,42000000,FALSE,FALSE,FALSE,FALSE,FALSE,FALSE,FALSE
"JKS0275",25000000000,1340,600,8,5,"ada","Jakarta Selatan",18656716.42,41666666.67,FALSE,FALSE,FALSE,FALSE,TRUE,FALSE,TRUE
"JKS0276",16000000000,521,471,5,5,"ada","Jakarta Selatan",30710172.74,33970276.01,FALSE,FALSE,FALSE,FALSE,FALSE,FALSE,FALSE
"JKS0277",6000000000,329,500,5,3,"tidak_ada","Jakarta Selatan",18237082.07,12000000,FALSE,FALSE,FALSE,FALSE,FALSE,FALSE,FALSE
"JKS0278",21000000000,1018,600,4,4,"tidak_ada","Jakarta Selatan",20628683.69,35000000,FALSE,FALSE,FALSE,FALSE,FALSE,FALSE,FALSE
"JKS0279",33000000000,1100,450,4,4,"ada","Jakarta Selatan",30000000,73333333.33,FALSE,FALSE,FALSE,FALSE,FALSE,FALSE,FALSE
"JKS0280",2790000000,180,250,3,3,"ada","Jakarta Selatan",15500000,11160000,FALSE,FALSE,FALSE,FALSE,FALSE,FALSE,FALSE
"JKS0281",8500000000,307,400,7,6,"tidak_ada","Jakarta Selatan",27687296.42,21250000,FALSE,FALSE,FALSE,FALSE,TRUE,TRUE,TRUE
"JKS0282",1930000000,111,135,3,3,"tidak_ada","Jakarta Selatan",17387387.39,14296296.3,FALSE,FALSE,FALSE,FALSE,FALSE,FALSE,FALSE
"JKS0283",12750000000,500,400,4,3,"tidak_ada","Jakarta Selatan",25500000,31875000,FALSE,FALSE,FALSE,FALSE,FALSE,FALSE,FALSE
"JKS0284",5000000000,188,260,4,3,"ada","Jakarta Selatan",26595744.68,19230769.23,FALSE,FALSE,FALSE,FALSE,FALSE,FALSE,FALSE
"JKS0285",25000000000,1040,600,4,3,"tidak_ada","Jakarta Selatan",24038461.54,41666666.67,FALSE,FALSE,FALSE,FALSE,FALSE,FALSE,FALSE
"JKS0286",25000000000,1000,600,9,5,"ada","Jakarta Selatan",25000000,41666666.67,FALSE,FALSE,FALSE,FALSE,TRUE,FALSE,TRUE
"JKS0287",85500000000,1500,1300,5,5,"ada","Jakarta Selatan",57000000,65769230.77,FALSE,TRUE,TRUE,TRUE,FALSE,FALSE,TRUE
"JKS0288",5400000000,165,297,3,3,"ada","Jakarta Selatan",32727272.73,18181818.18,FALSE,FALSE,FALSE,FALSE,FALSE,FALSE,FALSE
"JKS0289",14000000000,380,350,6,4,"ada","Jakarta Selatan",36842105.26,40000000,FALSE,FALSE,FALSE,FALSE,FALSE,FALSE,FALSE
"JKS0290",5600000000,151,254,4,3,"ada","Jakarta Selatan",37086092.72,22047244.09,FALSE,FALSE,FALSE,FALSE,FALSE,FALSE,FALSE
"JKS0291",38000000000,1390,750,6,4,"tidak_ada","Jakarta Selatan",27338129.5,50666666.67,FALSE,FALSE,TRUE,FALSE,FALSE,FALSE,TRUE
"JKS0292",30000000000,557,400,4,3,"tidak_ada","Jakarta Selatan",53859964.09,75000000,FALSE,FALSE,FALSE,FALSE,FALSE,FALSE,FALSE
"JKS0293",39500000000,1960,900,5,4,"ada","Jakarta Selatan",20153061.22,43888888.89,FALSE,FALSE,TRUE,FALSE,FALSE,FALSE,TRUE
"JKS0294",15000000000,395,460,4,4,"ada","Jakarta Selatan",37974683.54,32608695.65,FALSE,FALSE,FALSE,FALSE,FALSE,FALSE,FALSE
"JKS0295",13000000000,235,623,5,5,"tidak_ada","Jakarta Selatan",55319148.94,20866773.68,FALSE,FALSE,FALSE,FALSE,FALSE,FALSE,FALSE
"JKS0296",8500000000,434,380,5,2,"tidak_ada","Jakarta Selatan",19585253.46,22368421.05,FALSE,FALSE,FALSE,FALSE,FALSE,FALSE,FALSE
"JKS0297",45000000000,836,600,4,4,"ada","Jakarta Selatan",53827751.2,75000000,FALSE,TRUE,FALSE,FALSE,FALSE,FALSE,TRUE
"JKS0298",10000000000,230,350,3,2,"ada","Jakarta Selatan",43478260.87,28571428.57,FALSE,FALSE,FALSE,FALSE,FALSE,FALSE,FALSE
"JKS0299",20000000000,425,500,5,4,"ada","Jakarta Selatan",47058823.53,40000000,FALSE,FALSE,FALSE,FALSE,FALSE,FALSE,FALSE
"JKS0300",24000000000,832,650,4,1,"tidak_ada","Jakarta Selatan",28846153.85,36923076.92,FALSE,FALSE,FALSE,FALSE,FALSE,TRUE,TRUE
"JKS0301",23000000000,800,400,4,4,"ada","Jakarta Selatan",28750000,57500000,FALSE,FALSE,FALSE,FALSE,FALSE,FALSE,FALSE
"JKS0302",9000000000,256,245,4,4,"tidak_ada","Jakarta Selatan",35156250,36734693.88,FALSE,FALSE,FALSE,FALSE,FALSE,FALSE,FALSE
"JKS0303",1350000000,72,150,3,3,"tidak_ada","Jakarta Selatan",18750000,9000000,FALSE,FALSE,FALSE,FALSE,FALSE,FALSE,FALSE
"JKS0304",23000000000,800,500,5,4,"tidak_ada","Jakarta Selatan",28750000,46000000,FALSE,FALSE,FALSE,FALSE,FALSE,FALSE,FALSE
"JKS0305",14000000000,464,350,4,3,"ada","Jakarta Selatan",30172413.79,40000000,FALSE,FALSE,FALSE,FALSE,FALSE,FALSE,FALSE
"JKS0306",15000000000,733,140,2,2,"tidak_ada","Jakarta Selatan",20463847.2,107142857.14,FALSE,FALSE,FALSE,FALSE,TRUE,FALSE,TRUE
"JKS0307",6500000000,500,400,17,18,"ada","Jakarta Selatan",13000000,16250000,FALSE,FALSE,FALSE,FALSE,TRUE,TRUE,TRUE
"JKS0308",6800000000,376,352,5,5,"tidak_ada","Jakarta Selatan",18085106.38,19318181.82,FALSE,FALSE,FALSE,FALSE,FALSE,FALSE,FALSE
"JKS0309",10500000000,320,360,6,4,"ada","Jakarta Selatan",32812500,29166666.67,FALSE,FALSE,FALSE,FALSE,FALSE,FALSE,FALSE
"JKS0310",20000000000,442,600,3,4,"ada","Jakarta Selatan",45248868.78,33333333.33,FALSE,FALSE,FALSE,FALSE,FALSE,FALSE,FALSE
"JKS0311",16000000000,895,420,5,4,"ada","Jakarta Selatan",17877094.97,38095238.1,FALSE,FALSE,FALSE,FALSE,FALSE,FALSE,FALSE
"JKS0312",15000000000,400,500,4,4,"tidak_ada","Jakarta Selatan",37500000,30000000,FALSE,FALSE,FALSE,FALSE,FALSE,FALSE,FALSE
"JKS0313",9000000000,240,380,3,3,"ada","Jakarta Selatan",37500000,23684210.53,FALSE,FALSE,FALSE,FALSE,FALSE,FALSE,FALSE
"JKS0314",33000000000,1750,700,6,6,"ada","Jakarta Selatan",18857142.86,47142857.14,FALSE,FALSE,TRUE,FALSE,FALSE,TRUE,TRUE
"JKS0315",6200000000,450,550,4,4,"ada","Jakarta Selatan",13777777.78,11272727.27,FALSE,FALSE,FALSE,FALSE,FALSE,FALSE,FALSE
"JKS0316",40000000000,600,500,8,5,"ada","Jakarta Selatan",66666666.67,80000000,FALSE,TRUE,FALSE,FALSE,TRUE,FALSE,TRUE
"JKS0317",14500000000,240,450,4,4,"ada","Jakarta Selatan",60416666.67,32222222.22,FALSE,FALSE,FALSE,FALSE,FALSE,FALSE,FALSE
"JKS0318",25000000000,900,600,4,3,"tidak_ada","Jakarta Selatan",27777777.78,41666666.67,FALSE,FALSE,FALSE,FALSE,FALSE,FALSE,FALSE
"JKS0319",6200000000,376,352,4,2,"ada","Jakarta Selatan",16489361.7,17613636.36,FALSE,FALSE,FALSE,FALSE,FALSE,FALSE,FALSE
"JKS0320",38000000000,2880,1000,7,6,"ada","Jakarta Selatan",13194444.44,38000000,FALSE,FALSE,TRUE,FALSE,TRUE,TRUE,TRUE
"JKS0321",9000000000,350,650,4,3,"ada","Jakarta Selatan",25714285.71,13846153.85,FALSE,FALSE,FALSE,FALSE,FALSE,FALSE,FALSE
"JKS0322",7000000000,251,325,3,3,"tidak_ada","Jakarta Selatan",27888446.22,21538461.54,FALSE,FALSE,FALSE,FALSE,FALSE,FALSE,FALSE
"JKS0323",9900000000,452,200,3,2,"ada","Jakarta Selatan",21902654.87,49500000,FALSE,FALSE,FALSE,FALSE,FALSE,FALSE,FALSE
"JKS0324",15000000000,291,400,4,4,"ada","Jakarta Selatan",51546391.75,37500000,FALSE,FALSE,FALSE,FALSE,FALSE,FALSE,FALSE
"JKS0325",16000000000,445,1200,6,6,"ada","Jakarta Selatan",35955056.18,13333333.33,FALSE,FALSE,FALSE,TRUE,FALSE,TRUE,TRUE
"JKS0326",9000000000,300,300,4,3,"ada","Jakarta Selatan",30000000,30000000,FALSE,FALSE,FALSE,FALSE,FALSE,FALSE,FALSE
"JKS0327",25000000000,700,500,4,4,"ada","Jakarta Selatan",35714285.71,50000000,FALSE,FALSE,FALSE,FALSE,FALSE,FALSE,FALSE
"JKS0328",10000000000,468,410,4,3,"ada","Jakarta Selatan",21367521.37,24390243.9,FALSE,FALSE,FALSE,FALSE,FALSE,FALSE,FALSE
"JKS0329",9500000000,350,430,4,4,"tidak_ada","Jakarta Selatan",27142857.14,22093023.26,FALSE,FALSE,FALSE,FALSE,FALSE,FALSE,FALSE
"JKS0330",30000000000,778,320,3,2,"tidak_ada","Jakarta Selatan",38560411.31,93750000,FALSE,FALSE,FALSE,FALSE,FALSE,FALSE,FALSE
"JKS0331",15000000000,923,900,5,4,"tidak_ada","Jakarta Selatan",16251354.28,16666666.67,FALSE,FALSE,FALSE,FALSE,FALSE,FALSE,FALSE
"JKS0332",20000000000,1050,650,4,4,"ada","Jakarta Selatan",19047619.05,30769230.77,FALSE,FALSE,FALSE,FALSE,FALSE,FALSE,FALSE
"JKS0333",15000000000,530,633,4,3,"tidak_ada","Jakarta Selatan",28301886.79,23696682.46,FALSE,FALSE,FALSE,FALSE,FALSE,FALSE,FALSE
"JKS0334",5900000000,188,314,4,4,"tidak_ada","Jakarta Selatan",31382978.72,18789808.92,FALSE,FALSE,FALSE,FALSE,FALSE,FALSE,FALSE
"JKS0335",185000000000,6790,10000,5,5,"ada","Jakarta Selatan",27245949.93,18500000,FALSE,TRUE,TRUE,TRUE,FALSE,FALSE,TRUE
"JKS0336",17800000000,430,500,4,4,"ada","Jakarta Selatan",41395348.84,35600000,FALSE,FALSE,FALSE,FALSE,FALSE,FALSE,FALSE
"JKS0337",11500000000,375,400,5,4,"ada","Jakarta Selatan",30666666.67,28750000,FALSE,FALSE,FALSE,FALSE,FALSE,FALSE,FALSE
"JKS0338",12000000000,340,600,11,11,"ada","Jakarta Selatan",35294117.65,20000000,FALSE,FALSE,FALSE,FALSE,TRUE,TRUE,TRUE
"JKS0339",50000000000,325,500,3,3,"ada","Jakarta Selatan",153846153.85,100000000,FALSE,TRUE,FALSE,FALSE,FALSE,FALSE,TRUE
"JKS0340",7900000000,266,475,4,4,"ada","Jakarta Selatan",29699248.12,16631578.95,FALSE,FALSE,FALSE,FALSE,FALSE,FALSE,FALSE
"JKS0341",7000000000,250,280,3,3,"ada","Jakarta Selatan",28000000,25000000,FALSE,FALSE,FALSE,FALSE,FALSE,FALSE,FALSE
"JKS0342",7000000000,230,400,4,4,"ada","Jakarta Selatan",30434782.61,17500000,FALSE,FALSE,FALSE,FALSE,FALSE,FALSE,FALSE
"JKS0343",20000000000,600,890,6,6,"ada","Jakarta Selatan",33333333.33,22471910.11,FALSE,FALSE,FALSE,FALSE,FALSE,TRUE,TRUE
"JKS0344",11000000000,575,210,4,3,"ada","Jakarta Selatan",19130434.78,52380952.38,FALSE,FALSE,FALSE,FALSE,FALSE,FALSE,FALSE
"JKS0345",22000000000,1860,400,4,4,"ada","Jakarta Selatan",11827956.99,55000000,FALSE,FALSE,TRUE,FALSE,FALSE,FALSE,TRUE
"JKS0346",20000000000,610,1000,6,6,"tidak_ada","Jakarta Selatan",32786885.25,20000000,FALSE,FALSE,FALSE,FALSE,FALSE,TRUE,TRUE
"JKS0347",16000000000,835,600,5,5,"tidak_ada","Jakarta Selatan",19161676.65,26666666.67,FALSE,FALSE,FALSE,FALSE,FALSE,FALSE,FALSE
"JKS0348",8750000000,158,400,3,3,"ada","Jakarta Selatan",55379746.84,21875000,FALSE,FALSE,FALSE,FALSE,FALSE,FALSE,FALSE
"JKS0349",39000000000,1900,1000,6,5,"tidak_ada","Jakarta Selatan",20526315.79,39000000,FALSE,FALSE,TRUE,FALSE,FALSE,FALSE,TRUE
"JKS0350",10500000000,424,313,7,4,"ada","Jakarta Selatan",24764150.94,33546325.88,FALSE,FALSE,FALSE,FALSE,TRUE,FALSE,TRUE
"JKS0351",14000000000,651,350,5,3,"ada","Jakarta Selatan",21505376.34,40000000,FALSE,FALSE,FALSE,FALSE,FALSE,FALSE,FALSE
"JKS0352",11000000000,400,225,4,3,"ada","Jakarta Selatan",27500000,48888888.89,FALSE,FALSE,FALSE,FALSE,FALSE,FALSE,FALSE
"JKS0353",24000000000,354,350,3,3,"ada","Jakarta Selatan",67796610.17,68571428.57,FALSE,FALSE,FALSE,FALSE,FALSE,FALSE,FALSE
"JKS0354",14500000000,600,500,5,4,"ada","Jakarta Selatan",24166666.67,29000000,FALSE,FALSE,FALSE,FALSE,FALSE,FALSE,FALSE
"JKS0355",8500000000,200,400,4,4,"ada","Jakarta Selatan",42500000,21250000,FALSE,FALSE,FALSE,FALSE,FALSE,FALSE,FALSE
"JKS0356",9900000000,611,500,7,4,"ada","Jakarta Selatan",16202945.99,19800000,FALSE,FALSE,FALSE,FALSE,TRUE,FALSE,TRUE
"JKS0357",21000000000,557,882,5,4,"ada","Jakarta Selatan",37701974.87,23809523.81,FALSE,FALSE,FALSE,FALSE,FALSE,FALSE,FALSE
"JKS0358",6000000000,144,250,4,3,"ada","Jakarta Selatan",41666666.67,24000000,FALSE,FALSE,FALSE,FALSE,FALSE,FALSE,FALSE
"JKS0359",14000000000,661,800,4,4,"tidak_ada","Jakarta Selatan",21180030.26,17500000,FALSE,FALSE,FALSE,FALSE,FALSE,FALSE,FALSE
"JKS0360",12900000000,539,610,4,4,"ada","Jakarta Selatan",23933209.65,21147540.98,FALSE,FALSE,FALSE,FALSE,FALSE,FALSE,FALSE
"JKS0361",17640000000,503,541,4,3,"ada","Jakarta Selatan",35069582.5,32606284.66,FALSE,FALSE,FALSE,FALSE,FALSE,FALSE,FALSE
"JKS0362",12000000000,600,500,4,4,"ada","Jakarta Selatan",20000000,24000000,FALSE,FALSE,FALSE,FALSE,FALSE,FALSE,FALSE
"JKS0363",10000000000,237,250,4,3,"ada","Jakarta Selatan",42194092.83,40000000,FALSE,FALSE,FALSE,FALSE,FALSE,FALSE,FALSE
"JKS0364",3790000000,248,248,4,2,"tidak_ada","Jakarta Selatan",15282258.06,15282258.06,FALSE,FALSE,FALSE,FALSE,FALSE,FALSE,FALSE
"JKS0365",9000000000,600,400,4,3,"tidak_ada","Jakarta Selatan",15000000,22500000,FALSE,FALSE,FALSE,FALSE,FALSE,FALSE,FALSE
"JKS0366",250000000000,6000,1500,5,5,"ada","Jakarta Selatan",41666666.67,166666666.67,FALSE,TRUE,TRUE,TRUE,FALSE,FALSE,TRUE
"JKS0367",9500000000,274,258,3,3,"ada","Jakarta Selatan",34671532.85,36821705.43,FALSE,FALSE,FALSE,FALSE,FALSE,FALSE,FALSE
"JKS0368",8250000000,159,278,3,3,"ada","Jakarta Selatan",51886792.45,29676258.99,FALSE,FALSE,FALSE,FALSE,FALSE,FALSE,FALSE
"JKS0369",4300000000,123,190,3,3,"tidak_ada","Jakarta Selatan",34959349.59,22631578.95,FALSE,FALSE,FALSE,FALSE,FALSE,FALSE,FALSE
"JKS0370",4300000000,152,230,4,2,"tidak_ada","Jakarta Selatan",28289473.68,18695652.17,FALSE,FALSE,FALSE,FALSE,FALSE,FALSE,FALSE
"JKS0371",5620000000,122,311,3,3,"ada","Jakarta Selatan",46065573.77,18070739.55,FALSE,FALSE,FALSE,FALSE,FALSE,FALSE,FALSE
"JKS0372",3250000000,240,200,3,3,"ada","Jakarta Selatan",13541666.67,16250000,FALSE,FALSE,FALSE,FALSE,FALSE,FALSE,FALSE
"JKS0373",6500000000,144,285,4,3,"ada","Jakarta Selatan",45138888.89,22807017.54,FALSE,FALSE,FALSE,FALSE,FALSE,FALSE,FALSE
"JKS0374",25000000000,1020,800,5,3,"ada","Jakarta Selatan",24509803.92,31250000,FALSE,FALSE,FALSE,FALSE,FALSE,FALSE,FALSE
"JKS0375",23000000000,752,400,4,3,"ada","Jakarta Selatan",30585106.38,57500000,FALSE,FALSE,FALSE,FALSE,FALSE,FALSE,FALSE
"JKS0376",17700000000,860,750,5,4,"ada","Jakarta Selatan",20581395.35,23600000,FALSE,FALSE,FALSE,FALSE,FALSE,FALSE,FALSE
"JKS0377",7700000000,190,300,3,2,"ada","Jakarta Selatan",40526315.79,25666666.67,FALSE,FALSE,FALSE,FALSE,FALSE,FALSE,FALSE
"JKS0378",16000000000,465,640,4,4,"ada","Jakarta Selatan",34408602.15,25000000,FALSE,FALSE,FALSE,FALSE,FALSE,FALSE,FALSE
"JKS0379",15000000000,500,765,4,4,"ada","Jakarta Selatan",30000000,19607843.14,FALSE,FALSE,FALSE,FALSE,FALSE,FALSE,FALSE
"JKS0380",25000000000,685,450,4,4,"ada","Jakarta Selatan",36496350.36,55555555.56,FALSE,FALSE,FALSE,FALSE,FALSE,FALSE,FALSE
"JKS0381",20000000000,910,450,5,4,"ada","Jakarta Selatan",21978021.98,44444444.44,FALSE,FALSE,FALSE,FALSE,FALSE,FALSE,FALSE
"JKS0382",15000000000,580,220,4,3,"tidak_ada","Jakarta Selatan",25862068.97,68181818.18,FALSE,FALSE,FALSE,FALSE,FALSE,FALSE,FALSE
"JKS0383",8500000000,246,221,3,3,"ada","Jakarta Selatan",34552845.53,38461538.46,FALSE,FALSE,FALSE,FALSE,FALSE,FALSE,FALSE
"JKS0384",4000000000,125,125,3,3,"ada","Jakarta Selatan",32000000,32000000,FALSE,FALSE,FALSE,FALSE,FALSE,FALSE,FALSE
"JKS0385",11500000000,400,300,3,3,"ada","Jakarta Selatan",28750000,38333333.33,FALSE,FALSE,FALSE,FALSE,FALSE,FALSE,FALSE
"JKS0386",27500000000,1010,605,6,6,"ada","Jakarta Selatan",27227722.77,45454545.45,FALSE,FALSE,FALSE,FALSE,FALSE,TRUE,TRUE
"JKS0387",6000000000,182,500,4,3,"ada","Jakarta Selatan",32967032.97,12000000,FALSE,FALSE,FALSE,FALSE,FALSE,FALSE,FALSE
"JKS0388",17500000000,477,550,4,4,"ada","Jakarta Selatan",36687631.03,31818181.82,FALSE,FALSE,FALSE,FALSE,FALSE,FALSE,FALSE
"JKS0389",17000000000,300,475,5,4,"ada","Jakarta Selatan",56666666.67,35789473.68,FALSE,FALSE,FALSE,FALSE,FALSE,FALSE,FALSE
"JKS0390",7500000000,259,410,4,3,"ada","Jakarta Selatan",28957528.96,18292682.93,FALSE,FALSE,FALSE,FALSE,FALSE,FALSE,FALSE
"JKS0391",28000000000,572,450,8,7,"ada","Jakarta Selatan",48951048.95,62222222.22,FALSE,FALSE,FALSE,FALSE,TRUE,TRUE,TRUE
"JKS0392",7000000000,349,349,9,5,"ada","Jakarta Selatan",20057306.59,20057306.59,FALSE,FALSE,FALSE,FALSE,TRUE,FALSE,TRUE
"JKS0393",9000000000,200,480,4,3,"ada","Jakarta Selatan",45000000,18750000,FALSE,FALSE,FALSE,FALSE,FALSE,FALSE,FALSE
"JKS0394",39000000000,973,1100,4,4,"ada","Jakarta Selatan",40082219.94,35454545.45,FALSE,FALSE,FALSE,TRUE,FALSE,FALSE,TRUE
"JKS0395",42000000000,2131,1600,5,5,"ada","Jakarta Selatan",19709056.78,26250000,FALSE,TRUE,TRUE,TRUE,FALSE,FALSE,TRUE
"JKS0396",4000000000,219,103,4,2,"ada","Jakarta Selatan",18264840.18,38834951.46,FALSE,FALSE,FALSE,FALSE,FALSE,FALSE,FALSE
"JKS0397",9000000000,490,350,4,3,"ada","Jakarta Selatan",18367346.94,25714285.71,FALSE,FALSE,FALSE,FALSE,FALSE,FALSE,FALSE
"JKS0398",25000000000,1000,800,4,3,"ada","Jakarta Selatan",25000000,31250000,FALSE,FALSE,FALSE,FALSE,FALSE,FALSE,FALSE
"JKS0399",3800000000,153,180,4,3,"tidak_ada","Jakarta Selatan",24836601.31,21111111.11,FALSE,FALSE,FALSE,FALSE,FALSE,FALSE,FALSE
"JKS0400",15000000000,506,400,3,3,"tidak_ada","Jakarta Selatan",29644268.77,37500000,FALSE,FALSE,FALSE,FALSE,FALSE,FALSE,FALSE
"JKS0401",17000000000,465,640,4,4,"ada","Jakarta Selatan",36559139.78,26562500,FALSE,FALSE,FALSE,FALSE,FALSE,FALSE,FALSE
"JKS0402",7300000000,278,350,4,4,"ada","Jakarta Selatan",26258992.81,20857142.86,FALSE,FALSE,FALSE,FALSE,FALSE,FALSE,FALSE
"JKS0403",8500000000,250,400,4,4,"ada","Jakarta Selatan",34000000,21250000,FALSE,FALSE,FALSE,FALSE,FALSE,FALSE,FALSE
"JKS0404",55000000000,2641,1000,4,3,"ada","Jakarta Selatan",20825444.91,55000000,FALSE,TRUE,TRUE,FALSE,FALSE,FALSE,TRUE
"JKS0405",17000000000,851,450,4,3,"ada","Jakarta Selatan",19976498.24,37777777.78,FALSE,FALSE,FALSE,FALSE,FALSE,FALSE,FALSE
"JKS0406",17000000000,392,327,4,4,"ada","Jakarta Selatan",43367346.94,51987767.58,FALSE,FALSE,FALSE,FALSE,FALSE,FALSE,FALSE
"JKS0407",10000000000,402,236,3,3,"ada","Jakarta Selatan",24875621.89,42372881.36,FALSE,FALSE,FALSE,FALSE,FALSE,FALSE,FALSE
"JKS0408",12000000000,254,370,4,4,"ada","Jakarta Selatan",47244094.49,32432432.43,FALSE,FALSE,FALSE,FALSE,FALSE,FALSE,FALSE
"JKS0409",10500000000,380,300,3,3,"ada","Jakarta Selatan",27631578.95,35000000,FALSE,FALSE,FALSE,FALSE,FALSE,FALSE,FALSE
"JKS0410",17500000000,417,560,4,4,"ada","Jakarta Selatan",41966426.86,31250000,FALSE,FALSE,FALSE,FALSE,FALSE,FALSE,FALSE
"JKS0411",5250000000,135,250,3,4,"ada","Jakarta Selatan",38888888.89,21000000,FALSE,FALSE,FALSE,FALSE,FALSE,FALSE,FALSE
"JKS0412",13500000000,565,380,3,3,"ada","Jakarta Selatan",23893805.31,35526315.79,FALSE,FALSE,FALSE,FALSE,FALSE,FALSE,FALSE
"JKS0413",17000000000,440,350,4,4,"ada","Jakarta Selatan",38636363.64,48571428.57,FALSE,FALSE,FALSE,FALSE,FALSE,FALSE,FALSE
"JKS0414",7900000000,356,450,4,3,"ada","Jakarta Selatan",22191011.24,17555555.56,FALSE,FALSE,FALSE,FALSE,FALSE,FALSE,FALSE
"JKS0415",18600000000,474,455,4,4,"tidak_ada","Jakarta Selatan",39240506.33,40879120.88,FALSE,FALSE,FALSE,FALSE,FALSE,FALSE,FALSE
"JKS0416",35000000000,1200,900,6,6,"ada","Jakarta Selatan",29166666.67,38888888.89,FALSE,FALSE,FALSE,FALSE,FALSE,TRUE,TRUE
"JKS0417",25000000000,670,650,3,3,"tidak_ada","Jakarta Selatan",37313432.84,38461538.46,FALSE,FALSE,FALSE,FALSE,FALSE,FALSE,FALSE
"JKS0418",22000000000,754,500,4,4,"ada","Jakarta Selatan",29177718.83,44000000,FALSE,FALSE,FALSE,FALSE,FALSE,FALSE,FALSE
"JKS0419",68000000000,2595,1000,5,5,"ada","Jakarta Selatan",26204238.92,68000000,FALSE,TRUE,TRUE,FALSE,FALSE,FALSE,TRUE
"JKS0420",6500000000,266,350,4,4,"ada","Jakarta Selatan",24436090.23,18571428.57,FALSE,FALSE,FALSE,FALSE,FALSE,FALSE,FALSE
"JKS0421",2500000000,200,120,3,3,"ada","Jakarta Selatan",12500000,20833333.33,FALSE,FALSE,FALSE,FALSE,FALSE,FALSE,FALSE
"JKS0422",22000000000,888,450,4,3,"ada","Jakarta Selatan",24774774.77,48888888.89,FALSE,FALSE,FALSE,FALSE,FALSE,FALSE,FALSE
"JKS0423",5100000000,120,210,4,3,"tidak_ada","Jakarta Selatan",42500000,24285714.29,FALSE,FALSE,FALSE,FALSE,FALSE,FALSE,FALSE
"JKS0424",9200000000,231,389,3,3,"ada","Jakarta Selatan",39826839.83,23650385.6,FALSE,FALSE,FALSE,FALSE,FALSE,FALSE,FALSE
"JKS0425",36000000000,1200,850,5,4,"tidak_ada","Jakarta Selatan",30000000,42352941.18,FALSE,FALSE,FALSE,FALSE,FALSE,FALSE,FALSE
"JKS0426",7900000000,205,357,4,4,"tidak_ada","Jakarta Selatan",38536585.37,22128851.54,FALSE,FALSE,FALSE,FALSE,FALSE,FALSE,FALSE
"JKS0427",5800000000,250,350,4,4,"ada","Jakarta Selatan",23200000,16571428.57,FALSE,FALSE,FALSE,FALSE,FALSE,FALSE,FALSE
"JKS0428",11000000000,230,350,4,4,"ada","Jakarta Selatan",47826086.96,31428571.43,FALSE,FALSE,FALSE,FALSE,FALSE,FALSE,FALSE
"JKS0429",4900000000,340,210,3,2,"ada","Jakarta Selatan",14411764.71,23333333.33,FALSE,FALSE,FALSE,FALSE,FALSE,FALSE,FALSE
"JKS0430",23000000000,806,700,4,4,"ada","Jakarta Selatan",28535980.15,32857142.86,FALSE,FALSE,FALSE,FALSE,FALSE,FALSE,FALSE
"JKS0431",8200000000,188,330,3,3,"ada","Jakarta Selatan",43617021.28,24848484.85,FALSE,FALSE,FALSE,FALSE,FALSE,FALSE,FALSE
"JKS0432",9500000000,251,295,4,4,"ada","Jakarta Selatan",37848605.58,32203389.83,FALSE,FALSE,FALSE,FALSE,FALSE,FALSE,FALSE
"JKS0433",6500000000,266,350,4,3,"ada","Jakarta Selatan",24436090.23,18571428.57,FALSE,FALSE,FALSE,FALSE,FALSE,FALSE,FALSE
"JKS0434",27000000000,900,400,4,3,"ada","Jakarta Selatan",30000000,67500000,FALSE,FALSE,FALSE,FALSE,FALSE,FALSE,FALSE
"JKS0435",16500000000,600,400,7,4,"ada","Jakarta Selatan",27500000,41250000,FALSE,FALSE,FALSE,FALSE,TRUE,FALSE,TRUE
"JKS0436",35000000000,2000,800,4,4,"tidak_ada","Jakarta Selatan",17500000,43750000,FALSE,FALSE,TRUE,FALSE,FALSE,FALSE,TRUE
"JKS0437",6200000000,142,311,3,2,"ada","Jakarta Selatan",43661971.83,19935691.32,FALSE,FALSE,FALSE,FALSE,FALSE,FALSE,FALSE
"JKS0438",15000000000,912,484,6,3,"ada","Jakarta Selatan",16447368.42,30991735.54,FALSE,FALSE,FALSE,FALSE,FALSE,FALSE,FALSE
"JKS0439",7370000000,211,465,4,4,"ada","Jakarta Selatan",34928909.95,15849462.37,FALSE,FALSE,FALSE,FALSE,FALSE,FALSE,FALSE
"JKS0440",19500000000,850,750,3,2,"ada","Jakarta Selatan",22941176.47,26000000,FALSE,FALSE,FALSE,FALSE,FALSE,FALSE,FALSE
"JKS0441",5800000000,122,289,3,3,"ada","Jakarta Selatan",47540983.61,20069204.15,FALSE,FALSE,FALSE,FALSE,FALSE,FALSE,FALSE
"JKS0442",33000000000,1100,800,5,5,"ada","Jakarta Selatan",30000000,41250000,FALSE,FALSE,FALSE,FALSE,FALSE,FALSE,FALSE
"JKS0443",22500000000,500,536,5,5,"ada","Jakarta Selatan",45000000,41977611.94,FALSE,FALSE,FALSE,FALSE,FALSE,FALSE,FALSE
"JKS0444",4200000000,110,165,4,3,"ada","Jakarta Selatan",38181818.18,25454545.45,FALSE,FALSE,FALSE,FALSE,FALSE,FALSE,FALSE
"JKS0445",16950000000,387,250,1,1,"ada","Jakarta Selatan",43798449.61,67800000,FALSE,FALSE,FALSE,FALSE,TRUE,TRUE,TRUE
"JKS0446",13000000000,616,650,4,4,"ada","Jakarta Selatan",21103896.1,20000000,FALSE,FALSE,FALSE,FALSE,FALSE,FALSE,FALSE
"JKS0447",18000000000,670,385,4,4,"ada","Jakarta Selatan",26865671.64,46753246.75,FALSE,FALSE,FALSE,FALSE,FALSE,FALSE,FALSE
"JKS0448",7000000000,140,215,4,4,"ada","Jakarta Selatan",50000000,32558139.53,FALSE,FALSE,FALSE,FALSE,FALSE,FALSE,FALSE
"JKS0449",5000000000,234,350,4,4,"ada","Jakarta Selatan",21367521.37,14285714.29,FALSE,FALSE,FALSE,FALSE,FALSE,FALSE,FALSE
"JKS0450",38500000000,1420,550,8,5,"ada","Jakarta Selatan",27112676.06,70000000,FALSE,FALSE,TRUE,FALSE,TRUE,FALSE,TRUE
"JKS0451",15000000000,395,420,4,4,"ada","Jakarta Selatan",37974683.54,35714285.71,FALSE,FALSE,FALSE,FALSE,FALSE,FALSE,FALSE
"JKS0452",13500000000,230,400,3,2,"ada","Jakarta Selatan",58695652.17,33750000,FALSE,FALSE,FALSE,FALSE,FALSE,FALSE,FALSE
"JKS0453",13000000000,372,450,4,4,"ada","Jakarta Selatan",34946236.56,28888888.89,FALSE,FALSE,FALSE,FALSE,FALSE,FALSE,FALSE
"JKS0454",17000000000,786,1000,6,7,"tidak_ada","Jakarta Selatan",21628498.73,17000000,FALSE,FALSE,FALSE,FALSE,FALSE,TRUE,TRUE
"JKS0455",43000000000,1350,750,5,5,"ada","Jakarta Selatan",31851851.85,57333333.33,FALSE,TRUE,FALSE,FALSE,FALSE,FALSE,TRUE
"JKS0456",13000000000,235,623,4,4,"tidak_ada","Jakarta Selatan",55319148.94,20866773.68,FALSE,FALSE,FALSE,FALSE,FALSE,FALSE,FALSE
"JKS0457",22000000000,1000,800,5,4,"tidak_ada","Jakarta Selatan",22000000,27500000,FALSE,FALSE,FALSE,FALSE,FALSE,FALSE,FALSE
"JKS0458",9950000000,212,300,4,3,"ada","Jakarta Selatan",46933962.26,33166666.67,FALSE,FALSE,FALSE,FALSE,FALSE,FALSE,FALSE
"JKS0459",12500000000,512,350,3,3,"ada","Jakarta Selatan",24414062.5,35714285.71,FALSE,FALSE,FALSE,FALSE,FALSE,FALSE,FALSE
"JKS0460",16000000000,578,500,5,4,"ada","Jakarta Selatan",27681660.9,32000000,FALSE,FALSE,FALSE,FALSE,FALSE,FALSE,FALSE
"JKS0461",22600000000,754,500,4,4,"ada","Jakarta Selatan",29973474.8,45200000,FALSE,FALSE,FALSE,FALSE,FALSE,FALSE,FALSE
"JKS0462",75000000000,1830,1000,5,4,"ada","Jakarta Selatan",40983606.56,75000000,FALSE,TRUE,TRUE,FALSE,FALSE,FALSE,TRUE
"JKS0463",30000000000,1100,500,4,4,"ada","Jakarta Selatan",27272727.27,60000000,FALSE,FALSE,FALSE,FALSE,FALSE,FALSE,FALSE
"JKS0464",20000000000,897,450,4,4,"ada","Jakarta Selatan",22296544.04,44444444.44,FALSE,FALSE,FALSE,FALSE,FALSE,FALSE,FALSE
"JKS0465",15000000000,733,140,2,2,"ada","Jakarta Selatan",20463847.2,107142857.14,FALSE,FALSE,FALSE,FALSE,TRUE,FALSE,TRUE
"JKS0466",19000000000,435,500,4,4,"ada","Jakarta Selatan",43678160.92,38000000,FALSE,FALSE,FALSE,FALSE,FALSE,FALSE,FALSE
"JKS0467",8700000000,229,327,4,3,"ada","Jakarta Selatan",37991266.38,26605504.59,FALSE,FALSE,FALSE,FALSE,FALSE,FALSE,FALSE
"JKS0468",25000000000,670,671,4,4,"tidak_ada","Jakarta Selatan",37313432.84,37257824.14,FALSE,FALSE,FALSE,FALSE,FALSE,FALSE,FALSE
"JKS0469",19000000000,520,600,4,4,"tidak_ada","Jakarta Selatan",36538461.54,31666666.67,FALSE,FALSE,FALSE,FALSE,FALSE,FALSE,FALSE
"JKS0470",35000000000,900,800,7,5,"ada","Jakarta Selatan",38888888.89,43750000,FALSE,FALSE,FALSE,FALSE,TRUE,FALSE,TRUE
"JKS0471",18000000000,677,450,4,3,"tidak_ada","Jakarta Selatan",26587887.74,40000000,FALSE,FALSE,FALSE,FALSE,FALSE,FALSE,FALSE
"JKS0472",15000000000,415,150,3,2,"ada","Jakarta Selatan",36144578.31,100000000,FALSE,FALSE,FALSE,FALSE,FALSE,FALSE,FALSE
"JKS0473",9500000000,350,460,6,5,"ada","Jakarta Selatan",27142857.14,20652173.91,FALSE,FALSE,FALSE,FALSE,FALSE,FALSE,FALSE
"JKS0474",25500000000,1020,816,5,3,"tidak_ada","Jakarta Selatan",25000000,31250000,FALSE,FALSE,FALSE,FALSE,FALSE,FALSE,FALSE
"JKS0475",16000000000,1095,450,3,4,"ada","Jakarta Selatan",14611872.15,35555555.56,FALSE,FALSE,FALSE,FALSE,FALSE,FALSE,FALSE
"JKS0476",15000000000,940,320,2,2,"ada","Jakarta Selatan",15957446.81,46875000,FALSE,FALSE,FALSE,FALSE,TRUE,FALSE,TRUE
"JKS0477",22000000000,824,600,7,4,"ada","Jakarta Selatan",26699029.13,36666666.67,FALSE,FALSE,FALSE,FALSE,TRUE,FALSE,TRUE
"JKS0478",6900000000,243,260,4,4,"ada","Jakarta Selatan",28395061.73,26538461.54,FALSE,FALSE,FALSE,FALSE,FALSE,FALSE,FALSE
"JKS0479",20000000000,429,499,4,4,"ada","Jakarta Selatan",46620046.62,40080160.32,FALSE,FALSE,FALSE,FALSE,FALSE,FALSE,FALSE
"JKS0480",45000000000,1466,900,9,9,"ada","Jakarta Selatan",30695770.8,50000000,FALSE,TRUE,TRUE,FALSE,TRUE,TRUE,TRUE
"JKS0481",60000000000,2360,542,6,8,"ada","Jakarta Selatan",25423728.81,110701107.01,FALSE,TRUE,TRUE,FALSE,FALSE,TRUE,TRUE
"JKS0482",10800000000,472,650,6,3,"ada","Jakarta Selatan",22881355.93,16615384.62,FALSE,FALSE,FALSE,FALSE,FALSE,FALSE,FALSE
"JKS0483",56000000000,1470,2000,7,7,"ada","Jakarta Selatan",38095238.1,28000000,FALSE,TRUE,TRUE,TRUE,TRUE,TRUE,TRUE
"JKS0484",14400000000,474,455,3,4,"ada","Jakarta Selatan",30379746.84,31648351.65,FALSE,FALSE,FALSE,FALSE,FALSE,FALSE,FALSE
"JKS0485",60000000000,2630,542,6,8,"tidak_ada","Jakarta Selatan",22813688.21,110701107.01,FALSE,TRUE,TRUE,FALSE,FALSE,TRUE,TRUE
"JKS0486",9500000000,278,400,3,2,"ada","Jakarta Selatan",34172661.87,23750000,FALSE,FALSE,FALSE,FALSE,FALSE,FALSE,FALSE
"JKS0487",19000000000,430,500,4,5,"ada","Jakarta Selatan",44186046.51,38000000,FALSE,FALSE,FALSE,FALSE,FALSE,FALSE,FALSE
"JKS0488",40000000000,973,1100,4,4,"ada","Jakarta Selatan",41109969.17,36363636.36,FALSE,TRUE,FALSE,TRUE,FALSE,FALSE,TRUE
"JKS0489",175230000000,4574,4271,4,4,"ada","Jakarta Selatan",38310013.12,41027862.33,FALSE,TRUE,TRUE,TRUE,FALSE,FALSE,TRUE
"JKS0490",19500000000,834,780,6,3,"tidak_ada","Jakarta Selatan",23381294.96,25000000,FALSE,FALSE,FALSE,FALSE,FALSE,FALSE,FALSE
"JKS0491",17000000000,392,450,4,4,"ada","Jakarta Selatan",43367346.94,37777777.78,FALSE,FALSE,FALSE,FALSE,FALSE,FALSE,FALSE
"JKS0492",13000000000,407,850,4,4,"ada","Jakarta Selatan",31941031.94,15294117.65,FALSE,FALSE,FALSE,FALSE,FALSE,FALSE,FALSE
"JKS0493",21000000000,817,500,4,3,"tidak_ada","Jakarta Selatan",25703794.37,42000000,FALSE,FALSE,FALSE,FALSE,FALSE,FALSE,FALSE
"JKS0494",19000000000,800,500,5,4,"ada","Jakarta Selatan",23750000,38000000,FALSE,FALSE,FALSE,FALSE,FALSE,FALSE,FALSE
"JKS0495",1880000000,90,135,3,3,"ada","Jakarta Selatan",20888888.89,13925925.93,FALSE,FALSE,FALSE,FALSE,FALSE,FALSE,FALSE
"JKS0496",5100000000,140,250,3,2,"tidak_ada","Jakarta Selatan",36428571.43,20400000,FALSE,FALSE,FALSE,FALSE,FALSE,FALSE,FALSE
"JKS0497",12000000000,572,432,5,6,"ada","Jakarta Selatan",20979020.98,27777777.78,FALSE,FALSE,FALSE,FALSE,FALSE,TRUE,TRUE
"JKS0498",8000000000,350,350,5,5,"ada","Jakarta Selatan",22857142.86,22857142.86,FALSE,FALSE,FALSE,FALSE,FALSE,FALSE,FALSE
"JKS0499",17000000000,389,450,7,4,"ada","Jakarta Selatan",43701799.49,37777777.78,FALSE,FALSE,FALSE,FALSE,TRUE,FALSE,TRUE
"JKS0500",49000000000,943,600,7,4,"ada","Jakarta Selatan",51961823.97,81666666.67,FALSE,TRUE,FALSE,FALSE,TRUE,FALSE,TRUE
"JKS0501",12000000000,230,300,5,4,"ada","Jakarta Selatan",52173913.04,40000000,FALSE,FALSE,FALSE,FALSE,FALSE,FALSE,FALSE
"JKS0502",17000000000,470,660,4,4,"ada","Jakarta Selatan",36170212.77,25757575.76,FALSE,FALSE,FALSE,FALSE,FALSE,FALSE,FALSE
"JKS0503",10500000000,220,325,4,3,"ada","Jakarta Selatan",47727272.73,32307692.31,FALSE,FALSE,FALSE,FALSE,FALSE,FALSE,FALSE
"JKS0504",950000000,50,80,3,2,"tidak_ada","Jakarta Selatan",19000000,11875000,FALSE,FALSE,FALSE,FALSE,FALSE,FALSE,FALSE
"JKS0505",9500000000,462,350,3,3,"ada","Jakarta Selatan",20562770.56,27142857.14,FALSE,FALSE,FALSE,FALSE,FALSE,FALSE,FALSE
"JKS0506",19000000000,358,500,4,5,"ada","Jakarta Selatan",53072625.7,38000000,FALSE,FALSE,FALSE,FALSE,FALSE,FALSE,FALSE
"JKS0507",25500000000,1020,816,4,4,"ada","Jakarta Selatan",25000000,31250000,FALSE,FALSE,FALSE,FALSE,FALSE,FALSE,FALSE
"JKS0508",2800000000,70,125,3,3,"tidak_ada","Jakarta Selatan",40000000,22400000,FALSE,FALSE,FALSE,FALSE,FALSE,FALSE,FALSE
"JKS0509",18500000000,358,500,4,4,"ada","Jakarta Selatan",51675977.65,37000000,FALSE,FALSE,FALSE,FALSE,FALSE,FALSE,FALSE
"JKS0510",22000000000,780,580,4,4,"tidak_ada","Jakarta Selatan",28205128.21,37931034.48,FALSE,FALSE,FALSE,FALSE,FALSE,FALSE,FALSE
"JKS0511",5500000000,150,210,4,4,"ada","Jakarta Selatan",36666666.67,26190476.19,FALSE,FALSE,FALSE,FALSE,FALSE,FALSE,FALSE
"JKS0512",17000000000,465,640,4,5,"ada","Jakarta Selatan",36559139.78,26562500,FALSE,FALSE,FALSE,FALSE,FALSE,FALSE,FALSE
"JKS0513",15000000000,400,800,4,4,"tidak_ada","Jakarta Selatan",37500000,18750000,FALSE,FALSE,FALSE,FALSE,FALSE,FALSE,FALSE
"JKS0514",13500000000,615,500,4,5,"tidak_ada","Jakarta Selatan",21951219.51,27000000,FALSE,FALSE,FALSE,FALSE,FALSE,FALSE,FALSE
"JKS0515",4800000000,200,260,5,7,"tidak_ada","Jakarta Selatan",24000000,18461538.46,FALSE,FALSE,FALSE,FALSE,FALSE,TRUE,TRUE
"JKS0516",14000000000,350,250,3,3,"ada","Jakarta Selatan",40000000,56000000,FALSE,FALSE,FALSE,FALSE,FALSE,FALSE,FALSE
"JKS0517",19000000000,520,500,5,5,"tidak_ada","Jakarta Selatan",36538461.54,38000000,FALSE,FALSE,FALSE,FALSE,FALSE,FALSE,FALSE
"JKS0518",17000000000,389,450,4,4,"ada","Jakarta Selatan",43701799.49,37777777.78,FALSE,FALSE,FALSE,FALSE,FALSE,FALSE,FALSE
"JKS0519",13500000000,1034,900,6,5,"ada","Jakarta Selatan",13056092.84,15000000,FALSE,FALSE,FALSE,FALSE,FALSE,FALSE,FALSE
"JKS0520",9500000000,458,300,5,4,"ada","Jakarta Selatan",20742358.08,31666666.67,FALSE,FALSE,FALSE,FALSE,FALSE,FALSE,FALSE
"JKS0521",40000000000,1050,800,27,21,"ada","Jakarta Selatan",38095238.1,50000000,FALSE,TRUE,FALSE,FALSE,TRUE,TRUE,TRUE
"JKS0522",18000000000,900,500,4,4,"ada","Jakarta Selatan",20000000,36000000,FALSE,FALSE,FALSE,FALSE,FALSE,FALSE,FALSE
"JKS0523",6700000000,285,258,4,4,"tidak_ada","Jakarta Selatan",23508771.93,25968992.25,FALSE,FALSE,FALSE,FALSE,FALSE,FALSE,FALSE
"JKS0524",37500000000,680,1250,6,5,"ada","Jakarta Selatan",55147058.82,30000000,FALSE,FALSE,FALSE,TRUE,FALSE,FALSE,TRUE
"JKS0525",26000000000,600,450,4,4,"ada","Jakarta Selatan",43333333.33,57777777.78,FALSE,FALSE,FALSE,FALSE,FALSE,FALSE,FALSE
"JKS0526",15000000000,500,1000,5,5,"ada","Jakarta Selatan",30000000,15000000,FALSE,FALSE,FALSE,FALSE,FALSE,FALSE,FALSE
"JKS0527",33000000000,585,900,7,6,"ada","Jakarta Selatan",56410256.41,36666666.67,FALSE,FALSE,FALSE,FALSE,TRUE,TRUE,TRUE
"JKS0528",8500000000,250,300,4,4,"ada","Jakarta Selatan",34000000,28333333.33,FALSE,FALSE,FALSE,FALSE,FALSE,FALSE,FALSE
"JKS0529",22000000000,900,1800,4,3,"ada","Jakarta Selatan",24444444.44,12222222.22,FALSE,FALSE,FALSE,TRUE,FALSE,FALSE,TRUE
"JKS0530",7900000000,220,300,3,3,"ada","Jakarta Selatan",35909090.91,26333333.33,FALSE,FALSE,FALSE,FALSE,FALSE,FALSE,FALSE
"JKS0531",11160000000,248,333,4,4,"ada","Jakarta Selatan",45000000,33513513.51,FALSE,FALSE,FALSE,FALSE,FALSE,FALSE,FALSE
"JKS0532",19500000000,443,450,5,3,"tidak_ada","Jakarta Selatan",44018058.69,43333333.33,FALSE,FALSE,FALSE,FALSE,FALSE,FALSE,FALSE
"JKS0533",1100000000,59,80,3,2,"ada","Jakarta Selatan",18644067.8,13750000,FALSE,FALSE,FALSE,FALSE,FALSE,FALSE,FALSE
"JKS0534",7190000000,207,245,3,3,"ada","Jakarta Selatan",34734299.52,29346938.78,FALSE,FALSE,FALSE,FALSE,FALSE,FALSE,FALSE
"JKS0535",9000000000,200,300,5,4,"ada","Jakarta Selatan",45000000,30000000,FALSE,FALSE,FALSE,FALSE,FALSE,FALSE,FALSE
"JKS0536",5700000000,144,325,3,3,"ada","Jakarta Selatan",39583333.33,17538461.54,FALSE,FALSE,FALSE,FALSE,FALSE,FALSE,FALSE
"JKS0537",36000000000,1300,850,5,4,"tidak_ada","Jakarta Selatan",27692307.69,42352941.18,FALSE,FALSE,FALSE,FALSE,FALSE,FALSE,FALSE
"JKS0538",17000000000,663,530,5,4,"ada","Jakarta Selatan",25641025.64,32075471.7,FALSE,FALSE,FALSE,FALSE,FALSE,FALSE,FALSE
"JKS0539",23000000000,650,600,5,5,"tidak_ada","Jakarta Selatan",35384615.38,38333333.33,FALSE,FALSE,FALSE,FALSE,FALSE,FALSE,FALSE
"JKS0540",1140000000,60,60,3,2,"tidak_ada","Jakarta Selatan",19000000,19000000,FALSE,FALSE,FALSE,FALSE,FALSE,FALSE,FALSE
"JKS0541",16000000000,587,350,4,3,"ada","Jakarta Selatan",27257240.2,45714285.71,FALSE,FALSE,FALSE,FALSE,FALSE,FALSE,FALSE
"JKS0542",5800000000,144,285,4,3,"tidak_ada","Jakarta Selatan",40277777.78,20350877.19,FALSE,FALSE,FALSE,FALSE,FALSE,FALSE,FALSE
"JKS0543",17000000000,536,900,7,2,"ada","Jakarta Selatan",31716417.91,18888888.89,FALSE,FALSE,FALSE,FALSE,TRUE,FALSE,TRUE
"JKS0544",14000000000,464,360,4,3,"tidak_ada","Jakarta Selatan",30172413.79,38888888.89,FALSE,FALSE,FALSE,FALSE,FALSE,FALSE,FALSE
"JKS0545",26000000000,900,500,7,4,"tidak_ada","Jakarta Selatan",28888888.89,52000000,FALSE,FALSE,FALSE,FALSE,TRUE,FALSE,TRUE
"JKS0546",11500000000,547,500,4,3,"ada","Jakarta Selatan",21023766,23000000,FALSE,FALSE,FALSE,FALSE,FALSE,FALSE,FALSE
"JKS0547",19000000000,800,500,5,3,"tidak_ada","Jakarta Selatan",23750000,38000000,FALSE,FALSE,FALSE,FALSE,FALSE,FALSE,FALSE
"JKS0548",5300000000,90,205,3,3,"ada","Jakarta Selatan",58888888.89,25853658.54,FALSE,FALSE,FALSE,FALSE,FALSE,FALSE,FALSE
"JKS0549",11000000000,436,300,6,5,"tidak_ada","Jakarta Selatan",25229357.8,36666666.67,FALSE,FALSE,FALSE,FALSE,FALSE,FALSE,FALSE
"JKS0550",6620000000,135,225,5,4,"tidak_ada","Jakarta Selatan",49037037.04,29422222.22,FALSE,FALSE,FALSE,FALSE,FALSE,FALSE,FALSE
"JKS0551",5500000000,164,240,4,3,"ada","Jakarta Selatan",33536585.37,22916666.67,FALSE,FALSE,FALSE,FALSE,FALSE,FALSE,FALSE
"JKS0552",19800000000,1039,430,5,4,"tidak_ada","Jakarta Selatan",19056785.37,46046511.63,FALSE,FALSE,FALSE,FALSE,FALSE,FALSE,FALSE
"JKS0553",40000000000,1752,712,3,4,"tidak_ada","Jakarta Selatan",22831050.23,56179775.28,FALSE,TRUE,TRUE,FALSE,FALSE,FALSE,TRUE
"JKS0554",6500000000,124,300,3,3,"ada","Jakarta Selatan",52419354.84,21666666.67,FALSE,FALSE,FALSE,FALSE,FALSE,FALSE,FALSE
"JKS0555",6800000000,145,330,4,1,"ada","Jakarta Selatan",46896551.72,20606060.61,FALSE,FALSE,FALSE,FALSE,FALSE,TRUE,TRUE
"JKS0556",9000000000,450,700,4,4,"tidak_ada","Jakarta Selatan",20000000,12857142.86,FALSE,FALSE,FALSE,FALSE,FALSE,FALSE,FALSE
"JKS0557",4500000000,240,355,4,3,"ada","Jakarta Selatan",18750000,12676056.34,FALSE,FALSE,FALSE,FALSE,FALSE,FALSE,FALSE
"JKS0558",24500000000,876,600,8,5,"tidak_ada","Jakarta Selatan",27968036.53,40833333.33,FALSE,FALSE,FALSE,FALSE,TRUE,FALSE,TRUE
"JKS0559",5800000000,144,325,3,3,"ada","Jakarta Selatan",40277777.78,17846153.85,FALSE,FALSE,FALSE,FALSE,FALSE,FALSE,FALSE
"JKS0560",15500000000,440,350,6,4,"tidak_ada","Jakarta Selatan",35227272.73,44285714.29,FALSE,FALSE,FALSE,FALSE,FALSE,FALSE,FALSE
"JKS0561",7000000000,272,310,5,3,"ada","Jakarta Selatan",25735294.12,22580645.16,FALSE,FALSE,FALSE,FALSE,FALSE,FALSE,FALSE
"JKS0562",14500000000,600,643,5,5,"ada","Jakarta Selatan",24166666.67,22550544.32,FALSE,FALSE,FALSE,FALSE,FALSE,FALSE,FALSE
"JKS0563",17000000000,670,800,5,5,"ada","Jakarta Selatan",25373134.33,21250000,FALSE,FALSE,FALSE,FALSE,FALSE,FALSE,FALSE
"JKS0564",18500000000,443,450,5,5,"ada","Jakarta Selatan",41760722.35,41111111.11,FALSE,FALSE,FALSE,FALSE,FALSE,FALSE,FALSE
"JKS0565",4400000000,236,158,6,4,"tidak_ada","Jakarta Selatan",18644067.8,27848101.27,FALSE,FALSE,FALSE,FALSE,FALSE,FALSE,FALSE
"JKS0566",19800000000,1039,430,5,3,"ada","Jakarta Selatan",19056785.37,46046511.63,FALSE,FALSE,FALSE,FALSE,FALSE,FALSE,FALSE
"JKS0567",6800000000,253,380,4,3,"ada","Jakarta Selatan",26877470.36,17894736.84,FALSE,FALSE,FALSE,FALSE,FALSE,FALSE,FALSE
"JKS0568",14000000000,460,400,4,4,"tidak_ada","Jakarta Selatan",30434782.61,35000000,FALSE,FALSE,FALSE,FALSE,FALSE,FALSE,FALSE
"JKS0569",9550000000,251,288,3,4,"ada","Jakarta Selatan",38047808.76,33159722.22,FALSE,FALSE,FALSE,FALSE,FALSE,FALSE,FALSE
"JKS0570",4600000000,123,190,3,3,"ada","Jakarta Selatan",37398373.98,24210526.32,FALSE,FALSE,FALSE,FALSE,FALSE,FALSE,FALSE
"JKS0571",19000000000,358,500,5,5,"ada","Jakarta Selatan",53072625.7,38000000,FALSE,FALSE,FALSE,FALSE,FALSE,FALSE,FALSE
"JKS0572",5800000000,128,148,3,3,"ada","Jakarta Selatan",45312500,39189189.19,FALSE,FALSE,FALSE,FALSE,FALSE,FALSE,FALSE
"JKS0573",7000000000,291,210,4,3,"ada","Jakarta Selatan",24054982.82,33333333.33,FALSE,FALSE,FALSE,FALSE,FALSE,FALSE,FALSE
"JKS0574",21500000000,788,400,4,3,"tidak_ada","Jakarta Selatan",27284263.96,53750000,FALSE,FALSE,FALSE,FALSE,FALSE,FALSE,FALSE
"JKS0575",38000000000,900,422,4,3,"ada","Jakarta Selatan",42222222.22,90047393.36,FALSE,FALSE,FALSE,FALSE,FALSE,FALSE,FALSE
"JKS0576",5900000000,160,176,4,3,"tidak_ada","Jakarta Selatan",36875000,33522727.27,FALSE,FALSE,FALSE,FALSE,FALSE,FALSE,FALSE
"JKS0577",15000000000,600,450,5,4,"tidak_ada","Jakarta Selatan",25000000,33333333.33,FALSE,FALSE,FALSE,FALSE,FALSE,FALSE,FALSE
"JKS0578",14900000000,700,500,4,3,"ada","Jakarta Selatan",21285714.29,29800000,FALSE,FALSE,FALSE,FALSE,FALSE,FALSE,FALSE
"JKS0579",21000000000,1180,550,5,4,"ada","Jakarta Selatan",17796610.17,38181818.18,FALSE,FALSE,FALSE,FALSE,FALSE,FALSE,FALSE
"JKS0580",9500000000,330,450,5,2,"ada","Jakarta Selatan",28787878.79,21111111.11,FALSE,FALSE,FALSE,FALSE,FALSE,FALSE,FALSE
"JKS0581",8500000000,400,280,3,3,"tidak_ada","Jakarta Selatan",21250000,30357142.86,FALSE,FALSE,FALSE,FALSE,FALSE,FALSE,FALSE
"JKS0582",14000000000,580,500,6,4,"ada","Jakarta Selatan",24137931.03,28000000,FALSE,FALSE,FALSE,FALSE,FALSE,FALSE,FALSE
"JKS0583",13000000000,330,430,5,4,"ada","Jakarta Selatan",39393939.39,30232558.14,FALSE,FALSE,FALSE,FALSE,FALSE,FALSE,FALSE
"JKS0584",8600000000,246,350,3,3,"tidak_ada","Jakarta Selatan",34959349.59,24571428.57,FALSE,FALSE,FALSE,FALSE,FALSE,FALSE,FALSE
"JKS0585",7000000000,194,229,5,4,"ada","Jakarta Selatan",36082474.23,30567685.59,FALSE,FALSE,FALSE,FALSE,FALSE,FALSE,FALSE
"JKS0586",18000000000,800,600,5,5,"ada","Jakarta Selatan",22500000,30000000,FALSE,FALSE,FALSE,FALSE,FALSE,FALSE,FALSE
"JKS0587",5500000000,214,245,4,2,"tidak_ada","Jakarta Selatan",25700934.58,22448979.59,FALSE,FALSE,FALSE,FALSE,FALSE,FALSE,FALSE
"JKS0588",43000000000,1000,600,27,27,"ada","Jakarta Selatan",43000000,71666666.67,FALSE,TRUE,FALSE,FALSE,TRUE,TRUE,TRUE
"JKS0589",13500000000,250,350,5,4,"ada","Jakarta Selatan",54000000,38571428.57,FALSE,FALSE,FALSE,FALSE,FALSE,FALSE,FALSE
"JKS0590",36000000000,1300,850,5,5,"ada","Jakarta Selatan",27692307.69,42352941.18,FALSE,FALSE,FALSE,FALSE,FALSE,FALSE,FALSE
"JKS0591",4500000000,235,300,4,4,"ada","Jakarta Selatan",19148936.17,15000000,FALSE,FALSE,FALSE,FALSE,FALSE,FALSE,FALSE
"JKS0592",18500000000,1000,700,4,3,"ada","Jakarta Selatan",18500000,26428571.43,FALSE,FALSE,FALSE,FALSE,FALSE,FALSE,FALSE
"JKS0593",21500000000,603,400,4,1,"ada","Jakarta Selatan",35655058.04,53750000,FALSE,FALSE,FALSE,FALSE,FALSE,TRUE,TRUE
"JKS0594",21000000000,358,500,4,5,"ada","Jakarta Selatan",58659217.88,42000000,FALSE,FALSE,FALSE,FALSE,FALSE,FALSE,FALSE
"JKS0595",24000000000,450,1320,5,3,"tidak_ada","Jakarta Selatan",53333333.33,18181818.18,FALSE,FALSE,FALSE,TRUE,FALSE,FALSE,TRUE
"JKS0596",15000000000,225,425,5,4,"ada","Jakarta Selatan",66666666.67,35294117.65,FALSE,FALSE,FALSE,FALSE,FALSE,FALSE,FALSE
"JKS0597",21600000000,800,500,4,2,"ada","Jakarta Selatan",27000000,43200000,FALSE,FALSE,FALSE,FALSE,FALSE,FALSE,FALSE
"JKS0598",12000000000,477,970,5,4,"ada","Jakarta Selatan",25157232.7,12371134.02,FALSE,FALSE,FALSE,FALSE,FALSE,FALSE,FALSE
"JKS0599",5000000000,185,255,4,4,"ada","Jakarta Selatan",27027027.03,19607843.14,FALSE,FALSE,FALSE,FALSE,FALSE,FALSE,FALSE
"JKS0600",7700000000,188,300,3,3,"ada","Jakarta Selatan",40957446.81,25666666.67,FALSE,FALSE,FALSE,FALSE,FALSE,FALSE,FALSE
"JKS0601",8700000000,246,350,3,3,"ada","Jakarta Selatan",35365853.66,24857142.86,FALSE,FALSE,FALSE,FALSE,FALSE,FALSE,FALSE
"JKS0602",5200000000,464,400,5,5,"ada","Jakarta Selatan",11206896.55,13000000,FALSE,FALSE,FALSE,FALSE,FALSE,FALSE,FALSE
"JKS0603",30000000000,1017,500,5,3,"ada","Jakarta Selatan",29498525.07,60000000,FALSE,FALSE,FALSE,FALSE,FALSE,FALSE,FALSE
"JKS0604",4500000000,258,150,2,2,"tidak_ada","Jakarta Selatan",17441860.47,30000000,FALSE,FALSE,FALSE,FALSE,TRUE,FALSE,TRUE
"JKS0605",30000000000,1500,600,7,7,"ada","Jakarta Selatan",20000000,50000000,FALSE,FALSE,TRUE,FALSE,TRUE,TRUE,TRUE
"JKS0606",28000000000,1100,800,5,4,"ada","Jakarta Selatan",25454545.45,35000000,FALSE,FALSE,FALSE,FALSE,FALSE,FALSE,FALSE
"JKS0607",14200000000,474,455,3,3,"ada","Jakarta Selatan",29957805.91,31208791.21,FALSE,FALSE,FALSE,FALSE,FALSE,FALSE,FALSE
"JKS0608",29000000000,1019,800,6,4,"ada","Jakarta Selatan",28459273.8,36250000,FALSE,FALSE,FALSE,FALSE,FALSE,FALSE,FALSE
"JKS0609",6900000000,389,400,4,3,"ada","Jakarta Selatan",17737789.2,17250000,FALSE,FALSE,FALSE,FALSE,FALSE,FALSE,FALSE
"JKS0610",21900000000,377,266,4,3,"ada","Jakarta Selatan",58090185.68,82330827.07,FALSE,FALSE,FALSE,FALSE,FALSE,FALSE,FALSE
"JKS0611",14500000000,212,363,3,4,"ada","Jakarta Selatan",68396226.42,39944903.58,FALSE,FALSE,FALSE,FALSE,FALSE,FALSE,FALSE
"JKS0612",5300000000,129,148,3,3,"tidak_ada","Jakarta Selatan",41085271.32,35810810.81,FALSE,FALSE,FALSE,FALSE,FALSE,FALSE,FALSE
"JKS0613",7900000000,181,330,3,4,"tidak_ada","Jakarta Selatan",43646408.84,23939393.94,FALSE,FALSE,FALSE,FALSE,FALSE,FALSE,FALSE
"JKS0614",4500000000,151,200,4,4,"ada","Jakarta Selatan",29801324.5,22500000,FALSE,FALSE,FALSE,FALSE,FALSE,FALSE,FALSE
"JKS0615",17000000000,500,600,4,3,"tidak_ada","Jakarta Selatan",34000000,28333333.33,FALSE,FALSE,FALSE,FALSE,FALSE,FALSE,FALSE
"JKS0616",5900000000,160,176,4,3,"ada","Jakarta Selatan",36875000,33522727.27,FALSE,FALSE,FALSE,FALSE,FALSE,FALSE,FALSE
"JKS0617",20000000000,1026,750,6,4,"ada","Jakarta Selatan",19493177.39,26666666.67,FALSE,FALSE,FALSE,FALSE,FALSE,FALSE,FALSE
"JKS0618",2500000000,94,180,4,4,"tidak_ada","Jakarta Selatan",26595744.68,13888888.89,FALSE,FALSE,FALSE,FALSE,FALSE,FALSE,FALSE
"JKS0619",18500000000,421,450,4,3,"ada","Jakarta Selatan",43942992.87,41111111.11,FALSE,FALSE,FALSE,FALSE,FALSE,FALSE,FALSE
"JKS0620",20000000000,472,650,4,3,"tidak_ada","Jakarta Selatan",42372881.36,30769230.77,FALSE,FALSE,FALSE,FALSE,FALSE,FALSE,FALSE
"JKS0621",6500000000,295,300,4,4,"ada","Jakarta Selatan",22033898.31,21666666.67,FALSE,FALSE,FALSE,FALSE,FALSE,FALSE,FALSE
"JKS0622",5000000000,225,245,3,3,"tidak_ada","Jakarta Selatan",22222222.22,20408163.27,FALSE,FALSE,FALSE,FALSE,FALSE,FALSE,FALSE
"JKS0623",15000000000,500,600,5,5,"ada","Jakarta Selatan",30000000,25000000,FALSE,FALSE,FALSE,FALSE,FALSE,FALSE,FALSE
"JKS0624",10000000000,246,350,3,3,"ada","Jakarta Selatan",40650406.5,28571428.57,FALSE,FALSE,FALSE,FALSE,FALSE,FALSE,FALSE
"JKS0625",18000000000,700,500,5,4,"ada","Jakarta Selatan",25714285.71,36000000,FALSE,FALSE,FALSE,FALSE,FALSE,FALSE,FALSE
"JKS0626",36000000000,1147,900,5,6,"ada","Jakarta Selatan",31386224.93,40000000,FALSE,FALSE,FALSE,FALSE,FALSE,TRUE,TRUE
"JKS0627",35500000000,500,525,4,4,"ada","Jakarta Selatan",71000000,67619047.62,FALSE,FALSE,FALSE,FALSE,FALSE,FALSE,FALSE
"JKS0628",5250000000,190,320,4,3,"ada","Jakarta Selatan",27631578.95,16406250,FALSE,FALSE,FALSE,FALSE,FALSE,FALSE,FALSE
"JKS0629",13500000000,330,520,3,2,"ada","Jakarta Selatan",40909090.91,25961538.46,FALSE,FALSE,FALSE,FALSE,FALSE,FALSE,FALSE
"JKS0630",10700000000,604,550,5,5,"ada","Jakarta Selatan",17715231.79,19454545.45,FALSE,FALSE,FALSE,FALSE,FALSE,FALSE,FALSE
"JKS0631",18000000000,415,470,5,4,"ada","Jakarta Selatan",43373493.98,38297872.34,FALSE,FALSE,FALSE,FALSE,FALSE,FALSE,FALSE
"JKS0632",21000000000,817,500,4,4,"ada","Jakarta Selatan",25703794.37,42000000,FALSE,FALSE,FALSE,FALSE,FALSE,FALSE,FALSE
"JKS0633",10000000000,227,400,4,3,"ada","Jakarta Selatan",44052863.44,25000000,FALSE,FALSE,FALSE,FALSE,FALSE,FALSE,FALSE
"JKS0634",6500000000,215,320,4,3,"ada","Jakarta Selatan",30232558.14,20312500,FALSE,FALSE,FALSE,FALSE,FALSE,FALSE,FALSE
"JKS0635",4700000000,260,280,6,4,"ada","Jakarta Selatan",18076923.08,16785714.29,FALSE,FALSE,FALSE,FALSE,FALSE,FALSE,FALSE
"JKS0636",19750000000,500,536,5,5,"ada","Jakarta Selatan",39500000,36847014.93,FALSE,FALSE,FALSE,FALSE,FALSE,FALSE,FALSE
"JKS0637",30000000000,317,450,4,4,"ada","Jakarta Selatan",94637223.97,66666666.67,FALSE,FALSE,FALSE,FALSE,FALSE,FALSE,FALSE
"JKS0638",15000000000,585,300,4,2,"tidak_ada","Jakarta Selatan",25641025.64,50000000,FALSE,FALSE,FALSE,FALSE,FALSE,FALSE,FALSE
"JKS0639",25000000000,1050,1000,4,4,"tidak_ada","Jakarta Selatan",23809523.81,25000000,FALSE,FALSE,FALSE,FALSE,FALSE,FALSE,FALSE
"JKS0640",11100000000,230,568,4,4,"ada","Jakarta Selatan",48260869.57,19542253.52,FALSE,FALSE,FALSE,FALSE,FALSE,FALSE,FALSE
"JKS0641",20000000000,780,500,4,3,"tidak_ada","Jakarta Selatan",25641025.64,40000000,FALSE,FALSE,FALSE,FALSE,FALSE,FALSE,FALSE
"JKS0642",5300000000,330,250,10,4,"tidak_ada","Jakarta Selatan",16060606.06,21200000,FALSE,FALSE,FALSE,FALSE,TRUE,FALSE,TRUE
"JKS0643",39000000000,973,1000,4,4,"tidak_ada","Jakarta Selatan",40082219.94,39000000,FALSE,FALSE,FALSE,FALSE,FALSE,FALSE,FALSE
"JKS0644",38000000000,1180,800,8,9,"ada","Jakarta Selatan",32203389.83,47500000,FALSE,FALSE,FALSE,FALSE,TRUE,TRUE,TRUE
"JKS0645",18000000000,216,384,4,4,"ada","Jakarta Selatan",83333333.33,46875000,FALSE,FALSE,FALSE,FALSE,FALSE,FALSE,FALSE
"JKS0646",23000000000,558,563,8,6,"ada","Jakarta Selatan",41218637.99,40852575.49,FALSE,FALSE,FALSE,FALSE,TRUE,TRUE,TRUE
"JKS0647",26000000000,1083,1200,6,6,"ada","Jakarta Selatan",24007386.89,21666666.67,FALSE,FALSE,FALSE,TRUE,FALSE,TRUE,TRUE
"JKS0648",23000000000,693,474,5,4,"ada","Jakarta Selatan",33189033.19,48523206.75,FALSE,FALSE,FALSE,FALSE,FALSE,FALSE,FALSE
"JKS0649",4750000000,161,250,4,2,"tidak_ada","Jakarta Selatan",29503105.59,19000000,FALSE,FALSE,FALSE,FALSE,FALSE,FALSE,FALSE
"JKS0650",15900000000,400,500,4,5,"ada","Jakarta Selatan",39750000,31800000,FALSE,FALSE,FALSE,FALSE,FALSE,FALSE,FALSE
"JKS0651",5500000000,230,300,3,3,"tidak_ada","Jakarta Selatan",23913043.48,18333333.33,FALSE,FALSE,FALSE,FALSE,FALSE,FALSE,FALSE
"JKS0652",9000000000,159,380,3,3,"ada","Jakarta Selatan",56603773.58,23684210.53,FALSE,FALSE,FALSE,FALSE,FALSE,FALSE,FALSE
"JKS0653",19000000000,817,600,5,4,"ada","Jakarta Selatan",23255813.95,31666666.67,FALSE,FALSE,FALSE,FALSE,FALSE,FALSE,FALSE
"JKS0654",12000000000,600,500,4,3,"ada","Jakarta Selatan",20000000,24000000,FALSE,FALSE,FALSE,FALSE,FALSE,FALSE,FALSE
"JKS0655",15000000000,385,500,4,5,"ada","Jakarta Selatan",38961038.96,30000000,FALSE,FALSE,FALSE,FALSE,FALSE,FALSE,FALSE
"JKS0656",1870000000,22,90,3,2,"tidak_ada","Jakarta Selatan",85000000,20777777.78,FALSE,FALSE,FALSE,FALSE,FALSE,FALSE,FALSE
"JKS0657",17500000000,800,800,5,5,"tidak_ada","Jakarta Selatan",21875000,21875000,FALSE,FALSE,FALSE,FALSE,FALSE,FALSE,FALSE
"JKS0658",39000000000,450,650,7,5,"ada","Jakarta Selatan",86666666.67,60000000,FALSE,FALSE,FALSE,FALSE,TRUE,FALSE,TRUE
"JKS0659",6500000000,399,350,4,3,"ada","Jakarta Selatan",16290726.82,18571428.57,FALSE,FALSE,FALSE,FALSE,FALSE,FALSE,FALSE
"JKS0660",12000000000,615,450,4,4,"ada","Jakarta Selatan",19512195.12,26666666.67,FALSE,FALSE,FALSE,FALSE,FALSE,FALSE,FALSE
"JKS0661",8800000000,527,600,3,3,"tidak_ada","Jakarta Selatan",16698292.22,14666666.67,FALSE,FALSE,FALSE,FALSE,FALSE,FALSE,FALSE
"JKS0662",7730000000,225,245,3,3,"ada","Jakarta Selatan",34355555.56,31551020.41,FALSE,FALSE,FALSE,FALSE,FALSE,FALSE,FALSE
"JKS0663",500000000,60,60,2,1,"tidak_ada","Jakarta Selatan",8333333.33,8333333.33,FALSE,FALSE,FALSE,FALSE,TRUE,TRUE,TRUE
"JKS0664",14400000000,474,450,4,3,"ada","Jakarta Selatan",30379746.84,32000000,FALSE,FALSE,FALSE,FALSE,FALSE,FALSE,FALSE
"JKS0665",11000000000,180,415,4,5,"ada","Jakarta Selatan",61111111.11,26506024.1,FALSE,FALSE,FALSE,FALSE,FALSE,FALSE,FALSE
"JKS0666",5500000000,144,325,3,4,"tidak_ada","Jakarta Selatan",38194444.44,16923076.92,FALSE,FALSE,FALSE,FALSE,FALSE,FALSE,FALSE
"JKS0667",16000000000,350,600,4,4,"tidak_ada","Jakarta Selatan",45714285.71,26666666.67,FALSE,FALSE,FALSE,FALSE,FALSE,FALSE,FALSE
"JKS0668",11200000000,246,345,6,5,"ada","Jakarta Selatan",45528455.28,32463768.12,FALSE,FALSE,FALSE,FALSE,FALSE,FALSE,FALSE
"JKS0669",5500000000,214,245,5,3,"tidak_ada","Jakarta Selatan",25700934.58,22448979.59,FALSE,FALSE,FALSE,FALSE,FALSE,FALSE,FALSE
"JKS0670",6500000000,250,214,4,3,"tidak_ada","Jakarta Selatan",26000000,30373831.78,FALSE,FALSE,FALSE,FALSE,FALSE,FALSE,FALSE
"JKS0671",16500000000,472,650,4,3,"ada","Jakarta Selatan",34957627.12,25384615.38,FALSE,FALSE,FALSE,FALSE,FALSE,FALSE,FALSE
"JKS0672",10500000000,230,300,10,10,"ada","Jakarta Selatan",45652173.91,35000000,FALSE,FALSE,FALSE,FALSE,TRUE,TRUE,TRUE
"JKS0673",10000000000,227,400,6,4,"ada","Jakarta Selatan",44052863.44,25000000,FALSE,FALSE,FALSE,FALSE,FALSE,FALSE,FALSE
"JKS0674",10500000000,876,700,7,4,"tidak_ada","Jakarta Selatan",11986301.37,15000000,FALSE,FALSE,FALSE,FALSE,TRUE,FALSE,TRUE
"JKS0675",15000000000,400,450,5,4,"ada","Jakarta Selatan",37500000,33333333.33,FALSE,FALSE,FALSE,FALSE,FALSE,FALSE,FALSE
"JKS0676",8950000000,246,340,6,3,"ada","Jakarta Selatan",36382113.82,26323529.41,FALSE,FALSE,FALSE,FALSE,FALSE,FALSE,FALSE
"JKS0677",22000000000,1000,800,5,4,"ada","Jakarta Selatan",22000000,27500000,FALSE,FALSE,FALSE,FALSE,FALSE,FALSE,FALSE
"JKS0678",6800000000,133,331,4,3,"ada","Jakarta Selatan",51127819.55,20543806.65,FALSE,FALSE,FALSE,FALSE,FALSE,FALSE,FALSE
"JKS0679",5200000000,347,300,5,4,"tidak_ada","Jakarta Selatan",14985590.78,17333333.33,FALSE,FALSE,FALSE,FALSE,FALSE,FALSE,FALSE
"JKS0680",20000000000,450,550,5,2,"tidak_ada","Jakarta Selatan",44444444.44,36363636.36,FALSE,FALSE,FALSE,FALSE,FALSE,FALSE,FALSE
"JKS0681",26000000000,700,887,4,5,"tidak_ada","Jakarta Selatan",37142857.14,29312288.61,FALSE,FALSE,FALSE,FALSE,FALSE,FALSE,FALSE
"JKS0682",15500000000,450,400,4,4,"tidak_ada","Jakarta Selatan",34444444.44,38750000,FALSE,FALSE,FALSE,FALSE,FALSE,FALSE,FALSE
"JKS0683",6900000000,625,500,4,4,"ada","Jakarta Selatan",11040000,13800000,FALSE,FALSE,FALSE,FALSE,FALSE,FALSE,FALSE
"JKS0684",2750000000,130,175,3,3,"tidak_ada","Jakarta Selatan",21153846.15,15714285.71,FALSE,FALSE,FALSE,FALSE,FALSE,FALSE,FALSE
"JKS0685",9550000000,251,288,4,3,"tidak_ada","Jakarta Selatan",38047808.76,33159722.22,FALSE,FALSE,FALSE,FALSE,FALSE,FALSE,FALSE
"JKS0686",15000000000,520,500,4,4,"ada","Jakarta Selatan",28846153.85,30000000,FALSE,FALSE,FALSE,FALSE,FALSE,FALSE,FALSE
"JKS0687",15000000000,1055,650,8,5,"ada","Jakarta Selatan",14218009.48,23076923.08,FALSE,FALSE,FALSE,FALSE,TRUE,FALSE,TRUE
"JKS0688",28000000000,1020,816,5,3,"ada","Jakarta Selatan",27450980.39,34313725.49,FALSE,FALSE,FALSE,FALSE,FALSE,FALSE,FALSE
"JKS0689",4650000000,124,220,4,3,"ada","Jakarta Selatan",37500000,21136363.64,FALSE,FALSE,FALSE,FALSE,FALSE,FALSE,FALSE
"JKS0690",6800000000,389,200,4,3,"ada","Jakarta Selatan",17480719.79,34000000,FALSE,FALSE,FALSE,FALSE,FALSE,FALSE,FALSE
"JKS0691",5900000000,214,245,5,3,"tidak_ada","Jakarta Selatan",27570093.46,24081632.65,FALSE,FALSE,FALSE,FALSE,FALSE,FALSE,FALSE
"JKS0692",14500000000,648,400,8,6,"ada","Jakarta Selatan",22376543.21,36250000,FALSE,FALSE,FALSE,FALSE,TRUE,TRUE,TRUE
"JKS0693",36000000000,1300,850,6,4,"ada","Jakarta Selatan",27692307.69,42352941.18,FALSE,FALSE,FALSE,FALSE,FALSE,FALSE,FALSE
"JKS0694",19500000000,520,500,5,4,"ada","Jakarta Selatan",37500000,39000000,FALSE,FALSE,FALSE,FALSE,FALSE,FALSE,FALSE
"JKS0695",5000000000,300,200,5,4,"tidak_ada","Jakarta Selatan",16666666.67,25000000,FALSE,FALSE,FALSE,FALSE,FALSE,FALSE,FALSE
"JKS0696",11100000000,282,383,4,2,"ada","Jakarta Selatan",39361702.13,28981723.24,FALSE,FALSE,FALSE,FALSE,FALSE,FALSE,FALSE
"JKS0697",14000000000,718,400,2,2,"ada","Jakarta Selatan",19498607.24,35000000,FALSE,FALSE,FALSE,FALSE,TRUE,FALSE,TRUE
"JKS0698",4950000000,135,250,3,4,"ada","Jakarta Selatan",36666666.67,19800000,FALSE,FALSE,FALSE,FALSE,FALSE,FALSE,FALSE
"JKS0699",8500000000,246,221,4,4,"ada","Jakarta Selatan",34552845.53,38461538.46,FALSE,FALSE,FALSE,FALSE,FALSE,FALSE,FALSE
"JKS0700",4700000000,110,250,4,3,"tidak_ada","Jakarta Selatan",42727272.73,18800000,FALSE,FALSE,FALSE,FALSE,FALSE,FALSE,FALSE
"JKS0701",14400000000,451,320,5,4,"ada","Jakarta Selatan",31929046.56,45000000,FALSE,FALSE,FALSE,FALSE,FALSE,FALSE,FALSE
"JKS0702",85000000000,1175,1700,5,6,"ada","Jakarta Selatan",72340425.53,50000000,FALSE,TRUE,FALSE,TRUE,FALSE,TRUE,TRUE
"JKS0703",6700000000,190,250,4,3,"ada","Jakarta Selatan",35263157.89,26800000,FALSE,FALSE,FALSE,FALSE,FALSE,FALSE,FALSE
"JKS0704",4400000000,201,300,4,3,"tidak_ada","Jakarta Selatan",21890547.26,14666666.67,FALSE,FALSE,FALSE,FALSE,FALSE,FALSE,FALSE
"JKS0705",6800000000,212,170,3,2,"ada","Jakarta Selatan",32075471.7,40000000,FALSE,FALSE,FALSE,FALSE,FALSE,FALSE,FALSE
"JKS0706",5800000000,150,171,3,3,"tidak_ada","Jakarta Selatan",38666666.67,33918128.65,FALSE,FALSE,FALSE,FALSE,FALSE,FALSE,FALSE
"JKS0707",14850000000,539,610,4,4,"ada","Jakarta Selatan",27551020.41,24344262.3,FALSE,FALSE,FALSE,FALSE,FALSE,FALSE,FALSE
"JKS0708",11000000000,180,420,4,5,"ada","Jakarta Selatan",61111111.11,26190476.19,FALSE,FALSE,FALSE,FALSE,FALSE,FALSE,FALSE
"JKS0709",17000000000,392,400,4,4,"ada","Jakarta Selatan",43367346.94,42500000,FALSE,FALSE,FALSE,FALSE,FALSE,FALSE,FALSE
"JKS0710",8250000000,174,220,3,3,"ada","Jakarta Selatan",47413793.1,37500000,FALSE,FALSE,FALSE,FALSE,FALSE,FALSE,FALSE
"JKS0711",8000000000,352,200,4,2,"ada","Jakarta Selatan",22727272.73,40000000,FALSE,FALSE,FALSE,FALSE,FALSE,FALSE,FALSE
"JKS0712",16000000000,407,500,4,4,"ada","Jakarta Selatan",39312039.31,32000000,FALSE,FALSE,FALSE,FALSE,FALSE,FALSE,FALSE
"JKS0713",5400000000,104,240,3,3,"ada","Jakarta Selatan",51923076.92,22500000,FALSE,FALSE,FALSE,FALSE,FALSE,FALSE,FALSE
"JKS0714",14000000000,407,800,4,3,"ada","Jakarta Selatan",34398034.4,17500000,FALSE,FALSE,FALSE,FALSE,FALSE,FALSE,FALSE
"JKS0715",25000000000,752,450,4,4,"ada","Jakarta Selatan",33244680.85,55555555.56,FALSE,FALSE,FALSE,FALSE,FALSE,FALSE,FALSE
"JKS0716",19000000000,380,600,4,4,"ada","Jakarta Selatan",50000000,31666666.67,FALSE,FALSE,FALSE,FALSE,FALSE,FALSE,FALSE
"JKS0717",3500000000,156,95,4,3,"ada","Jakarta Selatan",22435897.44,36842105.26,FALSE,FALSE,FALSE,FALSE,FALSE,FALSE,FALSE
"JKS0718",14500000000,560,200,3,2,"ada","Jakarta Selatan",25892857.14,72500000,FALSE,FALSE,FALSE,FALSE,FALSE,FALSE,FALSE
"JKS0719",3500000000,100,186,4,3,"ada","Jakarta Selatan",35000000,18817204.3,FALSE,FALSE,FALSE,FALSE,FALSE,FALSE,FALSE
"JKS0720",2200000000,110,200,3,3,"ada","Jakarta Selatan",20000000,11000000,FALSE,FALSE,FALSE,FALSE,FALSE,FALSE,FALSE
"JKS0721",15500000000,1055,500,5,3,"ada","Jakarta Selatan",14691943.13,31000000,FALSE,FALSE,FALSE,FALSE,FALSE,FALSE,FALSE
"JKS0722",1300000000,65,108,3,2,"ada","Jakarta Selatan",20000000,12037037.04,FALSE,FALSE,FALSE,FALSE,FALSE,FALSE,FALSE
"JKS0723",1200000000,69,75,3,1,"tidak_ada","Jakarta Selatan",17391304.35,16000000,FALSE,FALSE,FALSE,FALSE,FALSE,TRUE,TRUE
"JKS0724",1310000000,51,60,2,2,"tidak_ada","Jakarta Selatan",25686274.51,21833333.33,FALSE,FALSE,FALSE,FALSE,TRUE,FALSE,TRUE
"JKS0725",2400000000,127,180,5,5,"ada","Jakarta Selatan",18897637.8,13333333.33,FALSE,FALSE,FALSE,FALSE,FALSE,FALSE,FALSE
"JKS0726",15000000000,500,550,5,5,"ada","Jakarta Selatan",30000000,27272727.27,FALSE,FALSE,FALSE,FALSE,FALSE,FALSE,FALSE
"JKS0727",35500000000,1500,1000,6,6,"ada","Jakarta Selatan",23666666.67,35500000,FALSE,FALSE,TRUE,FALSE,FALSE,TRUE,TRUE
"JKS0728",3800000000,220,220,3,3,"tidak_ada","Jakarta Selatan",17272727.27,17272727.27,FALSE,FALSE,FALSE,FALSE,FALSE,FALSE,FALSE
"JKS0729",4970000000,154,300,6,4,"ada","Jakarta Selatan",32272727.27,16566666.67,FALSE,FALSE,FALSE,FALSE,FALSE,FALSE,FALSE
"JKS0730",10500000000,202,600,3,3,"tidak_ada","Jakarta Selatan",51980198.02,17500000,FALSE,FALSE,FALSE,FALSE,FALSE,FALSE,FALSE
"JKS0731",680000000,50,60,3,2,"tidak_ada","Jakarta Selatan",13600000,11333333.33,FALSE,FALSE,FALSE,FALSE,FALSE,FALSE,FALSE
"JKS0732",2570000000,107,120,3,3,"tidak_ada","Jakarta Selatan",24018691.59,21416666.67,FALSE,FALSE,FALSE,FALSE,FALSE,FALSE,FALSE
"JKS0733",14000000000,949,800,5,4,"ada","Jakarta Selatan",14752370.92,17500000,FALSE,FALSE,FALSE,FALSE,FALSE,FALSE,FALSE
"JKS0734",4600000000,201,350,4,3,"ada","Jakarta Selatan",22885572.14,13142857.14,FALSE,FALSE,FALSE,FALSE,FALSE,FALSE,FALSE
"JKS0735",4200000000,109,188,3,3,"ada","Jakarta Selatan",38532110.09,22340425.53,FALSE,FALSE,FALSE,FALSE,FALSE,FALSE,FALSE
"JKS0736",13500000000,465,365,5,5,"ada","Jakarta Selatan",29032258.06,36986301.37,FALSE,FALSE,FALSE,FALSE,FALSE,FALSE,FALSE
"JKS0737",700000000,60,52,3,2,"ada","Jakarta Selatan",11666666.67,13461538.46,FALSE,FALSE,FALSE,FALSE,FALSE,FALSE,FALSE
"JKS0738",1650000000,78,105,3,3,"ada","Jakarta Selatan",21153846.15,15714285.71,FALSE,FALSE,FALSE,FALSE,FALSE,FALSE,FALSE
"JKS0739",1300000000,86,135,3,2,"tidak_ada","Jakarta Selatan",15116279.07,9629629.63,FALSE,FALSE,FALSE,FALSE,FALSE,FALSE,FALSE
"JKS0740",80000000000,800,2000,7,6,"ada","Jakarta Selatan",100000000,40000000,FALSE,TRUE,FALSE,TRUE,TRUE,TRUE,TRUE
"JKS0741",11750000000,340,419,4,4,"tidak_ada","Jakarta Selatan",34558823.53,28042959.43,FALSE,FALSE,FALSE,FALSE,FALSE,FALSE,FALSE
"JKS0742",14900000000,291,400,4,4,"tidak_ada","Jakarta Selatan",51202749.14,37250000,FALSE,FALSE,FALSE,FALSE,FALSE,FALSE,FALSE
"JKS0743",57000000000,550,1200,5,5,"ada","Jakarta Selatan",103636363.64,47500000,FALSE,TRUE,FALSE,TRUE,FALSE,FALSE,TRUE
"JKS0744",1350000000,69,100,3,3,"ada","Jakarta Selatan",19565217.39,13500000,FALSE,FALSE,FALSE,FALSE,FALSE,FALSE,FALSE
"JKS0745",555000000,32,38,2,2,"tidak_ada","Jakarta Selatan",17343750,14605263.16,FALSE,FALSE,FALSE,FALSE,TRUE,FALSE,TRUE
"JKS0746",1200000000,60,70,3,2,"ada","Jakarta Selatan",20000000,17142857.14,FALSE,FALSE,FALSE,FALSE,FALSE,FALSE,FALSE
"JKS0747",2990000000,123,160,4,3,"tidak_ada","Jakarta Selatan",24308943.09,18687500,FALSE,FALSE,FALSE,FALSE,FALSE,FALSE,FALSE
"JKS0748",7500000000,150,350,3,3,"ada","Jakarta Selatan",50000000,21428571.43,FALSE,FALSE,FALSE,FALSE,FALSE,FALSE,FALSE
"JKS0749",4200000000,85,190,3,3,"tidak_ada","Jakarta Selatan",49411764.71,22105263.16,FALSE,FALSE,FALSE,FALSE,FALSE,FALSE,FALSE
"JKS0750",25000000000,850,530,6,4,"ada","Jakarta Selatan",29411764.71,47169811.32,FALSE,FALSE,FALSE,FALSE,FALSE,FALSE,FALSE
"JKS0751",1880000000,60,90,3,2,"tidak_ada","Jakarta Selatan",31333333.33,20888888.89,FALSE,FALSE,FALSE,FALSE,FALSE,FALSE,FALSE
"JKS0752",5300000000,144,285,4,3,"ada","Jakarta Selatan",36805555.56,18596491.23,FALSE,FALSE,FALSE,FALSE,FALSE,FALSE,FALSE
"JKS0753",1300000000,78,100,3,3,"tidak_ada","Jakarta Selatan",16666666.67,13000000,FALSE,FALSE,FALSE,FALSE,FALSE,FALSE,FALSE
"JKS0754",650000000,60,52,3,2,"ada","Jakarta Selatan",10833333.33,12500000,FALSE,FALSE,FALSE,FALSE,FALSE,FALSE,FALSE
"JKS0755",679000000,60,50,3,2,"tidak_ada","Jakarta Selatan",11316666.67,13580000,FALSE,FALSE,FALSE,FALSE,FALSE,FALSE,FALSE
"JKS0756",2200000000,110,200,4,4,"tidak_ada","Jakarta Selatan",20000000,11000000,FALSE,FALSE,FALSE,FALSE,FALSE,FALSE,FALSE
"JKS0757",3750000000,321,220,5,5,"ada","Jakarta Selatan",11682242.99,17045454.55,FALSE,FALSE,FALSE,FALSE,FALSE,FALSE,FALSE
"JKS0758",15000000000,291,400,4,3,"ada","Jakarta Selatan",51546391.75,37500000,FALSE,FALSE,FALSE,FALSE,FALSE,FALSE,FALSE
"JKS0759",13500000000,500,640,5,5,"ada","Jakarta Selatan",27000000,21093750,FALSE,FALSE,FALSE,FALSE,FALSE,FALSE,FALSE
"JKS0760",13700000000,323,400,4,3,"ada","Jakarta Selatan",42414860.68,34250000,FALSE,FALSE,FALSE,FALSE,FALSE,FALSE,FALSE
"JKS0761",9500000000,239,436,4,4,"ada","Jakarta Selatan",39748953.97,21788990.83,FALSE,FALSE,FALSE,FALSE,FALSE,FALSE,FALSE
"JKS0762",14500000000,465,841,5,4,"ada","Jakarta Selatan",31182795.7,17241379.31,FALSE,FALSE,FALSE,FALSE,FALSE,FALSE,FALSE
"JKS0763",17000000000,392,500,4,4,"ada","Jakarta Selatan",43367346.94,34000000,FALSE,FALSE,FALSE,FALSE,FALSE,FALSE,FALSE
"JKS0764",32000000000,325,600,4,4,"ada","Jakarta Selatan",98461538.46,53333333.33,FALSE,FALSE,FALSE,FALSE,FALSE,FALSE,FALSE
"JKS0765",168000000000,1770,1000,5,5,"ada","Jakarta Selatan",94915254.24,168000000,FALSE,TRUE,TRUE,FALSE,FALSE,FALSE,TRUE
"JKS0766",30000000000,345,500,4,4,"ada","Jakarta Selatan",86956521.74,60000000,FALSE,FALSE,FALSE,FALSE,FALSE,FALSE,FALSE
"JKS0767",32000000000,430,600,4,4,"ada","Jakarta Selatan",74418604.65,53333333.33,FALSE,FALSE,FALSE,FALSE,FALSE,FALSE,FALSE
"JKS0768",180000000000,1442,1000,6,5,"ada","Jakarta Selatan",124826629.68,180000000,FALSE,TRUE,TRUE,FALSE,FALSE,FALSE,TRUE
"JKS0769",90000000000,1066,5000,8,6,"ada","Jakarta Selatan",84427767.35,18000000,FALSE,TRUE,FALSE,TRUE,TRUE,TRUE,TRUE
"JKS0770",35000000000,2600,700,5,5,"ada","Jakarta Selatan",13461538.46,50000000,FALSE,FALSE,TRUE,FALSE,FALSE,FALSE,TRUE
"JKS0771",23000000000,400,400,4,4,"ada","Jakarta Selatan",57500000,57500000,FALSE,FALSE,FALSE,FALSE,FALSE,FALSE,FALSE
"JKS0772",75000000000,1050,1500,5,5,"ada","Jakarta Selatan",71428571.43,50000000,FALSE,TRUE,FALSE,TRUE,FALSE,FALSE,TRUE
"JKS0773",135000000000,850,1000,5,4,"ada","Jakarta Selatan",158823529.41,135000000,FALSE,TRUE,FALSE,FALSE,FALSE,FALSE,TRUE
"JKS0774",165000000000,2122,1500,6,6,"ada","Jakarta Selatan",77756833.18,110000000,FALSE,TRUE,TRUE,TRUE,FALSE,TRUE,TRUE
"JKS0775",2800000000,75,150,4,2,"ada","Jakarta Selatan",37333333.33,18666666.67,FALSE,FALSE,FALSE,FALSE,FALSE,FALSE,FALSE
"JKS0776",12000000000,340,419,4,5,"tidak_ada","Jakarta Selatan",35294117.65,28639618.14,FALSE,FALSE,FALSE,FALSE,FALSE,FALSE,FALSE
"JKS0777",11000000000,769,400,4,3,"ada","Jakarta Selatan",14304291.29,27500000,FALSE,FALSE,FALSE,FALSE,FALSE,FALSE,FALSE
"JKS0778",33000000000,329,526,5,4,"ada","Jakarta Selatan",100303951.37,62737642.59,FALSE,FALSE,FALSE,FALSE,FALSE,FALSE,FALSE
"JKS0779",3000000000,250,267,4,4,"ada","Jakarta Selatan",12000000,11235955.06,FALSE,FALSE,FALSE,FALSE,FALSE,FALSE,FALSE
"JKS0780",65000000000,586,600,5,4,"ada","Jakarta Selatan",110921501.71,108333333.33,FALSE,TRUE,FALSE,FALSE,FALSE,FALSE,TRUE
"JKS0781",7350000000,200,444,27,27,"ada","Jakarta Selatan",36750000,16554054.05,FALSE,FALSE,FALSE,FALSE,TRUE,TRUE,TRUE
"JKS0782",40000000000,340,850,5,5,"ada","Jakarta Selatan",117647058.82,47058823.53,FALSE,TRUE,FALSE,FALSE,FALSE,FALSE,TRUE
"JKS0783",120000000000,1050,998,5,5,"ada","Jakarta Selatan",114285714.29,120240480.96,FALSE,TRUE,FALSE,FALSE,FALSE,FALSE,TRUE
"JKS0784",110000000000,1050,2500,8,5,"ada","Jakarta Selatan",104761904.76,44000000,FALSE,TRUE,FALSE,TRUE,TRUE,FALSE,TRUE
"JKS0785",50000000000,912,600,5,4,"ada","Jakarta Selatan",54824561.4,83333333.33,FALSE,TRUE,FALSE,FALSE,FALSE,FALSE,TRUE
"JKS0786",5150000000,144,285,4,3,"ada","Jakarta Selatan",35763888.89,18070175.44,FALSE,FALSE,FALSE,FALSE,FALSE,FALSE,FALSE
"JKS0787",12500000000,875,578,6,5,"ada","Jakarta Selatan",14285714.29,21626297.58,FALSE,FALSE,FALSE,FALSE,FALSE,FALSE,FALSE
"JKS0788",2950000000,82,145,3,3,"ada","Jakarta Selatan",35975609.76,20344827.59,FALSE,FALSE,FALSE,FALSE,FALSE,FALSE,FALSE
"JKS0789",28000000000,490,500,5,4,"ada","Jakarta Selatan",57142857.14,56000000,FALSE,FALSE,FALSE,FALSE,FALSE,FALSE,FALSE
"JKS0790",15700000000,860,350,5,4,"ada","Jakarta Selatan",18255813.95,44857142.86,FALSE,FALSE,FALSE,FALSE,FALSE,FALSE,FALSE
"JKS0791",15000000000,542,452,5,5,"ada","Jakarta Selatan",27675276.75,33185840.71,FALSE,FALSE,FALSE,FALSE,FALSE,FALSE,FALSE
"JKS0792",14500000000,325,450,3,3,"ada","Jakarta Selatan",44615384.62,32222222.22,FALSE,FALSE,FALSE,FALSE,FALSE,FALSE,FALSE
"JKS0793",72000000000,855,589,5,3,"ada","Jakarta Selatan",84210526.32,122241086.59,FALSE,TRUE,FALSE,FALSE,FALSE,FALSE,TRUE
"JKS0794",5200000000,390,250,3,2,"ada","Jakarta Selatan",13333333.33,20800000,FALSE,FALSE,FALSE,FALSE,FALSE,FALSE,FALSE
"JKS0795",7500000000,105,275,3,3,"ada","Jakarta Selatan",71428571.43,27272727.27,FALSE,FALSE,FALSE,FALSE,FALSE,FALSE,FALSE
"JKS0796",75000000000,3000,2000,4,4,"ada","Jakarta Selatan",25000000,37500000,FALSE,TRUE,TRUE,TRUE,FALSE,FALSE,TRUE
"JKS0797",8500000000,226,330,5,5,"ada","Jakarta Selatan",37610619.47,25757575.76,FALSE,FALSE,FALSE,FALSE,FALSE,FALSE,FALSE
"JKS0798",12500000000,340,419,4,4,"tidak_ada","Jakarta Selatan",36764705.88,29832935.56,FALSE,FALSE,FALSE,FALSE,FALSE,FALSE,FALSE
"JKS0799",6100000000,199,350,4,4,"ada","Jakarta Selatan",30653266.33,17428571.43,FALSE,FALSE,FALSE,FALSE,FALSE,FALSE,FALSE
"JKS0800",1280000000,72,78,3,2,"tidak_ada","Jakarta Selatan",17777777.78,16410256.41,FALSE,FALSE,FALSE,FALSE,FALSE,FALSE,FALSE
"JKS0801",30000000000,1100,800,5,6,"ada","Jakarta Selatan",27272727.27,37500000,FALSE,FALSE,FALSE,FALSE,FALSE,TRUE,TRUE
"JKS0802",11000000000,459,500,5,5,"ada","Jakarta Selatan",23965141.61,22000000,FALSE,FALSE,FALSE,FALSE,FALSE,FALSE,FALSE
"JKS0803",22900000000,680,850,4,4,"tidak_ada","Jakarta Selatan",33676470.59,26941176.47,FALSE,FALSE,FALSE,FALSE,FALSE,FALSE,FALSE
"JKS0804",9500000000,460,550,4,5,"tidak_ada","Jakarta Selatan",20652173.91,17272727.27,FALSE,FALSE,FALSE,FALSE,FALSE,FALSE,FALSE
"JKS0805",4970000000,161,300,5,3,"tidak_ada","Jakarta Selatan",30869565.22,16566666.67,FALSE,FALSE,FALSE,FALSE,FALSE,FALSE,FALSE
"JKS0806",42000000000,709,500,3,4,"tidak_ada","Jakarta Selatan",59238363.89,84000000,FALSE,TRUE,FALSE,FALSE,FALSE,FALSE,TRUE
"JKS0807",11000000000,256,350,4,4,"ada","Jakarta Selatan",42968750,31428571.43,FALSE,FALSE,FALSE,FALSE,FALSE,FALSE,FALSE
"JKS0808",28000000000,997,800,4,5,"ada","Jakarta Selatan",28084252.76,35000000,FALSE,FALSE,FALSE,FALSE,FALSE,FALSE,FALSE
"JKS0809",29900000000,680,650,6,6,"tidak_ada","Jakarta Selatan",43970588.24,46000000,FALSE,FALSE,FALSE,FALSE,FALSE,TRUE,TRUE
"JKS0810",12900000000,1145,400,6,4,"tidak_ada","Jakarta Selatan",11266375.55,32250000,FALSE,FALSE,FALSE,FALSE,FALSE,FALSE,FALSE
"JKS0811",4800000000,340,275,4,3,"ada","Jakarta Selatan",14117647.06,17454545.45,FALSE,FALSE,FALSE,FALSE,FALSE,FALSE,FALSE
"JKS0812",7000000000,248,240,4,2,"tidak_ada","Jakarta Selatan",28225806.45,29166666.67,FALSE,FALSE,FALSE,FALSE,FALSE,FALSE,FALSE
"JKS0813",15000000000,1148,500,4,4,"ada","Jakarta Selatan",13066202.09,30000000,FALSE,FALSE,FALSE,FALSE,FALSE,FALSE,FALSE
"JKS0814",7300000000,385,270,3,2,"ada","Jakarta Selatan",18961038.96,27037037.04,FALSE,FALSE,FALSE,FALSE,FALSE,FALSE,FALSE
"JKS0815",4200000000,151,145,4,4,"ada","Jakarta Selatan",27814569.54,28965517.24,FALSE,FALSE,FALSE,FALSE,FALSE,FALSE,FALSE
"JKS0816",4500000000,203,100,4,3,"ada","Jakarta Selatan",22167487.68,45000000,FALSE,FALSE,FALSE,FALSE,FALSE,FALSE,FALSE
"JKS0817",23200000000,400,350,4,3,"ada","Jakarta Selatan",58000000,66285714.29,FALSE,FALSE,FALSE,FALSE,FALSE,FALSE,FALSE
"JKS0818",34000000000,525,525,4,4,"ada","Jakarta Selatan",64761904.76,64761904.76,FALSE,FALSE,FALSE,FALSE,FALSE,FALSE,FALSE
"JKS0819",7500000000,149,325,5,3,"tidak_ada","Jakarta Selatan",50335570.47,23076923.08,FALSE,FALSE,FALSE,FALSE,FALSE,FALSE,FALSE
"JKS0820",550000000,84,50,2,1,"tidak_ada","Jakarta Selatan",6547619.05,11000000,FALSE,FALSE,FALSE,FALSE,TRUE,TRUE,TRUE
"JKS0821",22000000000,616,800,6,5,"ada","Jakarta Selatan",35714285.71,27500000,FALSE,FALSE,FALSE,FALSE,FALSE,FALSE,FALSE
"JKS0822",38000000000,320,1000,5,5,"ada","Jakarta Selatan",118750000,38000000,FALSE,FALSE,FALSE,FALSE,FALSE,FALSE,FALSE
"JKS0823",21000000000,560,700,5,5,"ada","Jakarta Selatan",37500000,30000000,FALSE,FALSE,FALSE,FALSE,FALSE,FALSE,FALSE
"JKS0824",60000000000,610,700,4,4,"ada","Jakarta Selatan",98360655.74,85714285.71,FALSE,TRUE,FALSE,FALSE,FALSE,FALSE,TRUE
"JKS0825",5800000000,126,256,3,3,"ada","Jakarta Selatan",46031746.03,22656250,FALSE,FALSE,FALSE,FALSE,FALSE,FALSE,FALSE
"JKS0826",15500000000,216,300,6,8,"tidak_ada","Jakarta Selatan",71759259.26,51666666.67,FALSE,FALSE,FALSE,FALSE,FALSE,TRUE,TRUE
"JKS0827",45000000000,483,1100,5,5,"ada","Jakarta Selatan",93167701.86,40909090.91,FALSE,TRUE,FALSE,TRUE,FALSE,FALSE,TRUE
"JKS0828",2700000000,310,400,6,4,"ada","Jakarta Selatan",8709677.42,6750000,FALSE,FALSE,FALSE,FALSE,FALSE,FALSE,FALSE
"JKS0829",1700000000,213,125,4,4,"ada","Jakarta Selatan",7981220.66,13600000,FALSE,FALSE,FALSE,FALSE,FALSE,FALSE,FALSE
"JKS0830",3250000000,146,70,6,2,"ada","Jakarta Selatan",22260273.97,46428571.43,FALSE,FALSE,FALSE,FALSE,FALSE,FALSE,FALSE
"JKS0831",7700000000,422,400,4,4,"ada","Jakarta Selatan",18246445.5,19250000,FALSE,FALSE,FALSE,FALSE,FALSE,FALSE,FALSE
"JKS0832",19700000000,903,600,3,3,"ada","Jakarta Selatan",21816168.33,32833333.33,FALSE,FALSE,FALSE,FALSE,FALSE,FALSE,FALSE
"JKS0833",1750000000,133,140,3,3,"ada","Jakarta Selatan",13157894.74,12500000,FALSE,FALSE,FALSE,FALSE,FALSE,FALSE,FALSE
"JKS0834",6750000000,350,200,3,2,"ada","Jakarta Selatan",19285714.29,33750000,FALSE,FALSE,FALSE,FALSE,FALSE,FALSE,FALSE
"JKS0835",30000000000,3000,500,4,4,"ada","Jakarta Selatan",10000000,60000000,FALSE,FALSE,TRUE,FALSE,FALSE,FALSE,TRUE
"JKS0836",23000000000,348,468,4,4,"ada","Jakarta Selatan",66091954.02,49145299.15,FALSE,FALSE,FALSE,FALSE,FALSE,FALSE,FALSE
"JKS0837",5000000000,212,195,4,3,"ada","Jakarta Selatan",23584905.66,25641025.64,FALSE,FALSE,FALSE,FALSE,FALSE,FALSE,FALSE
"JKS0838",55000000000,4035,1500,6,6,"tidak_ada","Jakarta Selatan",13630731.1,36666666.67,FALSE,TRUE,TRUE,TRUE,FALSE,TRUE,TRUE
"JKS0839",4800000000,290,240,4,3,"ada","Jakarta Selatan",16551724.14,20000000,FALSE,FALSE,FALSE,FALSE,FALSE,FALSE,FALSE
"JKS0840",430000000,25,40,2,2,"tidak_ada","Jakarta Selatan",17200000,10750000,FALSE,FALSE,FALSE,FALSE,TRUE,FALSE,TRUE
"JKS0841",4900000000,130,320,3,2,"ada","Jakarta Selatan",37692307.69,15312500,FALSE,FALSE,FALSE,FALSE,FALSE,FALSE,FALSE
"JKS0842",15000000000,290,400,4,3,"ada","Jakarta Selatan",51724137.93,37500000,FALSE,FALSE,FALSE,FALSE,FALSE,FALSE,FALSE
"JKS0843",28000000000,404,837,4,4,"ada","Jakarta Selatan",69306930.69,33452807.65,FALSE,FALSE,FALSE,FALSE,FALSE,FALSE,FALSE
"JKS0844",15500000000,480,600,22,10,"ada","Jakarta Selatan",32291666.67,25833333.33,FALSE,FALSE,FALSE,FALSE,TRUE,TRUE,TRUE
"JKS0845",10500000000,1000,476,5,5,"ada","Jakarta Selatan",10500000,22058823.53,FALSE,FALSE,FALSE,FALSE,FALSE,FALSE,FALSE
"JKS0846",6500000000,250,280,3,2,"ada","Jakarta Selatan",26000000,23214285.71,FALSE,FALSE,FALSE,FALSE,FALSE,FALSE,FALSE
"JKS0847",4050000000,468,500,5,4,"ada","Jakarta Selatan",8653846.15,8100000,FALSE,FALSE,FALSE,FALSE,FALSE,FALSE,FALSE
"JKS0848",9000000000,355,400,6,5,"ada","Jakarta Selatan",25352112.68,22500000,FALSE,FALSE,FALSE,FALSE,FALSE,FALSE,FALSE
"JKS0849",5900000000,403,200,4,3,"ada","Jakarta Selatan",14640198.51,29500000,FALSE,FALSE,FALSE,FALSE,FALSE,FALSE,FALSE
"JKS0850",6500000000,400,300,4,4,"ada","Jakarta Selatan",16250000,21666666.67,FALSE,FALSE,FALSE,FALSE,FALSE,FALSE,FALSE
"JKS0851",8500000000,540,450,5,4,"ada","Jakarta Selatan",15740740.74,18888888.89,FALSE,FALSE,FALSE,FALSE,FALSE,FALSE,FALSE
"JKS0852",32000000000,325,600,4,8,"ada","Jakarta Selatan",98461538.46,53333333.33,FALSE,FALSE,FALSE,FALSE,FALSE,TRUE,TRUE
"JKS0853",21000000000,250,400,3,3,"ada","Jakarta Selatan",84000000,52500000,FALSE,FALSE,FALSE,FALSE,FALSE,FALSE,FALSE
"JKS0854",18000000000,290,450,4,3,"ada","Jakarta Selatan",62068965.52,40000000,FALSE,FALSE,FALSE,FALSE,FALSE,FALSE,FALSE
"JKS0855",8500000000,529,315,4,4,"ada","Jakarta Selatan",16068052.93,26984126.98,FALSE,FALSE,FALSE,FALSE,FALSE,FALSE,FALSE
"JKS0856",2800000000,170,169,4,4,"tidak_ada","Jakarta Selatan",16470588.24,16568047.34,FALSE,FALSE,FALSE,FALSE,FALSE,FALSE,FALSE
"JKS0857",28000000000,830,400,8,4,"tidak_ada","Jakarta Selatan",33734939.76,70000000,FALSE,FALSE,FALSE,FALSE,TRUE,FALSE,TRUE
"JKS0858",2950000000,170,230,5,2,"tidak_ada","Jakarta Selatan",17352941.18,12826086.96,FALSE,FALSE,FALSE,FALSE,FALSE,FALSE,FALSE
"JKS0859",7300000000,230,350,5,3,"ada","Jakarta Selatan",31739130.43,20857142.86,FALSE,FALSE,FALSE,FALSE,FALSE,FALSE,FALSE
"JKS0860",11000000000,268,400,5,4,"ada","Jakarta Selatan",41044776.12,27500000,FALSE,FALSE,FALSE,FALSE,FALSE,FALSE,FALSE
"JKS0861",5900000000,160,176,3,2,"ada","Jakarta Selatan",36875000,33522727.27,FALSE,FALSE,FALSE,FALSE,FALSE,FALSE,FALSE
"JKS0862",8000000000,555,284,4,5,"ada","Jakarta Selatan",14414414.41,28169014.08,FALSE,FALSE,FALSE,FALSE,FALSE,FALSE,FALSE
"JKS0863",4000000000,164,217,3,3,"ada","Jakarta Selatan",24390243.9,18433179.72,FALSE,FALSE,FALSE,FALSE,FALSE,FALSE,FALSE
"JKS0864",1300000000,62,110,3,3,"ada","Jakarta Selatan",20967741.94,11818181.82,FALSE,FALSE,FALSE,FALSE,FALSE,FALSE,FALSE
"JKS0865",1230000000,60,65,2,2,"tidak_ada","Jakarta Selatan",20500000,18923076.92,FALSE,FALSE,FALSE,FALSE,TRUE,FALSE,TRUE
"JKS0866",1200000000,65,60,2,2,"ada","Jakarta Selatan",18461538.46,20000000,FALSE,FALSE,FALSE,FALSE,TRUE,FALSE,TRUE
"JKS0867",38000000000,316,1000,5,5,"ada","Jakarta Selatan",120253164.56,38000000,FALSE,FALSE,FALSE,FALSE,FALSE,FALSE,FALSE
"JKS0868",4500000000,567,300,3,2,"ada","Jakarta Selatan",7936507.94,15000000,FALSE,FALSE,FALSE,FALSE,FALSE,FALSE,FALSE
"JKS0869",6000000000,347,120,4,3,"ada","Jakarta Selatan",17291066.28,50000000,FALSE,FALSE,FALSE,FALSE,FALSE,FALSE,FALSE
"JKS0870",25000000000,700,1200,5,7,"ada","Jakarta Selatan",35714285.71,20833333.33,FALSE,FALSE,FALSE,TRUE,FALSE,TRUE,TRUE
"JKS0871",7500000000,186,380,3,4,"tidak_ada","Jakarta Selatan",40322580.65,19736842.11,FALSE,FALSE,FALSE,FALSE,FALSE,FALSE,FALSE
"JKS0872",7000000000,200,300,3,3,"tidak_ada","Jakarta Selatan",35000000,23333333.33,FALSE,FALSE,FALSE,FALSE,FALSE,FALSE,FALSE
"JKS0873",15000000000,702,451,4,4,"ada","Jakarta Selatan",21367521.37,33259423.5,FALSE,FALSE,FALSE,FALSE,FALSE,FALSE,FALSE
"JKS0874",100000000000,945,700,4,4,"ada","Jakarta Selatan",105820105.82,142857142.86,FALSE,TRUE,FALSE,FALSE,FALSE,FALSE,TRUE
"JKS0875",3600000000,105,136,3,2,"tidak_ada","Jakarta Selatan",34285714.29,26470588.24,FALSE,FALSE,FALSE,FALSE,FALSE,FALSE,FALSE
"JKS0876",6500000000,210,330,4,4,"tidak_ada","Jakarta Selatan",30952380.95,19696969.7,FALSE,FALSE,FALSE,FALSE,FALSE,FALSE,FALSE
"JKS0877",29000000000,300,295,4,3,"tidak_ada","Jakarta Selatan",96666666.67,98305084.75,FALSE,FALSE,FALSE,FALSE,FALSE,FALSE,FALSE
"JKS0878",95000000000,3300,600,5,4,"tidak_ada","Jakarta Selatan",28787878.79,158333333.33,FALSE,TRUE,TRUE,FALSE,FALSE,FALSE,TRUE
"JKS0879",28000000000,404,837,4,4,"tidak_ada","Jakarta Selatan",69306930.69,33452807.65,FALSE,FALSE,FALSE,FALSE,FALSE,FALSE,FALSE
"JKS0880",10500000000,507,480,6,5,"ada","Jakarta Selatan",20710059.17,21875000,FALSE,FALSE,FALSE,FALSE,FALSE,FALSE,FALSE
"JKS0881",4970000000,154,300,5,3,"ada","Jakarta Selatan",32272727.27,16566666.67,FALSE,FALSE,FALSE,FALSE,FALSE,FALSE,FALSE
"JKS0882",68000000000,814,494,5,5,"ada","Jakarta Selatan",83538083.54,137651821.86,FALSE,TRUE,FALSE,FALSE,FALSE,FALSE,TRUE
"JKS0883",15000000000,291,400,7,6,"ada","Jakarta Selatan",51546391.75,37500000,FALSE,FALSE,FALSE,FALSE,TRUE,TRUE,TRUE
"JKS0884",2480000000,120,160,4,3,"tidak_ada","Jakarta Selatan",20666666.67,15500000,FALSE,FALSE,FALSE,FALSE,FALSE,FALSE,FALSE
"JKS0885",13500000000,380,400,5,4,"ada","Jakarta Selatan",35526315.79,33750000,FALSE,FALSE,FALSE,FALSE,FALSE,FALSE,FALSE
"JKS0886",11000000000,378,350,4,1,"ada","Jakarta Selatan",29100529.1,31428571.43,FALSE,FALSE,FALSE,FALSE,FALSE,TRUE,TRUE
"JKS0887",2190000000,111,125,3,2,"ada","Jakarta Selatan",19729729.73,17520000,FALSE,FALSE,FALSE,FALSE,FALSE,FALSE,FALSE
"JKS0888",4350000000,105,220,3,3,"ada","Jakarta Selatan",41428571.43,19772727.27,FALSE,FALSE,FALSE,FALSE,FALSE,FALSE,FALSE
"JKS0889",7800000000,206,300,4,4,"ada","Jakarta Selatan",37864077.67,26000000,FALSE,FALSE,FALSE,FALSE,FALSE,FALSE,FALSE
"JKS0890",30000000000,458,400,4,4,"tidak_ada","Jakarta Selatan",65502183.41,75000000,FALSE,FALSE,FALSE,FALSE,FALSE,FALSE,FALSE
"JKS0891",42000000000,630,500,5,4,"ada","Jakarta Selatan",66666666.67,84000000,FALSE,TRUE,FALSE,FALSE,FALSE,FALSE,TRUE
"JKS0892",1800000000,111,160,4,3,"tidak_ada","Jakarta Selatan",16216216.22,11250000,FALSE,FALSE,FALSE,FALSE,FALSE,FALSE,FALSE
"JKS0893",3900000000,360,250,5,3,"tidak_ada","Jakarta Selatan",10833333.33,15600000,FALSE,FALSE,FALSE,FALSE,FALSE,FALSE,FALSE
"JKS0894",169000000000,2122,1024,10,5,"tidak_ada","Jakarta Selatan",79641847.31,165039062.5,FALSE,TRUE,TRUE,FALSE,TRUE,FALSE,TRUE
"JKS0895",7500000000,220,305,4,4,"tidak_ada","Jakarta Selatan",34090909.09,24590163.93,FALSE,FALSE,FALSE,FALSE,FALSE,FALSE,FALSE
"JKS0896",27000000000,1752,712,3,2,"ada","Jakarta Selatan",15410958.9,37921348.31,FALSE,FALSE,TRUE,FALSE,FALSE,FALSE,TRUE
"JKS0897",6800000000,210,262,4,3,"ada","Jakarta Selatan",32380952.38,25954198.47,FALSE,FALSE,FALSE,FALSE,FALSE,FALSE,FALSE
"JKS0898",10500000000,300,378,4,3,"tidak_ada","Jakarta Selatan",35000000,27777777.78,FALSE,FALSE,FALSE,FALSE,FALSE,FALSE,FALSE
"JKS0899",13750000000,500,640,5,6,"ada","Jakarta Selatan",27500000,21484375,FALSE,FALSE,FALSE,FALSE,FALSE,TRUE,TRUE
"JKS0900",6900000000,210,330,4,4,"ada","Jakarta Selatan",32857142.86,20909090.91,FALSE,FALSE,FALSE,FALSE,FALSE,FALSE,FALSE
"JKS0901",5800000000,122,240,3,3,"ada","Jakarta Selatan",47540983.61,24166666.67,FALSE,FALSE,FALSE,FALSE,FALSE,FALSE,FALSE
"JKS0902",5500000000,180,350,4,3,"ada","Jakarta Selatan",30555555.56,15714285.71,FALSE,FALSE,FALSE,FALSE,FALSE,FALSE,FALSE
"JKS0903",6900000000,450,600,5,6,"ada","Jakarta Selatan",15333333.33,11500000,FALSE,FALSE,FALSE,FALSE,FALSE,TRUE,TRUE
"JKS0904",5900000000,160,300,3,2,"ada","Jakarta Selatan",36875000,19666666.67,FALSE,FALSE,FALSE,FALSE,FALSE,FALSE,FALSE
"JKS0905",28000000000,488,450,5,3,"ada","Jakarta Selatan",57377049.18,62222222.22,FALSE,FALSE,FALSE,FALSE,FALSE,FALSE,FALSE
"JKS0906",20000000000,292,800,27,27,"tidak_ada","Jakarta Selatan",68493150.68,25000000,FALSE,FALSE,FALSE,FALSE,TRUE,TRUE,TRUE
"JKS0907",77500000000,1148,1200,8,6,"ada","Jakarta Selatan",67508710.8,64583333.33,FALSE,TRUE,FALSE,TRUE,TRUE,TRUE,TRUE
"JKS0908",3250000000,105,140,3,3,"ada","Jakarta Selatan",30952380.95,23214285.71,FALSE,FALSE,FALSE,FALSE,FALSE,FALSE,FALSE
"JKS0909",1600000000,229,160,3,2,"tidak_ada","Jakarta Selatan",6986899.56,10000000,FALSE,FALSE,FALSE,FALSE,FALSE,FALSE,FALSE
"JKS0910",15000000000,400,500,4,5,"ada","Jakarta Selatan",37500000,30000000,FALSE,FALSE,FALSE,FALSE,FALSE,FALSE,FALSE
"JKS0911",25000000000,674,500,5,4,"ada","Jakarta Selatan",37091988.13,50000000,FALSE,FALSE,FALSE,FALSE,FALSE,FALSE,FALSE
"JKS0912",2200000000,105,124,3,3,"ada","Jakarta Selatan",20952380.95,17741935.48,FALSE,FALSE,FALSE,FALSE,FALSE,FALSE,FALSE
"JKS0913",6750000000,200,180,2,2,"tidak_ada","Jakarta Selatan",33750000,37500000,FALSE,FALSE,FALSE,FALSE,TRUE,FALSE,TRUE
"JKS0914",3600000000,136,180,3,2,"tidak_ada","Jakarta Selatan",26470588.24,20000000,FALSE,FALSE,FALSE,FALSE,FALSE,FALSE,FALSE
"JKS0915",1450000000,76,130,3,3,"tidak_ada","Jakarta Selatan",19078947.37,11153846.15,FALSE,FALSE,FALSE,FALSE,FALSE,FALSE,FALSE
"JKS0916",6400000000,235,310,5,4,"ada","Jakarta Selatan",27234042.55,20645161.29,FALSE,FALSE,FALSE,FALSE,FALSE,FALSE,FALSE
"JKS0917",1750000000,133,130,3,3,"ada","Jakarta Selatan",13157894.74,13461538.46,FALSE,FALSE,FALSE,FALSE,FALSE,FALSE,FALSE
"JKS0918",6750000000,187,337,6,4,"ada","Jakarta Selatan",36096256.68,20029673.59,FALSE,FALSE,FALSE,FALSE,FALSE,FALSE,FALSE
"JKS0919",85000000000,1180,1200,5,6,"ada","Jakarta Selatan",72033898.31,70833333.33,FALSE,TRUE,FALSE,TRUE,FALSE,TRUE,TRUE
"JKS0920",65000000000,472,1200,5,5,"ada","Jakarta Selatan",137711864.41,54166666.67,FALSE,TRUE,FALSE,TRUE,FALSE,FALSE,TRUE
"JKS0921",21000000000,321,800,5,6,"ada","Jakarta Selatan",65420560.75,26250000,FALSE,FALSE,FALSE,FALSE,FALSE,TRUE,TRUE
"JKS0922",4500000000,972,350,4,3,"ada","Jakarta Selatan",4629629.63,12857142.86,FALSE,FALSE,FALSE,FALSE,FALSE,FALSE,FALSE
"JKS0923",1530000000,78,107,3,3,"tidak_ada","Jakarta Selatan",19615384.62,14299065.42,FALSE,FALSE,FALSE,FALSE,FALSE,FALSE,FALSE
"JKS0924",3500000000,169,215,4,4,"ada","Jakarta Selatan",20710059.17,16279069.77,FALSE,FALSE,FALSE,FALSE,FALSE,FALSE,FALSE
"JKS0925",1100000000,65,100,3,3,"ada","Jakarta Selatan",16923076.92,11000000,FALSE,FALSE,FALSE,FALSE,FALSE,FALSE,FALSE
"JKS0926",3700000000,540,350,4,2,"ada","Jakarta Selatan",6851851.85,10571428.57,FALSE,FALSE,FALSE,FALSE,FALSE,FALSE,FALSE
"JKS0927",16000000000,488,550,6,5,"ada","Jakarta Selatan",32786885.25,29090909.09,FALSE,FALSE,FALSE,FALSE,FALSE,FALSE,FALSE
"JKS0928",4500000000,209,270,4,4,"ada","Jakarta Selatan",21531100.48,16666666.67,FALSE,FALSE,FALSE,FALSE,FALSE,FALSE,FALSE
"JKS0929",29000000000,692,400,4,3,"tidak_ada","Jakarta Selatan",41907514.45,72500000,FALSE,FALSE,FALSE,FALSE,FALSE,FALSE,FALSE
"JKS0930",1700000000,102,140,4,3,"tidak_ada","Jakarta Selatan",16666666.67,12142857.14,FALSE,FALSE,FALSE,FALSE,FALSE,FALSE,FALSE
"JKS0931",1250000000,63,110,3,3,"tidak_ada","Jakarta Selatan",19841269.84,11363636.36,FALSE,FALSE,FALSE,FALSE,FALSE,FALSE,FALSE
